pair_id,title_clean,category_tag,similarity_score,poly_market_id,poly_slug,poly_url,kalshi_market_id,kalshi_url,poly_event_url,poly_outcomes_json,poly_token_ids_json,poly_primary_outcome,expiry_poly_utc,expiry_kalshi_utc,resolution_time_utc
1,bruins lightning,sports_fees_v2,1.0,1598483,nhl-tb-bos-2026-04-11,https://polymarket.com/event/nhl-tb-bos-2026-04-11,KXNHLGAME-26APR11TBBOS-BOS,https://kalshi.com/markets/KXNHLGAME-26APR11TBBOS-BOS,https://polymarket.com/event/nhl-tb-bos-2026-04-11,"[""Bruins"", ""Lightning""]","[""61762602389284994273789803744009516808925220753624872280659837922787082019871"", ""12893130411933711330912256669612928732129845153202530056396842841575583897475""]",Bruins,2026-04-11,2026-04-25T16:30:00Z,2026-04-11
2,islanders senators,sports_fees_v2,1.0,1598488,nhl-ott-nyi-2026-04-11,https://polymarket.com/event/nhl-ott-nyi-2026-04-11,KXNHLGAME-26APR11OTTNYI-NYI,https://kalshi.com/markets/KXNHLGAME-26APR11OTTNYI-NYI,https://polymarket.com/event/nhl-ott-nyi-2026-04-11,"[""Islanders"", ""Senators""]","[""107356250625273917750722342127999250674919509689970117132341966738867114146039"", ""70762804782675431216526607015016902082657596196366014730543109716288442206276""]",Islanders,2026-04-11,2026-04-25T17:00:00Z,2026-04-11
3,capitals penguins,sports_fees_v2,1.0,1598493,nhl-wsh-pit-2026-04-11,https://polymarket.com/event/nhl-wsh-pit-2026-04-11,KXNHLGAME-26APR11WSHPIT-WSH,https://kalshi.com/markets/KXNHLGAME-26APR11WSHPIT-WSH,https://polymarket.com/event/nhl-wsh-pit-2026-04-11,"[""Capitals"", ""Penguins""]","[""38790336876998349672405936870846670752712791391811867301936787401225629101116"", ""32958360957052328340324528818953458692611452268808828739476399359559578601421""]",Capitals,2026-04-11,2026-04-25T19:00:00Z,2026-04-11
4,kings oilers,sports_fees_v2,1.0,1598498,nhl-edm-lak-2026-04-11,https://polymarket.com/event/nhl-edm-lak-2026-04-11,KXNHLGAME-26APR11EDMLA-LA,https://kalshi.com/markets/KXNHLGAME-26APR11EDMLA-LA,https://polymarket.com/event/nhl-edm-lak-2026-04-11,"[""Kings"", ""Oilers""]","[""108286447893206814298832368065626429137700769868697924156309139502021323927829"", ""37379785008521510512209427726218296149599787655287261520818291066639723166686""]",Kings,2026-04-11,2026-04-25T20:00:00Z,2026-04-11
5,predators wild,sports_fees_v2,1.0,1598508,nhl-min-nsh-2026-04-11,https://polymarket.com/event/nhl-min-nsh-2026-04-11,KXNHLGAME-26APR11MINNSH-NSH,https://kalshi.com/markets/KXNHLGAME-26APR11MINNSH-NSH,https://polymarket.com/event/nhl-min-nsh-2026-04-11,"[""Predators"", ""Wild""]","[""49330897209302939337333471536355697704429520995631760851552269574457638867022"", ""105949935203964424306285069702193992699195289148254268701393684866033532990940""]",Predators,2026-04-11,2026-04-25T21:00:00Z,2026-04-11
6,rangers stars,sports_fees_v2,1.0,1598513,nhl-nyr-dal-2026-04-11,https://polymarket.com/event/nhl-nyr-dal-2026-04-11,KXNHLGAME-26APR11NYRDAL-NYR,https://kalshi.com/markets/KXNHLGAME-26APR11NYRDAL-NYR,https://polymarket.com/event/nhl-nyr-dal-2026-04-11,"[""Rangers"", ""Stars""]","[""107438262454775876414158432424783414420430003341618580228120488969800960109018"", ""40134815229635716749592261425241344299325888069982205876870262180392271421157""]",Rangers,2026-04-11,2026-04-25T21:00:00Z,2026-04-11
7,devils red wings,sports_fees_v2,1.0,1598518,nhl-nj-det-2026-04-11,https://polymarket.com/event/nhl-nj-det-2026-04-11,KXNHLGAME-26APR11NJDET-NJ,https://kalshi.com/markets/KXNHLGAME-26APR11NJDET-NJ,https://polymarket.com/event/nhl-nj-det-2026-04-11,"[""Devils"", ""Red Wings""]","[""85896746988301653652195266078727192822552182990004226618519800883118168141789"", ""21604907487539831552424797436593310079552558986086848644527173002070576192530""]",Devils,2026-04-11,2026-04-25T21:00:00Z,2026-04-11
8,blackhawks blues,sports_fees_v2,1.0,1598523,nhl-stl-chi-2026-04-11,https://polymarket.com/event/nhl-stl-chi-2026-04-11,KXNHLGAME-26APR11STLCHI-CHI,https://kalshi.com/markets/KXNHLGAME-26APR11STLCHI-CHI,https://polymarket.com/event/nhl-stl-chi-2026-04-11,"[""Blackhawks"", ""Blues""]","[""56811827862663341045492942437372532637109842977440420222239189672907109461137"", ""76334847864488280003793211946849644187854463494488354841816915791646750217933""]",Blackhawks,2026-04-11,2026-04-25T21:00:00Z,2026-04-11
9,flames kraken,sports_fees_v2,1.0,1598528,nhl-cal-sea-2026-04-11,https://polymarket.com/event/nhl-cal-sea-2026-04-11,KXNHLGAME-26APR11CGYSEA-CGY,https://kalshi.com/markets/KXNHLGAME-26APR11CGYSEA-CGY,https://polymarket.com/event/nhl-cal-sea-2026-04-11,"[""Flames"", ""Kraken""]","[""84474628796887321624983256510596592837696772844448834487407854818784376082999"", ""35595276975798804866623747840777435773066659538028065929386428815273921186574""]",Flames,2026-04-11,2026-04-25T23:00:00Z,2026-04-11
10,flyers jets,sports_fees_v2,1.0,1598533,nhl-phi-wpg-2026-04-11,https://polymarket.com/event/nhl-phi-wpg-2026-04-11,KXNHLGAME-26APR11PHIWPG-PHI,https://kalshi.com/markets/KXNHLGAME-26APR11PHIWPG-PHI,https://polymarket.com/event/nhl-phi-wpg-2026-04-11,"[""Flyers"", ""Jets""]","[""59561876533449752584592158440599686474366106377117493663721537577511748395045"", ""30366335554507008475332417180175578925097070588948663783806196926570430567298""]",Flyers,2026-04-11,2026-04-25T23:00:00Z,2026-04-11
11,maple leafs panthers,sports_fees_v2,1.0,1598538,nhl-fla-tor-2026-04-11,https://polymarket.com/event/nhl-fla-tor-2026-04-11,KXNHLGAME-26APR11FLATOR-TOR,https://kalshi.com/markets/KXNHLGAME-26APR11FLATOR-TOR,https://polymarket.com/event/nhl-fla-tor-2026-04-11,"[""Maple Leafs"", ""Panthers""]","[""1966144764708167471926264104407804613777222721203836970329755288601973887130"", ""65958352339025145969875331035024708781542625955718823486939633455090866422756""]",Maple Leafs,2026-04-11,2026-04-25T23:00:00Z,2026-04-11
12,blue jackets canadiens,sports_fees_v2,1.0,1598543,nhl-cbj-mon-2026-04-11,https://polymarket.com/event/nhl-cbj-mon-2026-04-11,KXNHLGAME-26APR11CBJMTL-CBJ,https://kalshi.com/markets/KXNHLGAME-26APR11CBJMTL-CBJ,https://polymarket.com/event/nhl-cbj-mon-2026-04-11,"[""Blue Jackets"", ""Canadiens""]","[""23946749412575053147764646456318806621926359106913839817039656976591511534493"", ""107366658182735795364102746794274912008268530422222187670769697044198283662339""]",Blue Jackets,2026-04-11,2026-04-25T23:00:00Z,2026-04-11
13,boca juniors argentinos juniors independiente,sports_fees_v2,1.0,1744715,arg-boc-ind-2026-04-11-boc,https://polymarket.com/event/arg-boc-ind-2026-04-11-boc,KXARGPREMDIVGAME-26APR11BOCCAI-BOC,https://kalshi.com/markets/KXARGPREMDIVGAME-26APR11BOCCAI-BOC,https://polymarket.com/event/arg-boc-ind-2026-04-11-boc,"[""Yes"", ""No""]","[""57903500581881675478430540622290093955560580163011794773503629203695519264767"", ""36572384544413078409639532408173156058134613601702060175320328161772697406646""]",Yes,2026-04-11,2026-04-25T22:30:00Z,2026-04-11
14,atalanta seattle sounders juventus,sports_fees_v2,1.0,1767284,sea-ata-juv-2026-04-11-ata,https://polymarket.com/event/sea-ata-juv-2026-04-11-ata,KXSERIEAGAME-26APR11ATAJUV-ATA,https://kalshi.com/markets/KXSERIEAGAME-26APR11ATAJUV-ATA,https://polymarket.com/event/sea-ata-juv-2026-04-11-ata,"[""Yes"", ""No""]","[""75985306245724988235248693404535835138196263788472523534075094266694487305219"", ""16975407673689653297781652763952307864196343983756552252325584177192816397434""]",Yes,2026-04-11,2026-04-25T18:45:00Z,2026-04-11
15,bournemouth arsenal,sports_fees_v2,1.0,1770243,epl-ars-bou-2026-04-11-bou,https://polymarket.com/event/epl-ars-bou-2026-04-11-bou,KXEPLGAME-26APR11ARSBOU-ARS,https://kalshi.com/markets/KXEPLGAME-26APR11ARSBOU-ARS,https://polymarket.com/event/epl-ars-bou-2026-04-11-bou,"[""Yes"", ""No""]","[""39663422786196543244785386409591452789118704287207173759986436297691104847387"", ""26271406601543957410174205343641358844288723947186357536890811464719774594319""]",Yes,2026-04-11,2026-04-25T11:30:00Z,2026-04-11
16,fulham liverpool,sports_fees_v2,1.0,1770312,epl-liv-ful-2026-04-11-ful,https://polymarket.com/event/epl-liv-ful-2026-04-11-ful,KXEPLGAME-26APR11LFCFUL-FUL,https://kalshi.com/markets/KXEPLGAME-26APR11LFCFUL-FUL,https://polymarket.com/event/epl-liv-ful-2026-04-11-ful,"[""Yes"", ""No""]","[""69280888947957285988478759973384920232646982105372707217182594680421097360620"", ""6840941163404808899966817068250043757767080169763102912103645618693577013783""]",Yes,2026-04-11,2026-04-25T16:30:00Z,2026-04-11
17,st. pauli bayern munich,sports_fees_v2,1.0,1770321,bun-pau-bay-2026-04-11-pau,https://polymarket.com/event/bun-pau-bay-2026-04-11-pau,KXBUNDESLIGAGAME-26APR11STPBMU-BMU,https://kalshi.com/markets/KXBUNDESLIGAGAME-26APR11STPBMU-BMU,https://polymarket.com/event/bun-pau-bay-2026-04-11-pau,"[""Yes"", ""No""]","[""29838089883858613504479623749896336046819095154579803872196187644981564185794"", ""35576816639391316779725871928582109393119805838405345043438002418552821430871""]",Yes,2026-04-11,2026-04-25T16:30:00Z,2026-04-11
18,liverpool fulham,sports_fees_v2,1.0,1771089,epl-liv-ful-2026-04-11-btts,https://polymarket.com/event/epl-liv-ful-2026-04-11-btts,KXEPLBTTS-26APR11LFCFUL,https://kalshi.com/markets/KXEPLBTTS-26APR11LFCFUL,https://polymarket.com/event/epl-liv-ful-2026-04-11-btts,"[""Yes"", ""No""]","[""69549672481810118511890011517105208451975060348052076131796503356000735411842"", ""65426438877194209567725433930340606973175657214358660144875293576931779275436""]",Yes,2026-04-11,2026-04-25T16:30:00Z,2026-04-11
19,st. pauli bayern munich,sports_fees_v2,1.0,1771099,bun-pau-bay-2026-04-11-btts,https://polymarket.com/event/bun-pau-bay-2026-04-11-btts,KXBUNDESLIGABTTS-26APR11STPBMU,https://kalshi.com/markets/KXBUNDESLIGABTTS-26APR11STPBMU,https://polymarket.com/event/bun-pau-bay-2026-04-11-btts,"[""Yes"", ""No""]","[""85108139477928188061879931917703082798449836610512504866836871682300932293658"", ""71530153247793413666214222098861557961328237108751257621396821448543705297762""]",Yes,2026-04-11,2026-04-25T16:30:00Z,2026-04-11
20,atalanta juventus seattle sounders,sports_fees_v2,1.0,1771123,sea-ata-juv-2026-04-11-btts,https://polymarket.com/event/sea-ata-juv-2026-04-11-btts,KXSERIEABTTS-26APR11ATAJUV,https://kalshi.com/markets/KXSERIEABTTS-26APR11ATAJUV,https://polymarket.com/event/sea-ata-juv-2026-04-11-btts,"[""Yes"", ""No""]","[""47480938659120978365971870036193214885454314565717689749812620725593710757836"", ""94060125652444840080178651502053097485748695410294227503875962723274574099253""]",Yes,2026-04-11,2026-04-25T18:45:00Z,2026-04-11
21,burnley brighton,sports_fees_v2,1.0,1771129,epl-bur-bri-2026-04-11-btts,https://polymarket.com/event/epl-bur-bri-2026-04-11-btts,KXEPLBTTS-26APR11BURBRI,https://kalshi.com/markets/KXEPLBTTS-26APR11BURBRI,https://polymarket.com/event/epl-bur-bri-2026-04-11-btts,"[""Yes"", ""No""]","[""7343002956065348797477050591879345504821832907977010224753033527458920917847"", ""66653710877761314552975078713607817483293249990482832066127135042699577585996""]",Yes,2026-04-11,2026-04-25T14:00:00Z,2026-04-11
22,auxerre nantes ajax,sports_fees_v2,1.0,1771135,fl1-aja-nan-2026-04-11-btts,https://polymarket.com/event/fl1-aja-nan-2026-04-11-btts,KXLIGUE1BTTS-26APR11AUXFCN,https://kalshi.com/markets/KXLIGUE1BTTS-26APR11AUXFCN,https://polymarket.com/event/fl1-aja-nan-2026-04-11-btts,"[""Yes"", ""No""]","[""15773347281619249666493677453240060322476135489065607414840953246550606143909"", ""70203376336668102371614688954987653988089298617255283712161651173603660700430""]",Yes,2026-04-11,2026-04-25T17:00:00Z,2026-04-11
23,milan udinese seattle sounders,sports_fees_v2,1.0,1771155,sea-mil-udi-2026-04-11-btts,https://polymarket.com/event/sea-mil-udi-2026-04-11-btts,KXSERIEABTTS-26APR11ACMUDI,https://kalshi.com/markets/KXSERIEABTTS-26APR11ACMUDI,https://polymarket.com/event/sea-mil-udi-2026-04-11-btts,"[""Yes"", ""No""]","[""113911444406019465894865323013446275060158009603636430873818029345773771369659"", ""35891038083436539108484914197970869387845381505346295009079586307240675458477""]",Yes,2026-04-11,2026-04-25T16:00:00Z,2026-04-11
24,brentford everton,sports_fees_v2,1.0,1771160,epl-bre-eve-2026-04-11-btts,https://polymarket.com/event/epl-bre-eve-2026-04-11-btts,KXEPLBTTS-26APR11BREEVE,https://kalshi.com/markets/KXEPLBTTS-26APR11BREEVE,https://polymarket.com/event/epl-bre-eve-2026-04-11-btts,"[""Yes"", ""No""]","[""2172525420630812272961184252133242339924879380046980182330153630525324955570"", ""72723221367469927252796011825350792613262573031181959820146207402490137624211""]",Yes,2026-04-11,2026-04-25T14:00:00Z,2026-04-11
25,torino verona seattle sounders toronto fc,sports_fees_v2,1.0,1771180,sea-tor-ver-2026-04-11-btts,https://polymarket.com/event/sea-tor-ver-2026-04-11-btts,KXSERIEABTTS-26APR11TORVER,https://kalshi.com/markets/KXSERIEABTTS-26APR11TORVER,https://polymarket.com/event/sea-tor-ver-2026-04-11-btts,"[""Yes"", ""No""]","[""92666533429462992497306068578921916100257480889439871647585236778171152540693"", ""84394150572911125673415086272938158177287561690857235597681245840191489381957""]",Yes,2026-04-11,2026-04-25T13:00:00Z,2026-04-11
26,arsenal bournemouth,sports_fees_v2,1.0,1771186,epl-ars-bou-2026-04-11-btts,https://polymarket.com/event/epl-ars-bou-2026-04-11-btts,KXEPLBTTS-26APR11ARSBOU,https://kalshi.com/markets/KXEPLBTTS-26APR11ARSBOU,https://polymarket.com/event/epl-ars-bou-2026-04-11-btts,"[""Yes"", ""No""]","[""99267861176958677965063426624995777962976554831775511876718533923251103460510"", ""58701178564022846436686661025488385134915715945251431773522194626624177632469""]",Yes,2026-04-11,2026-04-25T11:30:00Z,2026-04-11
27,heidenheim union berlin,sports_fees_v2,1.0,1771254,bun-hei-uni-2026-04-11-btts,https://polymarket.com/event/bun-hei-uni-2026-04-11-btts,KXBUNDESLIGABTTS-26APR11FCHUNI,https://kalshi.com/markets/KXBUNDESLIGABTTS-26APR11FCHUNI,https://polymarket.com/event/bun-hei-uni-2026-04-11-btts,"[""Yes"", ""No""]","[""74583687390556659779339193216662113208472567592004758738446283216502702664260"", ""42431708930943782916777571057542636899747813930128889650781693099738991452133""]",Yes,2026-04-11,2026-04-25T13:30:00Z,2026-04-11
28,espanyol barcelona,sports_fees_v2,1.0,1771811,lal-bar-esp-2026-04-11-esp,https://polymarket.com/event/lal-bar-esp-2026-04-11-esp,KXLALIGAGAME-26APR11BARESP-BAR,https://kalshi.com/markets/KXLALIGAGAME-26APR11BARESP-BAR,https://polymarket.com/event/lal-bar-esp-2026-04-11-esp,"[""Yes"", ""No""]","[""39767095656649264630783425438372390895789661081321391574823969191181185605477"", ""94652112884064014859848182424759576053152225073378112780363144350836415060977""]",Yes,2026-04-11,2026-04-25T16:30:00Z,2026-04-11
29,barcelona espanyol,sports_fees_v2,1.0,1772424,lal-bar-esp-2026-04-11-btts,https://polymarket.com/event/lal-bar-esp-2026-04-11-btts,KXLALIGABTTS-26APR11BARESP,https://kalshi.com/markets/KXLALIGABTTS-26APR11BARESP,https://polymarket.com/event/lal-bar-esp-2026-04-11-btts,"[""Yes"", ""No""]","[""53409041949300457236501398951724568479457581687207588539800343356582121839448"", ""79295864723782202837917380549148206487332111544874926864268898781047701617418""]",Yes,2026-04-11,2026-04-25T16:30:00Z,2026-04-11
30,furia esports leviatan esports lev bayer leverkusen,sports_fees_v2,1.0,1791133,lol-fur-lev-2026-04-06,https://polymarket.com/event/lol-fur-lev-2026-04-06,KXLOLGAME-26APR111200LEVFUR-FUR,https://kalshi.com/markets/KXLOLGAME-26APR111200LEVFUR-FUR,https://polymarket.com/event/lol-fur-lev-2026-04-06,"[""FURIA Esports"", ""Leviatan Esports""]","[""68666826816692156043152560288801503785303124849148749516242256616283547516971"", ""65399022132580734585274611520995269534268709472486526451787324893965056385171""]",FURIA Esports,2026-04-11,2026-04-25T16:00:00Z,2026-04-11
31,jd gaming top esports,sports_fees_v2,1.0,1844456,lol-tes-jdg-2026-04-11,https://polymarket.com/event/lol-tes-jdg-2026-04-11,KXLOLGAME-26APR110700JDGTES-JDG,https://kalshi.com/markets/KXLOLGAME-26APR110700JDGTES-JDG,https://polymarket.com/event/lol-tes-jdg-2026-04-11,"[""JD Gaming"", ""Top Esports""]","[""24234519460456854590358928828455337042435946762185237684920106802460413555220"", ""39821467520177026293297749174745214367945898255651090880786722209632395471785""]",JD Gaming,2026-04-11,2026-04-25T11:00:00Z,2026-04-11
32,lg twins ssg landers,sports_fees_v2,1.0,1877467,kbo-ssg-lg-2026-04-11,https://polymarket.com/event/kbo-ssg-lg-2026-04-11,KXKBOGAME-26APR110400SSGLG-LG,https://kalshi.com/markets/KXKBOGAME-26APR110400SSGLG-LG,https://polymarket.com/event/kbo-ssg-lg-2026-04-11,"[""LG Twins"", ""SSG Landers""]","[""48981813348462482975060281193448766873274074107055188969999601363369444178681"", ""81197697107404948658712483973196822113875009633693226259599485835782250660983""]",LG Twins,2026-04-18,2026-04-14T14:00:00Z,2026-04-18
33,nc dinos samsung lions,sports_fees_v2,1.0,1877462,kbo-nc-sam-2026-04-11,https://polymarket.com/event/kbo-nc-sam-2026-04-11,KXKBOGAME-26APR110400NCDSAM-NCD,https://kalshi.com/markets/KXKBOGAME-26APR110400NCDSAM-NCD,https://polymarket.com/event/kbo-nc-sam-2026-04-11,"[""NC Dinos"", ""Samsung Lions""]","[""10477058568741099573192596499442388054848913505440873755377454503378613548837"", ""87743658255408259850687628327931063038484804911551389851691648919243909161312""]",NC Dinos,2026-04-18,2026-04-14T14:00:00Z,2026-04-18
34,doosan bears kt wiz,sports_fees_v2,1.0,1877464,kbo-doo-kt-2026-04-11,https://polymarket.com/event/kbo-doo-kt-2026-04-11,KXKBOGAME-26APR110400DOOKTW-DOO,https://kalshi.com/markets/KXKBOGAME-26APR110400DOOKTW-DOO,https://polymarket.com/event/kbo-doo-kt-2026-04-11,"[""Doosan Bears"", ""KT Wiz""]","[""75296861519277973906732860729705979915256139427832549728873463674945165440155"", ""60024661357917074599381196828189469560064273373134578306921240934930337357312""]",Doosan Bears,2026-04-18,2026-04-14T14:00:00Z,2026-04-18
35,kiwoom heroes lotte giants,sports_fees_v2,1.0,1877465,kbo-lot-kiw-2026-04-11,https://polymarket.com/event/kbo-lot-kiw-2026-04-11,KXKBOGAME-26APR110400LOTKIW-KIW,https://kalshi.com/markets/KXKBOGAME-26APR110400LOTKIW-KIW,https://polymarket.com/event/kbo-lot-kiw-2026-04-11,"[""Kiwoom Heroes"", ""Lotte Giants""]","[""70878262530204071864057339292620620386564381490450016522337051566257562270519"", ""17697743142304011668940863877707774095144518895134265550167237151633146946239""]",Kiwoom Heroes,2026-04-18,2026-04-14T14:00:00Z,2026-04-18
36,hanwha eagles kia tigers,sports_fees_v2,1.0,1877466,kbo-kia-han-2026-04-11,https://polymarket.com/event/kbo-kia-han-2026-04-11,KXKBOGAME-26APR110400KIAHAN-HAN,https://kalshi.com/markets/KXKBOGAME-26APR110400KIAHAN-HAN,https://polymarket.com/event/kbo-kia-han-2026-04-11,"[""Hanwha Eagles"", ""Kia Tigers""]","[""57632350454814733011862890770744728665282328111709113959250364241770434538278"", ""105197350392849975626907114060203193776985209628378997386499787104381572055934""]",Hanwha Eagles,2026-04-18,2026-04-14T14:00:00Z,2026-04-18
37,cubs pirates,sports_fees_v2,1.0,1860403,mlb-pit-chc-2026-04-10,https://polymarket.com/event/mlb-pit-chc-2026-04-10,KXMLBGAME-26APR101420PITCHC-CHC,https://kalshi.com/markets/KXMLBGAME-26APR101420PITCHC-CHC,https://polymarket.com/event/mlb-pit-chc-2026-04-10,"[""Chicago Cubs"", ""Pittsburgh Pirates""]","[""5144956057357119855711798915403647972383468747682270694225635373233067803800"", ""21854390042885899497573535903652216392353145589484936152336505378386137334022""]",Chicago Cubs,2026-04-17,2026-04-13T14:00:00Z,2026-04-17
38,cubs pirates,sports_fees_v2,1.0,1877577,mlb-pit-chc-2026-04-11,https://polymarket.com/event/mlb-pit-chc-2026-04-11,KXMLBGAME-26APR111420PITCHC-CHC,https://kalshi.com/markets/KXMLBGAME-26APR111420PITCHC-CHC,https://polymarket.com/event/mlb-pit-chc-2026-04-11,"[""Chicago Cubs"", ""Pittsburgh Pirates""]","[""21337100341200482070557317060891033680864314822118609409777698884449926328557"", ""16217042692189579536301106586411247578544122482537687240092809405011242899156""]",Chicago Cubs,2026-04-18,2026-04-14T14:00:00Z,2026-04-18
39,tigers marlins,sports_fees_v2,1.0,1860405,mlb-mia-det-2026-04-10,https://polymarket.com/event/mlb-mia-det-2026-04-10,KXMLBGAME-26APR101840MIADET-DET,https://kalshi.com/markets/KXMLBGAME-26APR101840MIADET-DET,https://polymarket.com/event/mlb-mia-det-2026-04-10,"[""Detroit Tigers"", ""Miami Marlins""]","[""57796530258571118809714509861661697154774127994028331661722212697226345158279"", ""45507086413678005743283594303196770649728015368302308539996032314734578698453""]",Detroit Tigers,2026-04-17,2026-04-13T14:00:00Z,2026-04-17
40,tigers marlins,sports_fees_v2,1.0,1877575,mlb-mia-det-2026-04-11,https://polymarket.com/event/mlb-mia-det-2026-04-11,KXMLBGAME-26APR111310MIADET-DET,https://kalshi.com/markets/KXMLBGAME-26APR111310MIADET-DET,https://polymarket.com/event/mlb-mia-det-2026-04-11,"[""Detroit Tigers"", ""Miami Marlins""]","[""36968084657941561937545670513963904419783734017475773924416985959101480944424"", ""105119658528542618941992608872718221933226749093617503221610671509898301910678""]",Detroit Tigers,2026-04-18,2026-04-14T14:00:00Z,2026-04-18
41,diamondbacks phillies,sports_fees_v2,1.0,1860407,mlb-ari-phi-2026-04-10,https://polymarket.com/event/mlb-ari-phi-2026-04-10,KXMLBGAME-26APR101840AZPHI-AZ,https://kalshi.com/markets/KXMLBGAME-26APR101840AZPHI-AZ,https://polymarket.com/event/mlb-ari-phi-2026-04-10,"[""Arizona Diamondbacks"", ""Philadelphia Phillies""]","[""79146652206316360482925580173225678087925377818558533509565008097016038367169"", ""99043356119781029031951916736017735198980924787928857804377426498713505155054""]",Arizona Diamondbacks,2026-04-17,2026-04-13T14:00:00Z,2026-04-17
42,diamondbacks phillies,sports_fees_v2,1.0,1877573,mlb-ari-phi-2026-04-11,https://polymarket.com/event/mlb-ari-phi-2026-04-11,KXMLBGAME-26APR111305AZPHI-AZ,https://kalshi.com/markets/KXMLBGAME-26APR111305AZPHI-AZ,https://polymarket.com/event/mlb-ari-phi-2026-04-11,"[""Arizona Diamondbacks"", ""Philadelphia Phillies""]","[""4931042854470791933974732960604667881015164811129239347625051166194287216857"", ""90123270813109776910574089159277183295440722951796823158441289748652861612363""]",Arizona Diamondbacks,2026-04-18,2026-04-14T14:00:00Z,2026-04-18
43,reds angels,sports_fees_v2,1.0,1860409,mlb-laa-cin-2026-04-10,https://polymarket.com/event/mlb-laa-cin-2026-04-10,KXMLBGAME-26APR101845LAACIN-CIN,https://kalshi.com/markets/KXMLBGAME-26APR101845LAACIN-CIN,https://polymarket.com/event/mlb-laa-cin-2026-04-10,"[""Cincinnati Reds"", ""Los Angeles Angels""]","[""7253239084039025643994405215269235389848977553079683219328303048282108903413"", ""1994634904486167953061623820151171602574392666051922448440504059521406666030""]",Cincinnati Reds,2026-04-17,2026-04-13T14:00:00Z,2026-04-17
44,reds angels,sports_fees_v2,1.0,1877587,mlb-laa-cin-2026-04-11,https://polymarket.com/event/mlb-laa-cin-2026-04-11,KXMLBGAME-26APR111610LAACIN-CIN,https://kalshi.com/markets/KXMLBGAME-26APR111610LAACIN-CIN,https://polymarket.com/event/mlb-laa-cin-2026-04-11,"[""Cincinnati Reds"", ""Los Angeles Angels""]","[""38369218018647209567017772123928986090694914166139766713978455273761449287571"", ""97844153089719065536948655467265403844309371112299944362667909040877345181087""]",Cincinnati Reds,2026-04-18,2026-04-14T14:00:00Z,2026-04-18
45,twins blue jays,sports_fees_v2,1.0,1860412,mlb-min-tor-2026-04-10,https://polymarket.com/event/mlb-min-tor-2026-04-10,KXMLBGAME-26APR101907MINTOR-MIN,https://kalshi.com/markets/KXMLBGAME-26APR101907MINTOR-MIN,https://polymarket.com/event/mlb-min-tor-2026-04-10,"[""Minnesota Twins"", ""Toronto Blue Jays""]","[""50676346832055981847448669408163916292883461969426990029377206959243225358651"", ""61092257935882171093972987599322671280515248627468961003759409800448903466755""]",Minnesota Twins,2026-04-17,2026-04-13T14:00:00Z,2026-04-17
46,twins blue jays,sports_fees_v2,1.0,1877579,mlb-min-tor-2026-04-11,https://polymarket.com/event/mlb-min-tor-2026-04-11,KXMLBGAME-26APR111507MINTOR-MIN,https://kalshi.com/markets/KXMLBGAME-26APR111507MINTOR-MIN,https://polymarket.com/event/mlb-min-tor-2026-04-11,"[""Minnesota Twins"", ""Toronto Blue Jays""]","[""42502915853049556162067028079141118841982304711165689849081091786539358380418"", ""103275796662418350877680466461635055024439073764753052242878871162349916047670""]",Minnesota Twins,2026-04-18,2026-04-14T14:00:00Z,2026-04-18
47,athletics mets,sports_fees_v2,1.0,1860414,mlb-oak-nym-2026-04-10,https://polymarket.com/event/mlb-oak-nym-2026-04-10,KXMLBGAME-26APR101910ATHNYM-ATH,https://kalshi.com/markets/KXMLBGAME-26APR101910ATHNYM-ATH,https://polymarket.com/event/mlb-oak-nym-2026-04-10,"[""Athletics"", ""New York Mets""]","[""41106165329573011732502109701036447811641910412589739754980315600963068492165"", ""66204664148844953247446504333504304787636303318728174737417716157239783433414""]",Athletics,2026-04-17,2026-04-13T14:00:00Z,2026-04-17
48,athletics mets,sports_fees_v2,1.0,1877591,mlb-oak-nym-2026-04-11,https://polymarket.com/event/mlb-oak-nym-2026-04-11,KXMLBGAME-26APR111610ATHNYM-ATH,https://kalshi.com/markets/KXMLBGAME-26APR111610ATHNYM-ATH,https://polymarket.com/event/mlb-oak-nym-2026-04-11,"[""Athletics"", ""New York Mets""]","[""37695348339828914639361433903232537051142347356879978396050377064706667514723"", ""69858169828868082275726890795594318406828849945627437856108285084928442333702""]",Athletics,2026-04-18,2026-04-14T14:00:00Z,2026-04-18
49,yankees rays,sports_fees_v2,1.0,1860417,mlb-nyy-tb-2026-04-10,https://polymarket.com/event/mlb-nyy-tb-2026-04-10,KXMLBGAME-26APR101910NYYTB-NYY,https://kalshi.com/markets/KXMLBGAME-26APR101910NYYTB-NYY,https://polymarket.com/event/mlb-nyy-tb-2026-04-10,"[""New York Yankees"", ""Tampa Bay Rays""]","[""43438847190427186623613317325835002862232928789867803858176123514575506089908"", ""81409630312667082827298939036908363693935105088757809905269265599699724791277""]",New York Yankees,2026-04-17,2026-04-13T14:00:00Z,2026-04-17
50,yankees rays,sports_fees_v2,1.0,1877593,mlb-nyy-tb-2026-04-11,https://polymarket.com/event/mlb-nyy-tb-2026-04-11,KXMLBGAME-26APR111810NYYTB-NYY,https://kalshi.com/markets/KXMLBGAME-26APR111810NYYTB-NYY,https://polymarket.com/event/mlb-nyy-tb-2026-04-11,"[""New York Yankees"", ""Tampa Bay Rays""]","[""49676198626021457498953335900037160290760783555377843852948288448941337274477"", ""62628880923179311072962703708453531911965638120708190342358397952117174237137""]",New York Yankees,2026-04-18,2026-04-14T14:00:00Z,2026-04-18
51,braves guardians,sports_fees_v2,1.0,1860419,mlb-cle-atl-2026-04-10,https://polymarket.com/event/mlb-cle-atl-2026-04-10,KXMLBGAME-26APR101915CLEATL-ATL,https://kalshi.com/markets/KXMLBGAME-26APR101915CLEATL-ATL,https://polymarket.com/event/mlb-cle-atl-2026-04-10,"[""Atlanta Braves"", ""Cleveland Guardians""]","[""43298825043965864828741747623491724168908569362486003050465709046671637504977"", ""24705093302247354555421660334424307282524701203811715774291904749124211293795""]",Atlanta Braves,2026-04-17,2026-04-13T14:00:00Z,2026-04-17
52,braves guardians,sports_fees_v2,1.0,1877597,mlb-cle-atl-2026-04-11,https://polymarket.com/event/mlb-cle-atl-2026-04-11,KXMLBGAME-26APR111915CLEATL-ATL,https://kalshi.com/markets/KXMLBGAME-26APR111915CLEATL-ATL,https://polymarket.com/event/mlb-cle-atl-2026-04-11,"[""Atlanta Braves"", ""Cleveland Guardians""]","[""6605620860925149784188082182447186243414162576159231161455193801524238901906"", ""50173670065050464781489172110969639395154892613104989687468094276117214150049""]",Atlanta Braves,2026-04-18,2026-04-14T14:00:00Z,2026-04-18
53,orioles giants,sports_fees_v2,1.0,1860421,mlb-sf-bal-2026-04-10,https://polymarket.com/event/mlb-sf-bal-2026-04-10,KXMLBGAME-26APR101915SFBAL-BAL,https://kalshi.com/markets/KXMLBGAME-26APR101915SFBAL-BAL,https://polymarket.com/event/mlb-sf-bal-2026-04-10,"[""Baltimore Orioles"", ""San Francisco Giants""]","[""56898100509078871299720299905356932362886055779894692076787085732131062977637"", ""59448472052958519795340542285929653501275640894802245479795968647132077790894""]",Baltimore Orioles,2026-04-17,2026-04-13T14:00:00Z,2026-04-17
54,orioles giants,sports_fees_v2,1.0,1877599,mlb-sf-bal-2026-04-11,https://polymarket.com/event/mlb-sf-bal-2026-04-11,KXMLBGAME-26APR111915SFBAL-BAL,https://kalshi.com/markets/KXMLBGAME-26APR111915SFBAL-BAL,https://polymarket.com/event/mlb-sf-bal-2026-04-11,"[""Baltimore Orioles"", ""San Francisco Giants""]","[""113546952612862257255292529005270570857116917874241268011135043161569635635622"", ""28054777129735981908578003108489117970594235120010796564333573532016912249047""]",Baltimore Orioles,2026-04-18,2026-04-14T14:00:00Z,2026-04-18
55,white sox royals,sports_fees_v2,1.0,1860423,mlb-cws-kc-2026-04-10,https://polymarket.com/event/mlb-cws-kc-2026-04-10,KXMLBGAME-26APR101940CWSKC-CWS,https://kalshi.com/markets/KXMLBGAME-26APR101940CWSKC-CWS,https://polymarket.com/event/mlb-cws-kc-2026-04-10,"[""Chicago White Sox"", ""Kansas City Royals""]","[""30924005780348248909316629276505651126479124031889435069087095764485854155229"", ""65944340813984764886652395633397755873526720574378558896532334373668819537321""]",Chicago White Sox,2026-04-17,2026-04-13T14:00:00Z,2026-04-17
56,white sox royals,sports_fees_v2,1.0,1877589,mlb-cws-kc-2026-04-11,https://polymarket.com/event/mlb-cws-kc-2026-04-11,KXMLBGAME-26APR111610CWSKC-CWS,https://kalshi.com/markets/KXMLBGAME-26APR111610CWSKC-CWS,https://polymarket.com/event/mlb-cws-kc-2026-04-11,"[""Chicago White Sox"", ""Kansas City Royals""]","[""2197601173474707361326811890074051707186847797840302528506463636097964121208"", ""7769493316558286453012041336870920217592556473232915012124863926075721165587""]",Chicago White Sox,2026-04-18,2026-04-14T14:00:00Z,2026-04-18
57,brewers nationals,sports_fees_v2,1.0,1860425,mlb-wsh-mil-2026-04-10,https://polymarket.com/event/mlb-wsh-mil-2026-04-10,KXMLBGAME-26APR101940WSHMIL-MIL,https://kalshi.com/markets/KXMLBGAME-26APR101940WSHMIL-MIL,https://polymarket.com/event/mlb-wsh-mil-2026-04-10,"[""Milwaukee Brewers"", ""Washington Nationals""]","[""91724964385142655972716823751507941496158308469762355792628450722053462343448"", ""50785904672758323875068754775226184593344258045153965448950436899486248002568""]",Milwaukee Brewers,2026-04-17,2026-04-13T14:00:00Z,2026-04-17
58,brewers nationals,sports_fees_v2,1.0,1877595,mlb-wsh-mil-2026-04-11,https://polymarket.com/event/mlb-wsh-mil-2026-04-11,KXMLBGAME-26APR111910WSHMIL-MIL,https://kalshi.com/markets/KXMLBGAME-26APR111910WSHMIL-MIL,https://polymarket.com/event/mlb-wsh-mil-2026-04-11,"[""Milwaukee Brewers"", ""Washington Nationals""]","[""74784713794172137832807832852402160680713105424691998552675596491016543972113"", ""28649990681830227335787966292598915765350037658015126397942269197258950100014""]",Milwaukee Brewers,2026-04-18,2026-04-14T14:00:00Z,2026-04-18
59,red sox cardinals,sports_fees_v2,1.0,1860428,mlb-bos-stl-2026-04-10,https://polymarket.com/event/mlb-bos-stl-2026-04-10,KXMLBGAME-26APR111915BOSSTL-BOS,https://kalshi.com/markets/KXMLBGAME-26APR111915BOSSTL-BOS,https://polymarket.com/event/mlb-bos-stl-2026-04-10,"[""Boston Red Sox"", ""St. Louis Cardinals""]","[""69022160587175198490503059715201637092551435447547026130764268639941209922896"", ""25272803947353836980984194637531045895892052733274248680578341692083854391452""]",Boston Red Sox,2026-04-18,2026-04-14T14:00:00Z,2026-04-18
60,rockies padres,sports_fees_v2,1.0,1860430,mlb-col-sd-2026-04-10,https://polymarket.com/event/mlb-col-sd-2026-04-10,KXMLBGAME-26APR112040COLSD-COL,https://kalshi.com/markets/KXMLBGAME-26APR112040COLSD-COL,https://polymarket.com/event/mlb-col-sd-2026-04-10,"[""Colorado Rockies"", ""San Diego Padres""]","[""29113880134236219239968340991984855481101809241823842649828380931041732703482"", ""84846935699157621467367722729317755873436246476144247875843342808106477316420""]",Colorado Rockies,2026-04-18,2026-04-14T14:00:00Z,2026-04-18
61,astros mariners,sports_fees_v2,1.0,1860435,mlb-hou-sea-2026-04-10,https://polymarket.com/event/mlb-hou-sea-2026-04-10,KXMLBGAME-26APR112140HOUSEA-HOU,https://kalshi.com/markets/KXMLBGAME-26APR112140HOUSEA-HOU,https://polymarket.com/event/mlb-hou-sea-2026-04-10,"[""Houston Astros"", ""Seattle Mariners""]","[""9978173237728483229177169637315213180219279538877826240917630870183646434206"", ""87725371456515219241414399519384896173574865203192176786912324105920896153993""]",Houston Astros,2026-04-18,2026-04-14T14:00:00Z,2026-04-18
62,dodgers rangers,sports_fees_v2,1.0,1860437,mlb-tex-lad-2026-04-10,https://polymarket.com/event/mlb-tex-lad-2026-04-10,KXMLBGAME-26APR112110TEXLAD-LAD,https://kalshi.com/markets/KXMLBGAME-26APR112110TEXLAD-LAD,https://polymarket.com/event/mlb-tex-lad-2026-04-10,"[""Los Angeles Dodgers"", ""Texas Rangers""]","[""72519142109348165762238956813810475240690683787619523285687459534148214121789"", ""99237965040716747156198706150009093244910918607150806774948813739478780304538""]",Los Angeles Dodgers,2026-04-18,2026-04-14T14:00:00Z,2026-04-18
63,punjab kings sunrisers hyderabad,sports_fees_v2,1.0,1862662,cricipl-pun-sun-2026-04-11,https://polymarket.com/event/cricipl-pun-sun-2026-04-11,KXIPLGAME-26APR11SRHPBKS-PBKS,https://kalshi.com/markets/KXIPLGAME-26APR11SRHPBKS-PBKS,https://polymarket.com/event/cricipl-pun-sun-2026-04-11,"[""Punjab Kings"", ""Sunrisers Hyderabad""]","[""10648324313356734184408668122297191619496712453974096521255892725895256959781"", ""48283432360872020302710271429094802849659351860302898668876727595129751589080""]",Punjab Kings,2026-04-18,2026-04-14T10:00:00Z,2026-04-18
64,chennai super kings delhi capitals delano,sports_fees_v2,1.0,1862678,cricipl-che-del-2026-04-11,https://polymarket.com/event/cricipl-che-del-2026-04-11,KXIPLGAME-26APR11DCCSK-CSK,https://kalshi.com/markets/KXIPLGAME-26APR11DCCSK-CSK,https://polymarket.com/event/cricipl-che-del-2026-04-11,"[""Chennai Super Kings"", ""Delhi Capitals""]","[""20419820857513945432494428949205329164283425496033025101422550334134195227358"", ""61757475561471594974289936379080596691868900260143838907749321330904750350562""]",Chennai Super Kings,2026-04-18,2026-04-14T14:00:00Z,2026-04-18
65,kiwoom drx nongshim red force drx,sports_fees_v2,1.0,1867338,lol-ns-drx-2026-04-11,https://polymarket.com/event/lol-ns-drx-2026-04-11,KXLOLGAME-26APR110400DRXNS-DRX,https://kalshi.com/markets/KXLOLGAME-26APR110400DRXNS-DRX,https://polymarket.com/event/lol-ns-drx-2026-04-11,"[""Kiwoom DRX"", ""Nongshim Red Force""]","[""17179002941737906551083495565031501498965867374733821387323277061867404660358"", ""109740081789557919093549117082521954019078339223780009562806524433494058923638""]",Kiwoom DRX,2026-04-11,2026-04-25T08:00:00Z,2026-04-11
66,rapids rockford icehogs,sports_fees_v2,1.0,1879177,ahl-roc-gra-2026-04-11,https://polymarket.com/event/ahl-roc-gra-2026-04-11,KXAHLGAME-26APR111900ROCGRA-GRA,https://kalshi.com/markets/KXAHLGAME-26APR111900ROCGRA-GRA,https://polymarket.com/event/ahl-roc-gra-2026-04-11,"[""Grand Rapids Griffins"", ""Rockford IceHogs""]","[""107569261238023057025154428994456825953265953927385560261821667584796588142594"", ""105372032722596147895944617756982693769814348045419634470130843563750961604317""]",Grand Rapids Griffins,2026-04-11,2026-04-25T23:00:00Z,2026-04-11
67,rochester americans providence bruins procházka,sports_fees_v2,1.0,1879178,ahl-roc1-pro-2026-04-11,https://polymarket.com/event/ahl-roc1-pro-2026-04-11,KXAHLGAME-26APR111905ROCPRO-ROC,https://kalshi.com/markets/KXAHLGAME-26APR111905ROCPRO-ROC,https://polymarket.com/event/ahl-roc1-pro-2026-04-11,"[""Rochester Americans"", ""Providence Bruins""]","[""29246023446485620188522183775689500134419599592950326983413404537690254453986"", ""4261032202981906245549622112343606742970941147782146012933488425526388172184""]",Rochester Americans,2026-04-11,2026-04-25T23:05:00Z,2026-04-11
68,islanders lehigh valley phantoms,sports_fees_v2,1.0,1879179,ahl-bri-leh-2026-04-11,https://polymarket.com/event/ahl-bri-leh-2026-04-11,KXAHLGAME-26APR111905BRILEH-BRI,https://kalshi.com/markets/KXAHLGAME-26APR111905BRILEH-BRI,https://polymarket.com/event/ahl-bri-leh-2026-04-11,"[""Bridgeport Islanders"", ""Lehigh Valley Phantoms""]","[""111201663667856850264860656000521196467360027776445016709905329590503172259408"", ""95476766792827895422763232498071305106478824462210632729025567589743273968697""]",Bridgeport Islanders,2026-04-11,2026-04-25T23:05:00Z,2026-04-11
69,cleveland wilkes-barre/scranton penguins penguins cavaliers guardians browns,sports_fees_v2,1.0,1879182,ahl-cle-wil-2026-04-11,https://polymarket.com/event/ahl-cle-wil-2026-04-11,KXAHLGAME-26APR111805CLEWIL-WIL,https://kalshi.com/markets/KXAHLGAME-26APR111805CLEWIL-WIL,https://polymarket.com/event/ahl-cle-wil-2026-04-11,"[""Cleveland Monsters"", ""Wilkes-Barre/Scranton Penguins""]","[""90039914450409065284544067826615657840375676888284516490773070636097560688462"", ""64781381490009564311904759168942203787712990245284843887334743755804959206166""]",Cleveland Monsters,2026-04-11,2026-04-25T22:05:00Z,2026-04-11
70,mvk esports gam esports gamrot,sports_fees_v2,1.0,1893808,lol-mvk-gam-2026-04-11,https://polymarket.com/event/lol-mvk-gam-2026-04-11,KXLOLGAME-26APR110730GAMMVK-MVK,https://kalshi.com/markets/KXLOLGAME-26APR110730GAMMVK-MVK,https://polymarket.com/event/lol-mvk-gam-2026-04-11,"[""MVK Esports"", ""GAM Esports""]","[""2855911679783320191609810605601575839155369755632484399226365603442819014546"", ""55501698866596438227644969314654025596987095826300931814381277627283047304089""]",MVK Esports,2026-04-11,2026-04-25T11:30:00Z,2026-04-11
71,g2 esports team vitality,sports_fees_v2,1.0,1893865,lol-g2-vit-2026-04-11,https://polymarket.com/event/lol-g2-vit-2026-04-11,KXLOLGAME-26APR111015VITG2-G2,https://kalshi.com/markets/KXLOLGAME-26APR111015VITG2-G2,https://polymarket.com/event/lol-g2-vit-2026-04-11,"[""G2 Esports"", ""Team Vitality""]","[""75402608914449967250207624471898011372340723735500711563328146206037449546807"", ""64525848286537441921079050725487818343167363564531620604907539142839323486543""]",G2 Esports,2026-04-11,2026-04-25T14:15:00Z,2026-04-11
72,movistar koi sk gaming,sports_fees_v2,1.0,1893890,lol-mkoi-sk-2026-04-11,https://polymarket.com/event/lol-mkoi-sk-2026-04-11,KXLOLGAME-26APR111230SKMKOI-MKOI,https://kalshi.com/markets/KXLOLGAME-26APR111230SKMKOI-MKOI,https://polymarket.com/event/lol-mkoi-sk-2026-04-11,"[""Movistar KOI"", ""SK Gaming""]","[""31906469099449047730529600307979636156253668442432748583975976844841044458440"", ""112788237035509707896305230841308765989668514456757258845221099805786582402170""]",Movistar KOI,2026-04-11,2026-04-25T16:30:00Z,2026-04-11
73,shopify rebellion team liquid,sports_fees_v2,1.0,1902251,lol-sr-tl2-2026-04-11,https://polymarket.com/event/lol-sr-tl2-2026-04-11,KXLOLGAME-26APR111600TLSR-SR,https://kalshi.com/markets/KXLOLGAME-26APR111600TLSR-SR,https://polymarket.com/event/lol-sr-tl2-2026-04-11,"[""Shopify Rebellion"", ""Team Liquid""]","[""6995985558068240077510098377499512558435173645076011945527338827949545495396"", ""96191914550550802487459537717892801285521545772668856458638037711620026161604""]",Shopify Rebellion,2026-04-12,2026-04-25T20:00:00Z,2026-04-12
74,dignitas lyon,sports_fees_v2,1.0,1902285,lol-dig-ly-2026-04-11,https://polymarket.com/event/lol-dig-ly-2026-04-11,KXLOLGAME-26APR111900LYDIG-DIG,https://kalshi.com/markets/KXLOLGAME-26APR111900LYDIG-DIG,https://polymarket.com/event/lol-dig-ly-2026-04-11,"[""Dignitas"", ""LYON""]","[""114229746823312055999385322780365170715453368679310647684142898415242156926787"", ""12272062528006814893334692273451903630377355572928024503422009455393240253956""]",Dignitas,2026-04-12,2026-04-25T23:00:00Z,2026-04-12
75,furia esports loud,sports_fees_v2,1.0,1918010,r6siege-loud-furia-2026-04-11,https://polymarket.com/event/r6siege-loud-furia-2026-04-11,KXR6GAME-26APR111545FURIALOUD-FURIA,https://kalshi.com/markets/KXR6GAME-26APR111545FURIALOUD-FURIA,https://polymarket.com/event/r6siege-loud-furia-2026-04-11,"[""FURIA Esports"", ""LOUD""]","[""39501771800724474561034288728948737737150330486801273374815758099723248926137"", ""88045516864121988383947667416899270106500782984460947830414905494131318699789""]",FURIA Esports,2026-04-12,2026-04-25T19:45:00Z,2026-04-12
76,andreeva cirstea,sports_fees_v2,1.0,1922213,wta-andreev-cirstea-2026-04-10,https://polymarket.com/event/wta-andreev-cirstea-2026-04-10,KXWTAMATCH-26APR10ANDCIR-AND,https://kalshi.com/markets/KXWTAMATCH-26APR10ANDCIR-AND,https://polymarket.com/event/wta-andreev-cirstea-2026-04-10,"[""Mirra Andreeva"", ""Sorana Cirstea""]","[""110133600063766679374447941427411115565317579568627591374470337024002381934097"", ""20750699192562841637115511596124851208733613545787709069219250097203105708394""]",Mirra Andreeva,2026-04-17,2026-04-24T12:00:00Z,2026-04-17
77,midon varillas,sports_fees_v2,1.0,1922219,atp-midon-varilla-2026-04-10,https://polymarket.com/event/atp-midon-varilla-2026-04-10,KXATPCHALLENGERMATCH-26APR10MIDVAR-VAR,https://kalshi.com/markets/KXATPCHALLENGERMATCH-26APR10MIDVAR-VAR,https://polymarket.com/event/atp-midon-varilla-2026-04-10,"[""Juan Pablo Varillas"", ""Lautaro Midon""]","[""89928086874647619712455388158294425084120413810634948377292874201133102935155"", ""63230904947766416183455065710935418423832684251957609213268856494388199014831""]",Juan Pablo Varillas,2026-04-17,2026-04-24T16:00:00Z,2026-04-17
78,glinka andrade,sports_fees_v2,1.0,1922220,atp-glinka-andrade-2026-04-10,https://polymarket.com/event/atp-glinka-andrade-2026-04-10,KXATPCHALLENGERMATCH-26APR10GLIAND-AND,https://kalshi.com/markets/KXATPCHALLENGERMATCH-26APR10GLIAND-AND,https://polymarket.com/event/atp-glinka-andrade-2026-04-10,"[""Andres Andrade"", ""Daniil Glinka""]","[""8880957830093204404367783435950964232518368539457995487954603186860492022191"", ""111110227616217610251546239263257047716715945649952302177897996826746633262666""]",Andres Andrade,2026-04-17,2026-04-24T16:00:00Z,2026-04-17
79,napolitano schoolkate,sports_fees_v2,1.0,1922221,atp-napolit-schoolk-2026-04-10,https://polymarket.com/event/atp-napolit-schoolk-2026-04-10,KXATPCHALLENGERMATCH-26APR10NAPSCH-NAP,https://kalshi.com/markets/KXATPCHALLENGERMATCH-26APR10NAPSCH-NAP,https://polymarket.com/event/atp-napolit-schoolk-2026-04-10,"[""Stefano Napolitano"", ""Tristan Schoolkate""]","[""43672449392819881927499068675237757750089202471569402864741349690244573531670"", ""123624476279152282143288494920719280054404964441610815544150714845069181611""]",Stefano Napolitano,2026-04-17,2026-04-24T21:00:00Z,2026-04-17
80,duckworth zhukayev,sports_fees_v2,1.0,1924250,atp-duckwor-zhukaye-2026-04-10,https://polymarket.com/event/atp-duckwor-zhukaye-2026-04-10,KXATPCHALLENGERMATCH-26APR10DUCZHU-ZHU,https://kalshi.com/markets/KXATPCHALLENGERMATCH-26APR10DUCZHU-ZHU,https://polymarket.com/event/atp-duckwor-zhukaye-2026-04-10,"[""Beibit Zhukayev"", ""James Duckworth""]","[""78946247143788925585136812800667095942797748957222381193722241379089779546456"", ""102115725140497740827377499075823707880709390164609914150212417993972944494368""]",Beibit Zhukayev,2026-04-17,2026-04-24T18:00:00Z,2026-04-17
81,dias meza,sports_fees_v2,1.0,1924262,atp-dias-meza-2026-04-10,https://polymarket.com/event/atp-dias-meza-2026-04-10,KXATPCHALLENGERMATCH-26APR10BOSGUI-GUI,https://kalshi.com/markets/KXATPCHALLENGERMATCH-26APR10BOSGUI-GUI,https://polymarket.com/event/atp-dias-meza-2026-04-10,"[""Alvaro Guillen Meza"", ""Pedro Boscardin Dias""]","[""35490445162506344425524732385639872867308815546321301897868855860014825255135"", ""112788791549578335905166523366941445409872091716078042397187828688464681534079""]",Alvaro Guillen Meza,2026-04-17,2026-04-24T15:10:00Z,2026-04-17
82,basavareddy dostanic,sports_fees_v2,1.0,1924268,atp-basavar-dostani-2026-04-10,https://polymarket.com/event/atp-basavar-dostani-2026-04-10,KXATPCHALLENGERMATCH-26APR10BASDOS-BAS,https://kalshi.com/markets/KXATPCHALLENGERMATCH-26APR10BASDOS-BAS,https://polymarket.com/event/atp-basavar-dostani-2026-04-10,"[""Nishesh Basavareddy"", ""Stefan Dostanic""]","[""31149452743564411746833573233516838165720848178079901859120020554006824735120"", ""106199477879941351624257489607906618375890563548649619986084264304884346507044""]",Nishesh Basavareddy,2026-04-17,2026-04-24T17:10:00Z,2026-04-17
83,dragon ranger gaming edward gaming valentin,sports_fees_v2,1.0,1928237,val-edg1-drg-2026-04-11,https://polymarket.com/event/val-edg1-drg-2026-04-11,KXVALORANTGAME-26APR110700DRGEDG-DRG,https://kalshi.com/markets/KXVALORANTGAME-26APR110700DRGEDG-DRG,https://polymarket.com/event/val-edg1-drg-2026-04-11,"[""Dragon Ranger Gaming"", ""EDward Gaming""]","[""27665171785968763417164606267053588928045721422560277165101357640541595837156"", ""34366909024661359212215880515889272505238000083989310023448180488948780696657""]",Dragon Ranger Gaming,2026-04-11,2026-04-25T11:00:00Z,2026-04-11
84,jarry fatic,sports_fees_v2,1.0,1928786,atp-jarry-fatic-2026-04-10,https://polymarket.com/event/atp-jarry-fatic-2026-04-10,KXATPCHALLENGERMATCH-26APR10JARFAT-FAT,https://kalshi.com/markets/KXATPCHALLENGERMATCH-26APR10JARFAT-FAT,https://polymarket.com/event/atp-jarry-fatic-2026-04-10,"[""Nerman Fatic"", ""Nicolas Jarry""]","[""83884440044589294716522523537212047780489854307306843250614670493942164611784"", ""82493640525494711203436705835042669268894254003915020409398269272232442862499""]",Nerman Fatic,2026-04-17,2026-04-24T12:30:00Z,2026-04-17
85,vekic pliskova,sports_fees_v2,1.0,1931500,wta-vekic-pliskov-2026-04-10,https://polymarket.com/event/wta-vekic-pliskov-2026-04-10,KXWTAMATCH-26APR10VEKPLI-VEK,https://kalshi.com/markets/KXWTAMATCH-26APR10VEKPLI-VEK,https://polymarket.com/event/wta-vekic-pliskov-2026-04-10,"[""Donna Vekic"", ""Karolina Pliskova""]","[""97281995101644277691574825372477232771191127429406906894343645575832494173523"", ""1802138335390134867605074095963551183440943833573655946178005831645389404363""]",Donna Vekic,2026-04-17,2026-04-24T16:00:00Z,2026-04-17
86,potapova tagger,sports_fees_v2,1.0,1931502,wta-potapov-tagger-2026-04-10,https://polymarket.com/event/wta-potapov-tagger-2026-04-10,KXWTAMATCH-26APR10POTTAG-POT,https://kalshi.com/markets/KXWTAMATCH-26APR10POTTAG-POT,https://polymarket.com/event/wta-potapov-tagger-2026-04-10,"[""Anastasia Potapova"", ""Lilli Tagger""]","[""90924865940595549729825596846726922721730405555160418492431175188202615990055"", ""69807172471596791725610260464035300557516742246924498262774300162044455006814""]",Anastasia Potapova,2026-04-17,2026-04-24T13:20:00Z,2026-04-17
87,bueno casanova,sports_fees_v2,1.0,1931513,atp-bueno-casanov-2026-04-10,https://polymarket.com/event/atp-bueno-casanov-2026-04-10,KXATPCHALLENGERMATCH-26APR10BUECAS-BUE,https://kalshi.com/markets/KXATPCHALLENGERMATCH-26APR10BUECAS-BUE,https://polymarket.com/event/atp-bueno-casanov-2026-04-10,"[""Gonzalo Bueno"", ""Hernan Casanova""]","[""65338902063782689888229133550342668787538052169438725994517821213356979460715"", ""77375495761111272132822795949836809026732554462987412768137491676984258067173""]",Gonzalo Bueno,2026-04-17,2026-04-24T14:00:00Z,2026-04-17
88,vacherot minaur,sports_fees_v2,1.0,1931521,atp-vachero-minaur-2026-04-10,https://polymarket.com/event/atp-vachero-minaur-2026-04-10,KXATPMATCH-26APR10VACDE-DE,https://kalshi.com/markets/KXATPMATCH-26APR10VACDE-DE,https://polymarket.com/event/atp-vachero-minaur-2026-04-10,"[""Valentin Vacherot"", ""Alex de Minaur""]","[""8106927685122071150167760014644332911110848236086644004643754250751841238989"", ""65782367977639863055649801509930328190720933112977530960855933512328056851250""]",Valentin Vacherot,2026-04-17,2026-04-24T12:30:00Z,2026-04-17
89,colson hernandez,sports_fees_v2,1.0,1931530,atp-colson-hernand-2026-04-10,https://polymarket.com/event/atp-colson-hernand-2026-04-10,KXATPCHALLENGERMATCH-26APR10COLHER-HER,https://kalshi.com/markets/KXATPCHALLENGERMATCH-26APR10COLHER-HER,https://polymarket.com/event/atp-colson-hernand-2026-04-10,"[""Alex Hernandez"", ""Tibo Colson""]","[""89596267737845690210702209558612759014313373020701337970641812023248766327272"", ""83773905978887997607586795723820132363599662752496154085347715570069328001312""]",Alex Hernandez,2026-04-17,2026-04-24T20:00:00Z,2026-04-17
90,shanxi loongs xinjiang flying tigers,sports_fees_v2,1.0,1931893,bkcba-sha-xin-2026-04-11,https://polymarket.com/event/bkcba-sha-xin-2026-04-11,KXCBAGAME-26APR110735XINSHAX-SHAX,https://kalshi.com/markets/KXCBAGAME-26APR110735XINSHAX-SHAX,https://polymarket.com/event/bkcba-sha-xin-2026-04-11,"[""Shanxi Loongs"", ""Xinjiang Flying Tigers""]","[""70396581378486512704708417400412992686886774460440104161935605722087223726714"", ""63740320430365300282183218201918392014833810580504202851794933922611088124604""]",Shanxi Loongs,2026-04-18,2026-04-25T11:35:00Z,2026-04-18
91,jiangsu dragons shenzhen leopards,sports_fees_v2,1.0,1931894,bkcba-she-jia-2026-04-11,https://polymarket.com/event/bkcba-she-jia-2026-04-11,KXCBAGAME-26APR110735JIALEO-JIA,https://kalshi.com/markets/KXCBAGAME-26APR110735JIALEO-JIA,https://polymarket.com/event/bkcba-she-jia-2026-04-11,"[""Jiangsu Dragons"", ""Shenzhen Leopards""]","[""109640221682656774481847091850622993263018072799802925923876838170264937941469"", ""85088452193659591535045897299222396549790413319546592596152856237232474823605""]",Jiangsu Dragons,2026-04-18,2026-04-25T11:35:00Z,2026-04-18
92,sichuan blue whales tianjin pioneers,sports_fees_v2,1.0,1931895,bkcba-sic-tia-2026-04-11,https://polymarket.com/event/bkcba-sic-tia-2026-04-11,KXCBAGAME-26APR110735TIASBW-SBW,https://kalshi.com/markets/KXCBAGAME-26APR110735TIASBW-SBW,https://polymarket.com/event/bkcba-sic-tia-2026-04-11,"[""Sichuan Blue Whales"", ""Tianjin Pioneers""]","[""28715598605937518675812707555499175674922426727943443205445762579671218118225"", ""12757719759567783299630407399780273307659271176130125627796962341762348888117""]",Sichuan Blue Whales,2026-04-18,2026-04-25T11:35:00Z,2026-04-18
93,justo heide,sports_fees_v2,1.0,1933602,atp-justo-heide-2026-04-10,https://polymarket.com/event/atp-justo-heide-2026-04-10,KXATPCHALLENGERMATCH-26APR10JUSHEI-JUS,https://kalshi.com/markets/KXATPCHALLENGERMATCH-26APR10JUSHEI-JUS,https://polymarket.com/event/atp-justo-heide-2026-04-10,"[""Guido Justo"", ""Gustavo Heide""]","[""20244455436545641001223474392782043117873894430798112682784386878954547178933"", ""45139504706881682554987708311320555523826935497644065578227645621728247386991""]",Guido Justo,2026-04-17,2026-04-24T18:30:00Z,2026-04-17
94,yibing silva,sports_fees_v2,1.0,1933609,atp-wu-silva-2026-04-10,https://polymarket.com/event/atp-wu-silva-2026-04-10,KXATPCHALLENGERMATCH-26APR10YIBDUT-DUT,https://kalshi.com/markets/KXATPCHALLENGERMATCH-26APR10YIBDUT-DUT,https://polymarket.com/event/atp-wu-silva-2026-04-10,"[""Daniel Dutra da Silva"", ""Yibing Wu""]","[""44832382311395662285608677179111585270215812928477699771341918115799036002291"", ""47505575547382571661695613983920092270711619240193076310926931090732905447178""]",Daniel Dutra da Silva,2026-04-17,2026-04-24T22:00:00Z,2026-04-17
95,avalanche golden knights,sports_fees_v2,0.95,1598548,nhl-las-col-2026-04-11,https://polymarket.com/event/nhl-las-col-2026-04-11,KXNHLGAME-26APR11VGKCOL-COL,https://kalshi.com/markets/KXNHLGAME-26APR11VGKCOL-COL,https://polymarket.com/event/nhl-las-col-2026-04-11,"[""Avalanche"", ""Golden Knights""]","[""93910731207835302738473919434908328408847970283455825892047520286980834326996"", ""85854490089924548383499409264925593230650942740932752201034309046994450995418""]",Avalanche,2026-04-12,2026-04-26T00:00:00Z,2026-04-12
96,canucks sharks,sports_fees_v2,0.95,1598553,nhl-van-sj-2026-04-11,https://polymarket.com/event/nhl-van-sj-2026-04-11,KXNHLGAME-26APR11VANSJ-VAN,https://kalshi.com/markets/KXNHLGAME-26APR11VANSJ-VAN,https://polymarket.com/event/nhl-van-sj-2026-04-11,"[""Canucks"", ""Sharks""]","[""38549112246769541497801769981317175774907320053124967991246447711732386478945"", ""21541432738227259922292775731144499495832837426755213178902130419102303860298""]",Canucks,2026-04-12,2026-04-26T02:00:00Z,2026-04-12
97,san jose earthquakes sporting kansas city,sports_fees_v2,0.95,1598839,mls-skc-sje-2026-04-11-sje,https://polymarket.com/event/mls-skc-sje-2026-04-11-sje,KXMLSGAME-26APR11SKCSJ-SJ,https://kalshi.com/markets/KXMLSGAME-26APR11SKCSJ-SJ,https://polymarket.com/event/mls-skc-sje-2026-04-11-sje,"[""Yes"", ""No""]","[""95398150740469441865515010883238731454193401377021390273686657163386255639281"", ""71304015356027346671783104503440751842113273598959951938945499097277211839972""]",Yes,2026-04-12,2026-04-26T00:30:00Z,2026-04-12
98,sporting kansas city san jose earthquakes,sports_fees_v2,0.95,1599458,mls-skc-sje-2026-04-11-btts,https://polymarket.com/event/mls-skc-sje-2026-04-11-btts,KXMLSBTTS-26APR11SKCSJ,https://kalshi.com/markets/KXMLSBTTS-26APR11SKCSJ,https://polymarket.com/event/mls-skc-sje-2026-04-11-btts,"[""Yes"", ""No""]","[""101982629543314665828743216037846491453284964316684807356095583159629543445185"", ""13965086625665980101172142821142030273156114589635498769768519558937590557907""]",Yes,2026-04-12,2026-04-26T00:30:00Z,2026-04-12
99,g2 esports mibr valentin,sports_fees_v2,0.95,1700763,val-g21-mibr-2026-04-10,https://polymarket.com/event/val-g21-mibr-2026-04-10,KXVALORANTGAME-26APR102000MIBRG2-G2,https://kalshi.com/markets/KXVALORANTGAME-26APR102000MIBRG2-G2,https://polymarket.com/event/val-g21-mibr-2026-04-10,"[""G2 Esports"", ""MIBR""]","[""36728251281062154622737746160940874133443551352648592115266250215907356235552"", ""25706697014359625989775713994399813270887240205274781609181443017202177181194""]",G2 Esports,2026-04-11,2026-04-25T00:00:00Z,2026-04-11
100,bulls magic,sports_fees_v2,0.95,1861184,nba-orl-chi-2026-04-10,https://polymarket.com/event/nba-orl-chi-2026-04-10,KXNBAGAME-26APR10ORLCHI-CHI,https://kalshi.com/markets/KXNBAGAME-26APR10ORLCHI-CHI,https://polymarket.com/event/nba-orl-chi-2026-04-10,"[""Bulls"", ""Magic""]","[""63778282506690083264433633556255205197418633854668503765264335938541581057134"", ""60574960030834318663312660416503150435589232537456279855632974703207278325728""]",Bulls,2026-04-11,2026-04-25T00:00:00Z,2026-04-11
101,rockets timberwolves,sports_fees_v2,0.95,1861186,nba-min-hou-2026-04-10,https://polymarket.com/event/nba-min-hou-2026-04-10,KXNBAGAME-26APR10MINHOU-HOU,https://kalshi.com/markets/KXNBAGAME-26APR10MINHOU-HOU,https://polymarket.com/event/nba-min-hou-2026-04-10,"[""Rockets"", ""Timberwolves""]","[""45489272429500422772590092783317222757346586216962630739000801798218207629383"", ""52084617493636928814163391987521462402265900534724735268150468999389769527480""]",Rockets,2026-04-11,2026-04-25T01:30:00Z,2026-04-11
102,bucks nets,sports_fees_v2,0.95,1861188,nba-bkn-mil-2026-04-10,https://polymarket.com/event/nba-bkn-mil-2026-04-10,KXNBAGAME-26APR10BKNMIL-MIL,https://kalshi.com/markets/KXNBAGAME-26APR10BKNMIL-MIL,https://polymarket.com/event/nba-bkn-mil-2026-04-10,"[""Bucks"", ""Nets""]","[""64654601345747034082763382289485304923630419972947696935150900684930336060387"", ""46246237960596345612120874683343989602660366811699735825861006476277908318532""]",Bucks,2026-04-11,2026-04-25T00:00:00Z,2026-04-11
103,mavericks spurs,sports_fees_v2,0.95,1861189,nba-dal-sas-2026-04-10,https://polymarket.com/event/nba-dal-sas-2026-04-10,KXNBAGAME-26APR10DALSAS-DAL,https://kalshi.com/markets/KXNBAGAME-26APR10DALSAS-DAL,https://polymarket.com/event/nba-dal-sas-2026-04-10,"[""Mavericks"", ""Spurs""]","[""10361067162949142594203735779141316769999919144721263389314783183244755920451"", ""109864673236645244806110666274737644702913753337763212632655845359732614692306""]",Mavericks,2026-04-11,2026-04-25T00:00:00Z,2026-04-11
104,grizzlies jazz,sports_fees_v2,0.95,1861190,nba-mem-uta-2026-04-10,https://polymarket.com/event/nba-mem-uta-2026-04-10,KXNBAGAME-26APR10MEMUTA-MEM,https://kalshi.com/markets/KXNBAGAME-26APR10MEMUTA-MEM,https://polymarket.com/event/nba-mem-uta-2026-04-10,"[""Grizzlies"", ""Jazz""]","[""22693960848666824166559873286634421326844355030362098212302357911028817328461"", ""6118783591949442806943712735418787861095414330837622435248629459620442323626""]",Grizzlies,2026-04-11,2026-04-25T01:30:00Z,2026-04-11
105,nuggets thunder,sports_fees_v2,0.95,1861192,nba-okc-den-2026-04-10,https://polymarket.com/event/nba-okc-den-2026-04-10,KXNBAGAME-26APR10OKCDEN-DEN,https://kalshi.com/markets/KXNBAGAME-26APR10OKCDEN-DEN,https://polymarket.com/event/nba-okc-den-2026-04-10,"[""Nuggets"", ""Thunder""]","[""109024127569407483994653154191859332262858905496142888757502388329747218091337"", ""17789085610445574737736071841171346894908061476295263017474385142500848135260""]",Nuggets,2026-04-11,2026-04-25T01:00:00Z,2026-04-11
106,clippers trail blazers,sports_fees_v2,0.95,1861193,nba-lac-por-2026-04-10,https://polymarket.com/event/nba-lac-por-2026-04-10,KXNBAGAME-26APR10LACPOR-LAC,https://kalshi.com/markets/KXNBAGAME-26APR10LACPOR-LAC,https://polymarket.com/event/nba-lac-por-2026-04-10,"[""Clippers"", ""Trail Blazers""]","[""57254484738468855335824420810029235495772009507845721404213552227080424049703"", ""20883115044277739656923799964616433916290246662765438317755951000727157396509""]",Clippers,2026-04-11,2026-04-25T02:00:00Z,2026-04-11
107,kings warriors,sports_fees_v2,0.95,1861194,nba-gsw-sac-2026-04-10,https://polymarket.com/event/nba-gsw-sac-2026-04-10,KXNBAGAME-26APR10GSWSAC-SAC,https://kalshi.com/markets/KXNBAGAME-26APR10GSWSAC-SAC,https://polymarket.com/event/nba-gsw-sac-2026-04-10,"[""Kings"", ""Warriors""]","[""103993257036129741422634208283319501804634296338574509015998275804890579473262"", ""55723492842616335978573635796680489839370556550532661537426486372550708243763""]",Kings,2026-04-11,2026-04-25T02:00:00Z,2026-04-11
108,lakers suns,sports_fees_v2,0.95,1861196,nba-phx-lal-2026-04-10,https://polymarket.com/event/nba-phx-lal-2026-04-10,KXNBAGAME-26APR10PHXLAL-LAL,https://kalshi.com/markets/KXNBAGAME-26APR10PHXLAL-LAL,https://polymarket.com/event/nba-phx-lal-2026-04-10,"[""Lakers"", ""Suns""]","[""21687284370148189428412890878744580871821944416220116348609842231721830796769"", ""39138843209711661965847440886374729606157055204795496509733128917866998580791""]",Lakers,2026-04-11,2026-04-25T02:30:00Z,2026-04-11
109,iowa wild rockford icehogs,sports_fees_v2,0.95,1879158,ahl-iow-roc-2026-04-11,https://polymarket.com/event/ahl-iow-roc-2026-04-11,KXAHLGAME-26APR102000IOWROC-IOW,https://kalshi.com/markets/KXAHLGAME-26APR102000IOWROC-IOW,https://polymarket.com/event/ahl-iow-roc-2026-04-11,"[""Iowa Wild"", ""Rockford IceHogs""]","[""104889573920588571727954289649204488296701608373086114336233449739754208535839"", ""104016772989928924349465588838512634942370503053398647792544139050533930965153""]",Iowa Wild,2026-04-11,2026-04-25T00:00:00Z,2026-04-11
110,chicago fire fc atletico madrid,sports_fees_v2,0.95,1908448,mls-chi-atl-2026-04-11-ags-hugo-cuypers,https://polymarket.com/event/mls-chi-atl-2026-04-11-ags-hugo-cuypers,KXMLSGAME-26APR11CHIATL-ATL,https://kalshi.com/markets/KXMLSGAME-26APR11CHIATL-ATL,https://polymarket.com/event/mls-chi-atl-2026-04-11-ags-hugo-cuypers,"[""Yes"", ""No""]","[""90404866046428887585432695142180760520658726206405814278870827105084521717107"", ""91159104995752520996145353628773808805453009040823738151789028133460797104850""]",Yes,2026-04-12,2026-04-26T00:30:00Z,2026-04-12
111,fc dallas st. louis city sc,sports_fees_v2,0.95,1909186,mls-dal-stl-2026-04-11-ags-petar-musa,https://polymarket.com/event/mls-dal-stl-2026-04-11-ags-petar-musa,KXMLSGAME-26APR11DALSTL-DAL,https://kalshi.com/markets/KXMLSGAME-26APR11DALSTL-DAL,https://polymarket.com/event/mls-dal-stl-2026-04-11-ags-petar-musa,"[""Yes"", ""No""]","[""78547380839744648833967719989142063339526661772296838063417512563574068590024"", ""36707376148367314549821654443588301599735959505487449650793284998750406973356""]",Yes,2026-04-12,2026-04-26T00:30:00Z,2026-04-12
112,colorado rapids houston dynamo,sports_fees_v2,0.95,1909841,mls-col-hou-2026-04-11-ags-rafael-navarro,https://polymarket.com/event/mls-col-hou-2026-04-11-ags-rafael-navarro,KXMLSGAME-26APR11COLHOU-COL,https://kalshi.com/markets/KXMLSGAME-26APR11COLHOU-COL,https://polymarket.com/event/mls-col-hou-2026-04-11-ags-rafael-navarro,"[""Yes"", ""No""]","[""17239343556143260460337645730515537075133265364322799847434214135314489969822"", ""5954134669589605139638114972616813361567505762030748597379888498771973642899""]",Yes,2026-04-12,2026-04-26T01:30:00Z,2026-04-12
113,clippers trail blazers,sports_fees_v2,0.95,1933831,nba-lac-por-2026-04-10-1h-moneyline,https://polymarket.com/event/nba-lac-por-2026-04-10-1h-moneyline,KXNBA1HWINNER-26APR10LACPOR-LAC,https://kalshi.com/markets/KXNBA1HWINNER-26APR10LACPOR-LAC,https://polymarket.com/event/nba-lac-por-2026-04-10-1h-moneyline,"[""Clippers"", ""Trail Blazers""]","[""34487334253618333162735928643719483510898615274449092350763358743514560561862"", ""32972570642063964838198032974411425317727909059912995556744828695135327717746""]",Clippers,2026-04-11,2026-04-25T02:00:00Z,2026-04-11
114,bulls magic,sports_fees_v2,0.95,1934636,nba-orl-chi-2026-04-10-1h-moneyline,https://polymarket.com/event/nba-orl-chi-2026-04-10-1h-moneyline,KXNBA1HWINNER-26APR10ORLCHI-CHI,https://kalshi.com/markets/KXNBA1HWINNER-26APR10ORLCHI-CHI,https://polymarket.com/event/nba-orl-chi-2026-04-10-1h-moneyline,"[""Bulls"", ""Magic""]","[""20341073917621465316180229141040275568325210775674789204011449232432049741166"", ""99648098137355980061558646776932551896080523659912577379855796667535863495955""]",Bulls,2026-04-11,2026-04-25T00:00:00Z,2026-04-11
115,rockets timberwolves,sports_fees_v2,0.95,1934639,nba-min-hou-2026-04-10-1h-moneyline,https://polymarket.com/event/nba-min-hou-2026-04-10-1h-moneyline,KXNBA1HWINNER-26APR10MINHOU-HOU,https://kalshi.com/markets/KXNBA1HWINNER-26APR10MINHOU-HOU,https://polymarket.com/event/nba-min-hou-2026-04-10-1h-moneyline,"[""Rockets"", ""Timberwolves""]","[""111535932857329580198655884999075216136106225744482727960369314315777524255693"", ""161354551460426673949240074327595504652509310710298055601866193661839846258""]",Rockets,2026-04-11,2026-04-25T01:30:00Z,2026-04-11
116,bucks nets,sports_fees_v2,0.95,1934646,nba-bkn-mil-2026-04-10-1h-moneyline,https://polymarket.com/event/nba-bkn-mil-2026-04-10-1h-moneyline,KXNBA1HWINNER-26APR10BKNMIL-MIL,https://kalshi.com/markets/KXNBA1HWINNER-26APR10BKNMIL-MIL,https://polymarket.com/event/nba-bkn-mil-2026-04-10-1h-moneyline,"[""Bucks"", ""Nets""]","[""77843116539850495728915397883670976573760968708351185367589563653793667509622"", ""83401845562263548357314718869755797435570183437806383369493188684017204744949""]",Bucks,2026-04-11,2026-04-25T00:00:00Z,2026-04-11
117,mavericks spurs,sports_fees_v2,0.95,1934649,nba-dal-sas-2026-04-10-1h-moneyline,https://polymarket.com/event/nba-dal-sas-2026-04-10-1h-moneyline,KXNBA1HWINNER-26APR10DALSAS-DAL,https://kalshi.com/markets/KXNBA1HWINNER-26APR10DALSAS-DAL,https://polymarket.com/event/nba-dal-sas-2026-04-10-1h-moneyline,"[""Mavericks"", ""Spurs""]","[""38948520666384746548081917482362736163774856558708493485423523872560267856353"", ""22808271284652159708210555406710729157137130552309813510140884109894076356038""]",Mavericks,2026-04-11,2026-04-25T00:00:00Z,2026-04-11
118,nuggets thunder,sports_fees_v2,0.95,1934652,nba-okc-den-2026-04-10-1h-moneyline,https://polymarket.com/event/nba-okc-den-2026-04-10-1h-moneyline,KXNBA1HWINNER-26APR10OKCDEN-DEN,https://kalshi.com/markets/KXNBA1HWINNER-26APR10OKCDEN-DEN,https://polymarket.com/event/nba-okc-den-2026-04-10-1h-moneyline,"[""Nuggets"", ""Thunder""]","[""23339036675820644966271904249422252314578864275778550355821138704693467054459"", ""109518316263700080266155165757642930510394779049757432207055527430463916787076""]",Nuggets,2026-04-11,2026-04-25T01:00:00Z,2026-04-11
119,kings warriors,sports_fees_v2,0.95,1934655,nba-gsw-sac-2026-04-10-1h-moneyline,https://polymarket.com/event/nba-gsw-sac-2026-04-10-1h-moneyline,KXNBA1HWINNER-26APR10GSWSAC-SAC,https://kalshi.com/markets/KXNBA1HWINNER-26APR10GSWSAC-SAC,https://polymarket.com/event/nba-gsw-sac-2026-04-10-1h-moneyline,"[""Kings"", ""Warriors""]","[""16838957423180547358250969640366613891443071025331321732718600681903690893405"", ""9626302587750607267717107561491562966118728596122583986947368187459045921913""]",Kings,2026-04-11,2026-04-25T02:00:00Z,2026-04-11
120,lakers suns,sports_fees_v2,0.95,1934659,nba-phx-lal-2026-04-10-1h-moneyline,https://polymarket.com/event/nba-phx-lal-2026-04-10-1h-moneyline,KXNBA1HWINNER-26APR10PHXLAL-LAL,https://kalshi.com/markets/KXNBA1HWINNER-26APR10PHXLAL-LAL,https://polymarket.com/event/nba-phx-lal-2026-04-10-1h-moneyline,"[""Lakers"", ""Suns""]","[""8166717139778662667264893489848220735609525102682684702016068696152353505683"", ""87470352280693141371544195031124678076034084883189232775910327154218249509965""]",Lakers,2026-04-11,2026-04-25T02:30:00Z,2026-04-11
121,grizzlies jazz,sports_fees_v2,0.95,1937363,nba-mem-uta-2026-04-10-1h-moneyline,https://polymarket.com/event/nba-mem-uta-2026-04-10-1h-moneyline,KXNBA1HWINNER-26APR10MEMUTA-MEM,https://kalshi.com/markets/KXNBA1HWINNER-26APR10MEMUTA-MEM,https://polymarket.com/event/nba-mem-uta-2026-04-10-1h-moneyline,"[""Grizzlies"", ""Jazz""]","[""64395950541911722280576494427525473664001715819785866208724393804237138998263"", ""78788835766481829888206417225945876935893564838295064930055785538190331331159""]",Grizzlies,2026-04-11,2026-04-25T01:30:00Z,2026-04-11
122,scheffler,sports_fees_v2,0.0,568629,will-scottie-scheffler-win-the-2026-masters-tournament,https://polymarket.com/event/will-scottie-scheffler-win-the-2026-masters-tournament,KXPGATOUR-MAST26-SSCH,https://kalshi.com/markets/KXPGATOUR-MAST26-SSCH,https://polymarket.com/event/will-scottie-scheffler-win-the-2026-masters-tournament,"[""Yes"", ""No""]","[""107914991083456571784595699074570871171796147416537665179743787749934466771632"", ""88125433733254905586251920253226789075421800520982109139203554689175245347549""]",Yes,2026-04-13,2026-04-26T23:00:00Z,2026-04-13
123,mcilroy,sports_fees_v2,0.0,568630,will-rory-mcilroy-win-the-2026-masters-tournament,https://polymarket.com/event/will-rory-mcilroy-win-the-2026-masters-tournament,KXPGATOUR-MAST26-RMCI,https://kalshi.com/markets/KXPGATOUR-MAST26-RMCI,https://polymarket.com/event/will-rory-mcilroy-win-the-2026-masters-tournament,"[""Yes"", ""No""]","[""47650382966763423119144863600890688449355617504160622255560357009005625541749"", ""110721526829271696628816884619360240907697405805387139784530202893346118060669""]",Yes,2026-04-13,2026-04-26T23:00:00Z,2026-04-13
124,dechambeau,sports_fees_v2,0.0,568631,will-bryson-dechambeau-win-the-2026-masters-tournament,https://polymarket.com/event/will-bryson-dechambeau-win-the-2026-masters-tournament,KXPGATOUR-MAST26-BDEC,https://kalshi.com/markets/KXPGATOUR-MAST26-BDEC,https://polymarket.com/event/will-bryson-dechambeau-win-the-2026-masters-tournament,"[""Yes"", ""No""]","[""110418008203792792268114717933058884388143135270395587506293975692059241151415"", ""66179603014990857411757853029858742112684886279921671054294118974840399911612""]",Yes,2026-04-13,2026-04-26T23:00:00Z,2026-04-13
125,rahm,sports_fees_v2,0.0,568632,will-jon-rahm-win-the-2026-masters-tournament,https://polymarket.com/event/will-jon-rahm-win-the-2026-masters-tournament,KXPGATOUR-MAST26-JRAH,https://kalshi.com/markets/KXPGATOUR-MAST26-JRAH,https://polymarket.com/event/will-jon-rahm-win-the-2026-masters-tournament,"[""Yes"", ""No""]","[""14891744631569327882180091417355223283074176862943214903789359145380999929720"", ""81100929577553674096369161538709763228943470380146968558688494703628734004408""]",Yes,2026-04-13,2026-04-26T23:00:00Z,2026-04-13
126,morikawa,sports_fees_v2,0.0,568633,will-collin-morikawa-win-the-2026-masters-tournament,https://polymarket.com/event/will-collin-morikawa-win-the-2026-masters-tournament,KXPGATOUR-MAST26-CMOR,https://kalshi.com/markets/KXPGATOUR-MAST26-CMOR,https://polymarket.com/event/will-collin-morikawa-win-the-2026-masters-tournament,"[""Yes"", ""No""]","[""49187585016304728738815159000947971699045065856092262182002837187974309142096"", ""37651729643644342349199715037937097230488391274611907741781120091674367647980""]",Yes,2026-04-13,2026-04-26T23:00:00Z,2026-04-13
127,schauffele,sports_fees_v2,0.0,568634,will-xander-schauffele-win-the-2026-masters-tournament,https://polymarket.com/event/will-xander-schauffele-win-the-2026-masters-tournament,KXPGATOUR-MAST26-XSCH,https://kalshi.com/markets/KXPGATOUR-MAST26-XSCH,https://polymarket.com/event/will-xander-schauffele-win-the-2026-masters-tournament,"[""Yes"", ""No""]","[""101224125717581883106048111538769728899093696763496070232425429569281195951517"", ""75988954690070817300305375563402048123439046811224606295868810603822977345950""]",Yes,2026-04-13,2026-04-26T23:00:00Z,2026-04-13
128,aberg,sports_fees_v2,0.0,568635,will-ludvig-aberg-win-the-2026-masters-tournament,https://polymarket.com/event/will-ludvig-aberg-win-the-2026-masters-tournament,KXPGATOUR-MAST26-LABE,https://kalshi.com/markets/KXPGATOUR-MAST26-LABE,https://polymarket.com/event/will-ludvig-aberg-win-the-2026-masters-tournament,"[""Yes"", ""No""]","[""74422022614702229946369494272358188120636208151671016990116736001336047137804"", ""114783335352523479613005577607649376128352690233992434052809526354820421589209""]",Yes,2026-04-13,2026-04-26T23:00:00Z,2026-04-13
129,thomas,sports_fees_v2,0.0,568636,will-justin-thomas-win-the-2026-masters-tournament,https://polymarket.com/event/will-justin-thomas-win-the-2026-masters-tournament,KXPGATOUR-MAST26-JTHO,https://kalshi.com/markets/KXPGATOUR-MAST26-JTHO,https://polymarket.com/event/will-justin-thomas-win-the-2026-masters-tournament,"[""Yes"", ""No""]","[""65914401213980348939345637678710332119846524069426563402874224506118553408089"", ""59805498163262583832617153155893743215922797508571910465302124106001828935872""]",Yes,2026-04-13,2026-04-26T23:00:00Z,2026-04-13
130,hovland,sports_fees_v2,0.0,568637,will-viktor-hovland-win-the-2026-masters-tournament,https://polymarket.com/event/will-viktor-hovland-win-the-2026-masters-tournament,KXPGATOUR-MAST26-VHOV,https://kalshi.com/markets/KXPGATOUR-MAST26-VHOV,https://polymarket.com/event/will-viktor-hovland-win-the-2026-masters-tournament,"[""Yes"", ""No""]","[""73497915580341083736399735569139828376270472522079036954500777750803069730356"", ""7355113795750330681938725969100127241851360081150205576300582921072818214837""]",Yes,2026-04-13,2026-04-26T23:00:00Z,2026-04-13
131,koepka,sports_fees_v2,0.0,568638,will-brooks-koepka-win-the-2026-masters-tournament,https://polymarket.com/event/will-brooks-koepka-win-the-2026-masters-tournament,KXPGATOUR-MAST26-BKOE,https://kalshi.com/markets/KXPGATOUR-MAST26-BKOE,https://polymarket.com/event/will-brooks-koepka-win-the-2026-masters-tournament,"[""Yes"", ""No""]","[""18834791976594441658325720353198133611705606483322909889513733422329656326781"", ""10919066356703648907040470302981161918411615920291629184667164027987137436710""]",Yes,2026-04-13,2026-04-26T23:00:00Z,2026-04-13
132,matsuyama,sports_fees_v2,0.0,568639,will-hideki-matsuyama-win-the-2026-masters-tournament,https://polymarket.com/event/will-hideki-matsuyama-win-the-2026-masters-tournament,KXPGATOUR-MAST26-HMAT,https://kalshi.com/markets/KXPGATOUR-MAST26-HMAT,https://polymarket.com/event/will-hideki-matsuyama-win-the-2026-masters-tournament,"[""Yes"", ""No""]","[""39519150038826399983584911254196071434168702815579135754841659322076984695853"", ""19103203222380308089083257080581390659729083149293642569147478167348531589121""]",Yes,2026-04-13,2026-04-26T23:00:00Z,2026-04-13
133,spieth,sports_fees_v2,0.0,568640,will-jordan-spieth-win-the-2026-masters-tournament,https://polymarket.com/event/will-jordan-spieth-win-the-2026-masters-tournament,KXPGATOUR-MAST26-JSPI,https://kalshi.com/markets/KXPGATOUR-MAST26-JSPI,https://polymarket.com/event/will-jordan-spieth-win-the-2026-masters-tournament,"[""Yes"", ""No""]","[""39504727941745472464725696979254138178336652541090405166181880699707692381685"", ""34067369697058679987985054983433497417645336265287604445928409053695521452524""]",Yes,2026-04-13,2026-04-26T23:00:00Z,2026-04-13
134,cantlay,sports_fees_v2,0.0,568641,will-patrick-cantlay-win-the-2026-masters-tournament,https://polymarket.com/event/will-patrick-cantlay-win-the-2026-masters-tournament,KXPGATOUR-MAST26-PCAN,https://kalshi.com/markets/KXPGATOUR-MAST26-PCAN,https://polymarket.com/event/will-patrick-cantlay-win-the-2026-masters-tournament,"[""Yes"", ""No""]","[""33040841992820835294123348248835487201460130913662081993317708609623417439890"", ""90428041483415817963710393122119699141547612173584186079723198377773984026431""]",Yes,2026-04-13,2026-04-26T23:00:00Z,2026-04-13
135,hatton,sports_fees_v2,0.0,568643,will-tyrrell-hatton-win-the-2026-masters-tournament,https://polymarket.com/event/will-tyrrell-hatton-win-the-2026-masters-tournament,KXPGATOUR-MAST26-THAT,https://kalshi.com/markets/KXPGATOUR-MAST26-THAT,https://polymarket.com/event/will-tyrrell-hatton-win-the-2026-masters-tournament,"[""Yes"", ""No""]","[""38962206024013687500365115438823822291203066237510115443437472762678149754397"", ""36386567500131481639429822432062299059803057470101668723847055287445800618361""]",Yes,2026-04-13,2026-04-26T23:00:00Z,2026-04-13
136,smith,sports_fees_v2,0.0,568644,will-cameron-smith-win-the-2026-masters-tournament,https://polymarket.com/event/will-cameron-smith-win-the-2026-masters-tournament,KXPGATOUR-MAST26-CSMI,https://kalshi.com/markets/KXPGATOUR-MAST26-CSMI,https://polymarket.com/event/will-cameron-smith-win-the-2026-masters-tournament,"[""Yes"", ""No""]","[""65990852696035978220047580290431415269090011023898621658574902807831169494697"", ""114700149996633565830527261353693416948825825090633263789610630221424839824728""]",Yes,2026-04-13,2026-04-26T23:00:00Z,2026-04-13
137,fleetwood,sports_fees_v2,0.0,568646,will-tommy-fleetwood-win-the-2026-masters-tournament,https://polymarket.com/event/will-tommy-fleetwood-win-the-2026-masters-tournament,KXPGATOUR-MAST26-TFLE,https://kalshi.com/markets/KXPGATOUR-MAST26-TFLE,https://polymarket.com/event/will-tommy-fleetwood-win-the-2026-masters-tournament,"[""Yes"", ""No""]","[""25605353386857852050433234346644257874798767464904433152264621687544796590919"", ""115483302436050060330657996514889406855033408384320085942058701641233157973227""]",Yes,2026-04-13,2026-04-26T23:00:00Z,2026-04-13
138,lowry,sports_fees_v2,0.0,568647,will-shane-lowry-win-the-2026-masters-tournament,https://polymarket.com/event/will-shane-lowry-win-the-2026-masters-tournament,KXPGATOUR-MAST26-SLOW,https://kalshi.com/markets/KXPGATOUR-MAST26-SLOW,https://polymarket.com/event/will-shane-lowry-win-the-2026-masters-tournament,"[""Yes"", ""No""]","[""43674349353781684232142600040007732831217070825178051847523003605970842714623"", ""108470439422807371432220035466231911854027212693183876497715471555715132506376""]",Yes,2026-04-13,2026-04-26T23:00:00Z,2026-04-13
139,reed,sports_fees_v2,0.0,568648,will-patrick-reed-win-the-2026-masters-tournament,https://polymarket.com/event/will-patrick-reed-win-the-2026-masters-tournament,KXPGATOUR-MAST26-PREE,https://kalshi.com/markets/KXPGATOUR-MAST26-PREE,https://polymarket.com/event/will-patrick-reed-win-the-2026-masters-tournament,"[""Yes"", ""No""]","[""23929001677199884634421584409854821108392581496920266505702032309240799085085"", ""110219663650296830580018989124066471998703546424034073114728140337754596054789""]",Yes,2026-04-13,2026-04-26T23:00:00Z,2026-04-13
140,im,sports_fees_v2,0.0,568649,will-sungjae-im-win-the-2026-masters-tournament,https://polymarket.com/event/will-sungjae-im-win-the-2026-masters-tournament,KXPGATOUR-MAST26-SJIM,https://kalshi.com/markets/KXPGATOUR-MAST26-SJIM,https://polymarket.com/event/will-sungjae-im-win-the-2026-masters-tournament,"[""Yes"", ""No""]","[""14783989919752324628296838387089933020205321387521367008845434357222634152941"", ""12524997509039169308157138257546276918591184752465605282349705785465738967336""]",Yes,2026-04-13,2026-04-26T23:00:00Z,2026-04-13
141,macintyre,sports_fees_v2,0.0,568650,will-robert-macintyre-win-the-2026-masters-tournament,https://polymarket.com/event/will-robert-macintyre-win-the-2026-masters-tournament,KXPGATOUR-MAST26-RMAC,https://kalshi.com/markets/KXPGATOUR-MAST26-RMAC,https://polymarket.com/event/will-robert-macintyre-win-the-2026-masters-tournament,"[""Yes"", ""No""]","[""109291061632742156145697496642413250314918006017881249184482387219415694865202"", ""13285248305686902684934562869084789154578675068406236781304706034226735226295""]",Yes,2026-04-13,2026-04-26T23:00:00Z,2026-04-13
142,conners,sports_fees_v2,0.0,568651,will-corey-conners-win-the-2026-masters-tournament,https://polymarket.com/event/will-corey-conners-win-the-2026-masters-tournament,KXPGATOUR-MAST26-CCOR,https://kalshi.com/markets/KXPGATOUR-MAST26-CCOR,https://polymarket.com/event/will-corey-conners-win-the-2026-masters-tournament,"[""Yes"", ""No""]","[""13200465622334367088563134332141684504122759094426765233787629263825417361073"", ""4383002194732339431383015158590236937862394186106880179069022146524386654315""]",Yes,2026-04-13,2026-04-26T23:00:00Z,2026-04-13
143,rose,sports_fees_v2,0.0,568652,will-justin-rose-win-the-2026-masters-tournament,https://polymarket.com/event/will-justin-rose-win-the-2026-masters-tournament,KXPGATOUR-MAST26-JROS,https://kalshi.com/markets/KXPGATOUR-MAST26-JROS,https://polymarket.com/event/will-justin-rose-win-the-2026-masters-tournament,"[""Yes"", ""No""]","[""21202285189814573471226720134408126754666767714963331163406584149708020395832"", ""19059473655881665827167360703173170369997368150134958921180711487840168880724""]",Yes,2026-04-13,2026-04-26T23:00:00Z,2026-04-13
144,day,sports_fees_v2,0.0,568653,will-jason-day-win-the-2026-masters-tournament,https://polymarket.com/event/will-jason-day-win-the-2026-masters-tournament,KXPGATOUR-MAST26-JDAY,https://kalshi.com/markets/KXPGATOUR-MAST26-JDAY,https://polymarket.com/event/will-jason-day-win-the-2026-masters-tournament,"[""Yes"", ""No""]","[""113210280217310043880787459184891236944994127760829296278556379627281513490867"", ""15591333485991560244258547357374388416772395389431125458692429322879353752662""]",Yes,2026-04-13,2026-04-26T23:00:00Z,2026-04-13
145,homa,sports_fees_v2,0.0,568654,will-max-homa-win-the-2026-masters-tournament,https://polymarket.com/event/will-max-homa-win-the-2026-masters-tournament,KXPGATOUR-MAST26-MHOM,https://kalshi.com/markets/KXPGATOUR-MAST26-MHOM,https://polymarket.com/event/will-max-homa-win-the-2026-masters-tournament,"[""Yes"", ""No""]","[""50485141698460524424531442527506087516895508458870363041201923729224224475501"", ""18612513699568604261316952671632001175824633885319951260402944041860419054745""]",Yes,2026-04-13,2026-04-26T23:00:00Z,2026-04-13
146,bhatia,sports_fees_v2,0.0,568656,will-akshay-bhatia-win-the-2026-masters-tournament,https://polymarket.com/event/will-akshay-bhatia-win-the-2026-masters-tournament,KXPGATOUR-MAST26-ABHA,https://kalshi.com/markets/KXPGATOUR-MAST26-ABHA,https://polymarket.com/event/will-akshay-bhatia-win-the-2026-masters-tournament,"[""Yes"", ""No""]","[""60603387725486523254864101543525891288497952221379936054585504647827183179998"", ""98964310350730014491493421070326188230406066290880150781467467855382427498045""]",Yes,2026-04-13,2026-04-26T23:00:00Z,2026-04-13
147,henley,sports_fees_v2,0.0,568657,will-russell-henley-win-the-2026-masters-tournament,https://polymarket.com/event/will-russell-henley-win-the-2026-masters-tournament,KXPGATOUR-MAST26-RHEN,https://kalshi.com/markets/KXPGATOUR-MAST26-RHEN,https://polymarket.com/event/will-russell-henley-win-the-2026-masters-tournament,"[""Yes"", ""No""]","[""114338230075414085662511481353681611066589654416891795589447594348756488038818"", ""22285168018216426039647022555810049794146068662579594359271023892472731776476""]",Yes,2026-04-13,2026-04-26T23:00:00Z,2026-04-13
148,clark,sports_fees_v2,0.0,568658,will-wyndham-clark-win-the-2026-masters-tournament,https://polymarket.com/event/will-wyndham-clark-win-the-2026-masters-tournament,KXPGATOUR-MAST26-WCLA,https://kalshi.com/markets/KXPGATOUR-MAST26-WCLA,https://polymarket.com/event/will-wyndham-clark-win-the-2026-masters-tournament,"[""Yes"", ""No""]","[""30712230066098682074268334078721079734552784757764553571254732442208317991400"", ""41927635773720025183391981290806988247527723632657936894388223814611863072031""]",Yes,2026-04-13,2026-04-26T23:00:00Z,2026-04-13
149,straka,sports_fees_v2,0.0,568659,will-sepp-straka-win-the-2026-masters-tournament,https://polymarket.com/event/will-sepp-straka-win-the-2026-masters-tournament,KXPGATOUR-MAST26-SSTR,https://kalshi.com/markets/KXPGATOUR-MAST26-SSTR,https://polymarket.com/event/will-sepp-straka-win-the-2026-masters-tournament,"[""Yes"", ""No""]","[""12250546814279423486784541746365053795445133715681699785021103825238960514290"", ""47137558334517636337747292363658786813481304491685244786128977252977182410466""]",Yes,2026-04-13,2026-04-26T23:00:00Z,2026-04-13
150,johnson,sports_fees_v2,0.0,568661,will-dustin-johnson-win-the-2026-masters-tournament,https://polymarket.com/event/will-dustin-johnson-win-the-2026-masters-tournament,KXPGATOUR-MAST26-DJOH,https://kalshi.com/markets/KXPGATOUR-MAST26-DJOH,https://polymarket.com/event/will-dustin-johnson-win-the-2026-masters-tournament,"[""Yes"", ""No""]","[""106959977360903894048493351545882453581150707726112470545340996678625013437822"", ""104276034948729119023781713310423784669999958769504078670932043340882188400651""]",Yes,2026-04-13,2026-04-26T23:00:00Z,2026-04-13
151,kim,sports_fees_v2,0.0,568663,will-tom-kim-win-the-2026-masters-tournament,https://polymarket.com/event/will-tom-kim-win-the-2026-masters-tournament,KXPGATOUR-MAST26-MKIM,https://kalshi.com/markets/KXPGATOUR-MAST26-MKIM,https://polymarket.com/event/will-tom-kim-win-the-2026-masters-tournament,"[""Yes"", ""No""]","[""94271397464139940444762404658702766731986129923165298323146378313509511428612"", ""69624949434295337571403709676602372349435259609618184723270286490716470496235""]",Yes,2026-04-13,2026-04-26T23:00:00Z,2026-04-13
152,bradley,sports_fees_v2,0.0,568664,will-keegan-bradley-win-the-2026-masters-tournament,https://polymarket.com/event/will-keegan-bradley-win-the-2026-masters-tournament,KXPGATOUR-MAST26-KBRA,https://kalshi.com/markets/KXPGATOUR-MAST26-KBRA,https://polymarket.com/event/will-keegan-bradley-win-the-2026-masters-tournament,"[""Yes"", ""No""]","[""105603235209708528772708820102183583646210069076346858272401490235176070874704"", ""55153390161060565029298328248100237917828575569430158598332895641270333532180""]",Yes,2026-04-13,2026-04-26T23:00:00Z,2026-04-13
153,burns,sports_fees_v2,0.0,568665,will-sam-burns-win-the-2026-masters-tournament,https://polymarket.com/event/will-sam-burns-win-the-2026-masters-tournament,KXPGATOUR-MAST26-SBUR,https://kalshi.com/markets/KXPGATOUR-MAST26-SBUR,https://polymarket.com/event/will-sam-burns-win-the-2026-masters-tournament,"[""Yes"", ""No""]","[""19566539796009053600744730783474226093306502177707990226273422805817368579462"", ""98599907167838862713527172626864148434627042053093606807889918612366376251197""]",Yes,2026-04-13,2026-04-26T23:00:00Z,2026-04-13
154,fitzpatrick,sports_fees_v2,0.0,568666,will-matt-fitzpatrick-win-the-2026-masters-tournament,https://polymarket.com/event/will-matt-fitzpatrick-win-the-2026-masters-tournament,KXPGATOUR-MAST26-MFIT,https://kalshi.com/markets/KXPGATOUR-MAST26-MFIT,https://polymarket.com/event/will-matt-fitzpatrick-win-the-2026-masters-tournament,"[""Yes"", ""No""]","[""89412916687151175560118327444920315375809982155120674654821372692943297972641"", ""2082258940458203191723349814869766921802211891480684649367730413440915000729""]",Yes,2026-04-13,2026-04-26T23:00:00Z,2026-04-13
155,young,sports_fees_v2,0.0,568668,will-cameron-young-win-the-2026-masters-tournament,https://polymarket.com/event/will-cameron-young-win-the-2026-masters-tournament,KXPGATOUR-MAST26-CYOU,https://kalshi.com/markets/KXPGATOUR-MAST26-CYOU,https://polymarket.com/event/will-cameron-young-win-the-2026-masters-tournament,"[""Yes"", ""No""]","[""64839620643543455663176545644417187741508741750332061546105736635983287442638"", ""115441174756778497442573516192216092472503715286856402978812563445827005215235""]",Yes,2026-04-13,2026-04-26T23:00:00Z,2026-04-13
156,scott,sports_fees_v2,0.0,568669,will-adam-scott-win-the-2026-masters-tournament,https://polymarket.com/event/will-adam-scott-win-the-2026-masters-tournament,KXPGATOUR-MAST26-ASCO,https://kalshi.com/markets/KXPGATOUR-MAST26-ASCO,https://polymarket.com/event/will-adam-scott-win-the-2026-masters-tournament,"[""Yes"", ""No""]","[""112293648268060831745981889526075753480365208028777202265707298038030821625085"", ""16292998164437715433662093684375597033753256461863698881684021795789375814500""]",Yes,2026-04-13,2026-04-26T23:00:00Z,2026-04-13
157,garcia,sports_fees_v2,0.0,568670,will-sergio-garcia-win-the-2026-masters-tournament,https://polymarket.com/event/will-sergio-garcia-win-the-2026-masters-tournament,KXPGATOUR-MAST26-SGAR,https://kalshi.com/markets/KXPGATOUR-MAST26-SGAR,https://polymarket.com/event/will-sergio-garcia-win-the-2026-masters-tournament,"[""Yes"", ""No""]","[""3803359875662437653391409633542201666222464986706865259786813387216307770857"", ""102629657813818585520112376415685053222512092019387060772375831590045461873897""]",Yes,2026-04-13,2026-04-26T23:00:00Z,2026-04-13
158,rai,sports_fees_v2,0.0,568671,will-aaron-rai-win-the-2026-masters-tournament,https://polymarket.com/event/will-aaron-rai-win-the-2026-masters-tournament,KXPGATOUR-MAST26-ARAI,https://kalshi.com/markets/KXPGATOUR-MAST26-ARAI,https://polymarket.com/event/will-aaron-rai-win-the-2026-masters-tournament,"[""Yes"", ""No""]","[""12633760436820122057509472536236019548880617881010186249708540091093770521780"", ""64537785555581030093390675284579525425561213818733698341637619998207410396065""]",Yes,2026-04-13,2026-04-26T23:00:00Z,2026-04-13
159,mcnealy,sports_fees_v2,0.0,568672,will-maverick-mcnealy-win-the-2026-masters-tournament,https://polymarket.com/event/will-maverick-mcnealy-win-the-2026-masters-tournament,KXPGATOUR-MAST26-MMCN,https://kalshi.com/markets/KXPGATOUR-MAST26-MMCN,https://polymarket.com/event/will-maverick-mcnealy-win-the-2026-masters-tournament,"[""Yes"", ""No""]","[""28987095371035988541340066248507718911580309230112610935094980192686272318244"", ""56494685321530079874891056874945215001498369583140752785641072309678884754053""]",Yes,2026-04-13,2026-04-26T23:00:00Z,2026-04-13
160,hojgaard,sports_fees_v2,0.0,568676,will-nicolai-hojgaard-win-the-2026-masters-tournament,https://polymarket.com/event/will-nicolai-hojgaard-win-the-2026-masters-tournament,KXPGATOUR-MAST26-NHOJ,https://kalshi.com/markets/KXPGATOUR-MAST26-NHOJ,https://polymarket.com/event/will-nicolai-hojgaard-win-the-2026-masters-tournament,"[""Yes"", ""No""]","[""77854720858008404780235384975774602772889459678559050039653090880811455167490"", ""6750047600091019494401600838038321478103480653245623894178245118170463912391""]",Yes,2026-04-13,2026-04-26T23:00:00Z,2026-04-13
161,harman,sports_fees_v2,0.0,568680,will-brian-harman-win-the-2026-masters-tournament,https://polymarket.com/event/will-brian-harman-win-the-2026-masters-tournament,KXPGATOUR-MAST26-BHAR,https://kalshi.com/markets/KXPGATOUR-MAST26-BHAR,https://polymarket.com/event/will-brian-harman-win-the-2026-masters-tournament,"[""Yes"", ""No""]","[""71809345234119198225777842479772611820936479270563731736040141030392641885827"", ""24613671844165678972437014918055393684156414074418482137238511061496885452088""]",Yes,2026-04-13,2026-04-26T23:00:00Z,2026-04-13
162,willett,sports_fees_v2,0.0,568683,will-danny-willett-win-the-2026-masters-tournament,https://polymarket.com/event/will-danny-willett-win-the-2026-masters-tournament,KXPGATOUR-MAST26-DWIL,https://kalshi.com/markets/KXPGATOUR-MAST26-DWIL,https://polymarket.com/event/will-danny-willett-win-the-2026-masters-tournament,"[""Yes"", ""No""]","[""37636540504392952641495742018625799909851409051135836085793499220974595875978"", ""100638223104748796612738843790299522197465085370042510210943288873114943173473""]",Yes,2026-04-13,2026-04-26T23:00:00Z,2026-04-13
163,watson,sports_fees_v2,0.0,568684,will-bubba-watson-win-the-2026-masters-tournament,https://polymarket.com/event/will-bubba-watson-win-the-2026-masters-tournament,KXPGATOUR-MAST26-BWAT,https://kalshi.com/markets/KXPGATOUR-MAST26-BWAT,https://polymarket.com/event/will-bubba-watson-win-the-2026-masters-tournament,"[""Yes"", ""No""]","[""28706344673543340840485575595506696770285421200157834577368475251469334796978"", ""89878896994946632708254160871084164120958912446321046785365331374614501470799""]",Yes,2026-04-13,2026-04-26T23:00:00Z,2026-04-13
164,schwartzel,sports_fees_v2,0.0,568685,will-charl-schwartzel-win-the-2026-masters-tournament,https://polymarket.com/event/will-charl-schwartzel-win-the-2026-masters-tournament,KXPGATOUR-MAST26-CSCH,https://kalshi.com/markets/KXPGATOUR-MAST26-CSCH,https://polymarket.com/event/will-charl-schwartzel-win-the-2026-masters-tournament,"[""Yes"", ""No""]","[""114433834256520234603606906611634484409025341085225894878418887707063366888909"", ""97486603884638701907147078120258734284412618667021950609483989581295500093074""]",Yes,2026-04-13,2026-04-26T23:00:00Z,2026-04-13
165,couples,sports_fees_v2,0.0,568687,will-fred-couples-win-the-2026-masters-tournament,https://polymarket.com/event/will-fred-couples-win-the-2026-masters-tournament,KXPGATOUR-MAST26-FCOU,https://kalshi.com/markets/KXPGATOUR-MAST26-FCOU,https://polymarket.com/event/will-fred-couples-win-the-2026-masters-tournament,"[""Yes"", ""No""]","[""112240843836971565065454257459901577707139130738636511730492517060453533035460"", ""77615336119150547511955748851929078955043880149671579637774828795464512431380""]",Yes,2026-04-13,2026-04-26T23:00:00Z,2026-04-13
166,potgieter,sports_fees_v2,0.0,568689,will-aldrich-potgieter-win-the-2026-masters-tournament,https://polymarket.com/event/will-aldrich-potgieter-win-the-2026-masters-tournament,KXPGATOUR-MAST26-APOT,https://kalshi.com/markets/KXPGATOUR-MAST26-APOT,https://polymarket.com/event/will-aldrich-potgieter-win-the-2026-masters-tournament,"[""Yes"", ""No""]","[""60977828767120457094502842523899419053790985174987441026115021854928244675446"", ""9345725944477585631074734931430872458286662931726049174284461380728535924033""]",Yes,2026-04-13,2026-04-26T23:00:00Z,2026-04-13
167,gotterup,sports_fees_v2,0.0,568690,will-chris-gotterup-win-the-2026-masters-tournament,https://polymarket.com/event/will-chris-gotterup-win-the-2026-masters-tournament,KXPGATOUR-MAST26-CGOT,https://kalshi.com/markets/KXPGATOUR-MAST26-CGOT,https://polymarket.com/event/will-chris-gotterup-win-the-2026-masters-tournament,"[""Yes"", ""No""]","[""59903521524948817210995351145023052041694577357792067581664983181344781301630"", ""65967517527402411834245708438425714441623644657376221141072991765388837197339""]",Yes,2026-04-13,2026-04-26T23:00:00Z,2026-04-13
168,bridgeman,sports_fees_v2,0.0,568692,will-jacob-bridgeman-win-the-2026-masters-tournament,https://polymarket.com/event/will-jacob-bridgeman-win-the-2026-masters-tournament,KXPGATOUR-MAST26-JBRI,https://kalshi.com/markets/KXPGATOUR-MAST26-JBRI,https://polymarket.com/event/will-jacob-bridgeman-win-the-2026-masters-tournament,"[""Yes"", ""No""]","[""17842115398756959532980519268606163734722537766805875570338997213422335535484"", ""95808157929766320354112525897711839847195598709994058771186773302264500778384""]",Yes,2026-04-13,2026-04-26T23:00:00Z,2026-04-13
169,penge,sports_fees_v2,0.0,568694,will-marco-penge-win-the-2026-masters-tournament,https://polymarket.com/event/will-marco-penge-win-the-2026-masters-tournament,KXPGATOUR-MAST26-MPEN,https://kalshi.com/markets/KXPGATOUR-MAST26-MPEN,https://polymarket.com/event/will-marco-penge-win-the-2026-masters-tournament,"[""Yes"", ""No""]","[""31107309487392195370131252481904222411031828312462154906196256400132416321703"", ""81591224156204878379579917366651462571925444142293196326746086262964517743104""]",Yes,2026-04-13,2026-04-26T23:00:00Z,2026-04-13
170,english,sports_fees_v2,0.0,568696,will-harris-english-win-the-2026-masters-tournament,https://polymarket.com/event/will-harris-english-win-the-2026-masters-tournament,KXPGATOUR-MAST26-HENG,https://kalshi.com/markets/KXPGATOUR-MAST26-HENG,https://polymarket.com/event/will-harris-english-win-the-2026-masters-tournament,"[""Yes"", ""No""]","[""113088123576989538280165434178401530114327493286606628375651414746636041540869"", ""77581522215188486029879312062622738855249300013407255380726783007299814636190""]",Yes,2026-04-13,2026-04-26T23:00:00Z,2026-04-13
171,woodland,sports_fees_v2,0.0,568697,will-gary-woodland-win-the-2026-masters-tournament,https://polymarket.com/event/will-gary-woodland-win-the-2026-masters-tournament,KXPGATOUR-MAST26-GWOO,https://kalshi.com/markets/KXPGATOUR-MAST26-GWOO,https://polymarket.com/event/will-gary-woodland-win-the-2026-masters-tournament,"[""Yes"", ""No""]","[""101739059646084616386619460144786296086162622476300462887416978599303488084113"", ""95542758134069523642215372011827559974163447225973471365011816702828570649322""]",Yes,2026-04-13,2026-04-26T23:00:00Z,2026-04-13
172,berger,sports_fees_v2,0.0,568698,will-daniel-berger-win-the-2026-masters-tournament,https://polymarket.com/event/will-daniel-berger-win-the-2026-masters-tournament,KXPGATOUR-MAST26-DBER,https://kalshi.com/markets/KXPGATOUR-MAST26-DBER,https://polymarket.com/event/will-daniel-berger-win-the-2026-masters-tournament,"[""Yes"", ""No""]","[""38648277770010917064234114401988108109029562796261666572026392941931323450814"", ""54253528711596473960510684921351459440478561904480549565164607462614836065672""]",Yes,2026-04-13,2026-04-26T23:00:00Z,2026-04-13
173,kitayama,sports_fees_v2,0.0,568700,will-kurt-kitayama-win-the-2026-masters-tournament,https://polymarket.com/event/will-kurt-kitayama-win-the-2026-masters-tournament,KXPGATOUR-MAST26-KKIT,https://kalshi.com/markets/KXPGATOUR-MAST26-KKIT,https://polymarket.com/event/will-kurt-kitayama-win-the-2026-masters-tournament,"[""Yes"", ""No""]","[""61438040215702266135331144984577268216832515032085669236382230350148791270019"", ""32575472082830880257128493150643488187461923160311787539057313746469709872380""]",Yes,2026-04-13,2026-04-26T23:00:00Z,2026-04-13
174,fox,sports_fees_v2,0.0,568701,will-ryan-fox-win-the-2026-masters-tournament,https://polymarket.com/event/will-ryan-fox-win-the-2026-masters-tournament,KXPGATOUR-MAST26-RFOX,https://kalshi.com/markets/KXPGATOUR-MAST26-RFOX,https://polymarket.com/event/will-ryan-fox-win-the-2026-masters-tournament,"[""Yes"", ""No""]","[""72790861519788864445713981116037085571134821767984437374172822481482316892942"", ""28812666045453324666800435214007052573771983118396818212841517951103426481499""]",Yes,2026-04-13,2026-04-26T23:00:00Z,2026-04-13
175,jarvis,sports_fees_v2,0.0,568702,will-casey-jarvis-win-the-2026-masters-tournament,https://polymarket.com/event/will-casey-jarvis-win-the-2026-masters-tournament,KXPGATOUR-MAST26-CJAR,https://kalshi.com/markets/KXPGATOUR-MAST26-CJAR,https://polymarket.com/event/will-casey-jarvis-win-the-2026-masters-tournament,"[""Yes"", ""No""]","[""15745862123435098044987319173829438150853273250250487070932366284319758726688"", ""38734467113169978394000020658525996163016666452701261113180960712974626919085""]",Yes,2026-04-13,2026-04-26T23:00:00Z,2026-04-13
176,greyserman,sports_fees_v2,0.0,568703,will-max-greyserman-win-the-2026-masters-tournament,https://polymarket.com/event/will-max-greyserman-win-the-2026-masters-tournament,KXPGATOUR-MAST26-MGRE,https://kalshi.com/markets/KXPGATOUR-MAST26-MGRE,https://polymarket.com/event/will-max-greyserman-win-the-2026-masters-tournament,"[""Yes"", ""No""]","[""18655939300341504126637458047838193771181220823904229430694341181686158048031"", ""37935243452202736575088312168885714466601358018653394191372193803876360413720""]",Yes,2026-04-13,2026-04-26T23:00:00Z,2026-04-13
177,taylor,sports_fees_v2,0.0,568704,will-nick-taylor-win-the-2026-masters-tournament,https://polymarket.com/event/will-nick-taylor-win-the-2026-masters-tournament,KXPGATOUR-MAST26-NTAY,https://kalshi.com/markets/KXPGATOUR-MAST26-NTAY,https://polymarket.com/event/will-nick-taylor-win-the-2026-masters-tournament,"[""Yes"", ""No""]","[""94766360000628671201462615463502997004904496182175340586230493606540689803449"", ""51855706119444838898183064140625477153964707167457273706180987527109026962597""]",Yes,2026-04-13,2026-04-26T23:00:00Z,2026-04-13
178,echavarria,sports_fees_v2,0.0,568705,will-nicolas-echavarria-win-the-2026-masters-tournament,https://polymarket.com/event/will-nicolas-echavarria-win-the-2026-masters-tournament,KXPGATOUR-MAST26-NECH,https://kalshi.com/markets/KXPGATOUR-MAST26-NECH,https://polymarket.com/event/will-nicolas-echavarria-win-the-2026-masters-tournament,"[""Yes"", ""No""]","[""72959507234006190490755132852365579494921830788772747446005099684117466651256"", ""5064766321121991071125998432118258650078407002317809879604826181751616403487""]",Yes,2026-04-13,2026-04-26T23:00:00Z,2026-04-13
179,mccarty,sports_fees_v2,0.0,568706,will-matt-mccarty-win-the-2026-masters-tournament,https://polymarket.com/event/will-matt-mccarty-win-the-2026-masters-tournament,KXPGATOUR-MAST26-MMCC,https://kalshi.com/markets/KXPGATOUR-MAST26-MMCC,https://polymarket.com/event/will-matt-mccarty-win-the-2026-masters-tournament,"[""Yes"", ""No""]","[""94251353462955456355946592538898430239918158839562197850722210062555139664332"", ""70811164545400035695485328229970868570858353648061343439263204658701020277676""]",Yes,2026-04-13,2026-04-26T23:00:00Z,2026-04-13
180,gerard,sports_fees_v2,0.0,568707,will-ryan-gerard-win-the-2026-masters-tournament,https://polymarket.com/event/will-ryan-gerard-win-the-2026-masters-tournament,KXPGATOUR-MAST26-RGER,https://kalshi.com/markets/KXPGATOUR-MAST26-RGER,https://polymarket.com/event/will-ryan-gerard-win-the-2026-masters-tournament,"[""Yes"", ""No""]","[""20620999068820104498122474562644378055206283459663121485916196259312886286102"", ""71508365270488820020416990939850059850875403639680884451376136813444892162572""]",Yes,2026-04-13,2026-04-26T23:00:00Z,2026-04-13
181,stevens,sports_fees_v2,0.0,568708,will-sam-stevens-win-the-2026-masters-tournament,https://polymarket.com/event/will-sam-stevens-win-the-2026-masters-tournament,KXPGATOUR-MAST26-SSTE,https://kalshi.com/markets/KXPGATOUR-MAST26-SSTE,https://polymarket.com/event/will-sam-stevens-win-the-2026-masters-tournament,"[""Yes"", ""No""]","[""18019106268696788316375277222030385527510567942893720685463748845182474502270"", ""91785722311907932086704927751791774897183390921753437485367836126948857532833""]",Yes,2026-04-13,2026-04-26T23:00:00Z,2026-04-13
182,hall,sports_fees_v2,0.0,568709,will-harry-hall-win-the-2026-masters-tournament,https://polymarket.com/event/will-harry-hall-win-the-2026-masters-tournament,KXPGATOUR-MAST26-HHAL,https://kalshi.com/markets/KXPGATOUR-MAST26-HHAL,https://polymarket.com/event/will-harry-hall-win-the-2026-masters-tournament,"[""Yes"", ""No""]","[""69777725535160963468227905359017118387351520563868638655837428667078653717316"", ""99894414606262071685044411532180184377984513562803956080412195068242150402696""]",Yes,2026-04-13,2026-04-26T23:00:00Z,2026-04-13
183,mckibbin,sports_fees_v2,0.0,568710,will-tom-mckibbin-win-the-2026-masters-tournament,https://polymarket.com/event/will-tom-mckibbin-win-the-2026-masters-tournament,KXPGATOUR-MAST26-TMCK,https://kalshi.com/markets/KXPGATOUR-MAST26-TMCK,https://polymarket.com/event/will-tom-mckibbin-win-the-2026-masters-tournament,"[""Yes"", ""No""]","[""49234568130487879745601712810445804382459479446208764251583273557882805576729"", ""31382151245002861430487572021341064016807352404118843732767776421335839356129""]",Yes,2026-04-13,2026-04-26T23:00:00Z,2026-04-13
184,keefer,sports_fees_v2,0.0,568713,will-johnny-keefer-win-the-2026-masters-tournament,https://polymarket.com/event/will-johnny-keefer-win-the-2026-masters-tournament,KXPGATOUR-MAST26-JKEE,https://kalshi.com/markets/KXPGATOUR-MAST26-JKEE,https://polymarket.com/event/will-johnny-keefer-win-the-2026-masters-tournament,"[""Yes"", ""No""]","[""45488429734661953993977898937473088417439244320169072454401503005907717601012"", ""81310326785004565223276664754543888073919310092669885308706886318843565360905""]",Yes,2026-04-13,2026-04-26T23:00:00Z,2026-04-13
185,novak,sports_fees_v2,0.0,575823,will-andrew-novak-win-the-2026-masters-tournament,https://polymarket.com/event/will-andrew-novak-win-the-2026-masters-tournament,KXPGATOUR-MAST26-ANOV,https://kalshi.com/markets/KXPGATOUR-MAST26-ANOV,https://polymarket.com/event/will-andrew-novak-win-the-2026-masters-tournament,"[""Yes"", ""No""]","[""730769404066832055891799031364262121741277536587020039330425048589618196557"", ""85390680575290146220657635573059268988976773829422082914705689434854010723631""]",Yes,2026-04-13,2026-04-26T23:00:00Z,2026-04-13
186,brennan,sports_fees_v2,0.0,575824,will-michael-brennan-win-the-2026-masters-tournament,https://polymarket.com/event/will-michael-brennan-win-the-2026-masters-tournament,KXPGATOUR-MAST26-MBRE,https://kalshi.com/markets/KXPGATOUR-MAST26-MBRE,https://polymarket.com/event/will-michael-brennan-win-the-2026-masters-tournament,"[""Yes"", ""No""]","[""30025850814560148026547079475051821850967674149148867306770277486125435636347"", ""21627703558767706978249413583906530556983314608502872576738984020465772242612""]",Yes,2026-04-13,2026-04-26T23:00:00Z,2026-04-13
187,reitan,sports_fees_v2,0.0,575825,will-kristoffer-reitan-win-the-2026-masters-tournament,https://polymarket.com/event/will-kristoffer-reitan-win-the-2026-masters-tournament,KXPGATOUR-MAST26-KREI,https://kalshi.com/markets/KXPGATOUR-MAST26-KREI,https://polymarket.com/event/will-kristoffer-reitan-win-the-2026-masters-tournament,"[""Yes"", ""No""]","[""3981356140487554548610008998868480497526415968493028557050919380033355643624"", ""52683134973541915628943178906694291574251545098985947251248903509795139795025""]",Yes,2026-04-13,2026-04-26T23:00:00Z,2026-04-13
188,riley,sports_fees_v2,0.0,575826,will-davis-riley-win-the-2026-masters-tournament,https://polymarket.com/event/will-davis-riley-win-the-2026-masters-tournament,KXPGATOUR-MAST26-DRIL,https://kalshi.com/markets/KXPGATOUR-MAST26-DRIL,https://polymarket.com/event/will-davis-riley-win-the-2026-masters-tournament,"[""Yes"", ""No""]","[""28887003849208219961670856419162029525173383104792373800765837304125189630977"", ""47432765404231269051460714854580412523036943995290096216065782708271570760651""]",Yes,2026-04-13,2026-04-26T23:00:00Z,2026-04-13
189,noren,sports_fees_v2,0.0,575827,will-alexander-noren-win-the-2026-masters-tournament,https://polymarket.com/event/will-alexander-noren-win-the-2026-masters-tournament,KXPGATOUR-MAST26-ANOR,https://kalshi.com/markets/KXPGATOUR-MAST26-ANOR,https://polymarket.com/event/will-alexander-noren-win-the-2026-masters-tournament,"[""Yes"", ""No""]","[""84748824960028134079202956583650185738205368568930472000493354016134764507611"", ""84721657627791744807278417975730242729480746926596835703244564077654496546738""]",Yes,2026-04-13,2026-04-26T23:00:00Z,2026-04-13
190,campbell,sports_fees_v2,0.0,575828,will-brian-campbell-win-the-2026-masters-tournament,https://polymarket.com/event/will-brian-campbell-win-the-2026-masters-tournament,KXPGATOUR-MAST26-BCAM,https://kalshi.com/markets/KXPGATOUR-MAST26-BCAM,https://polymarket.com/event/will-brian-campbell-win-the-2026-masters-tournament,"[""Yes"", ""No""]","[""70852938711658057341160748168140539409651898656808082741920494681206779472043"", ""20704044287347876195188312136262395029729166558914459597555342096442716176659""]",Yes,2026-04-13,2026-04-26T23:00:00Z,2026-04-13
191,fang,sports_fees_v2,0.0,575829,will-ethan-fang-win-the-2026-masters-tournament,https://polymarket.com/event/will-ethan-fang-win-the-2026-masters-tournament,KXPGATOUR-MAST26-EFAN,https://kalshi.com/markets/KXPGATOUR-MAST26-EFAN,https://polymarket.com/event/will-ethan-fang-win-the-2026-masters-tournament,"[""Yes"", ""No""]","[""39632195398656976912081315748483308852917496963771324484088774556697129170520"", ""31523663817525003548583162798162097841330790377816056264378905072763701000972""]",Yes,2026-04-13,2026-04-26T23:00:00Z,2026-04-13
192,laopakdee,sports_fees_v2,0.0,575830,will-pongsapak-laopakdee-win-the-2026-masters-tournament,https://polymarket.com/event/will-pongsapak-laopakdee-win-the-2026-masters-tournament,KXPGATOUR-MAST26-FLAO,https://kalshi.com/markets/KXPGATOUR-MAST26-FLAO,https://polymarket.com/event/will-pongsapak-laopakdee-win-the-2026-masters-tournament,"[""Yes"", ""No""]","[""93147348912575328010130961210737789225795670547053958185929614512038663012280"", ""102734149945953827434873957964438241884809122624327469740371739492718418929249""]",Yes,2026-04-13,2026-04-26T23:00:00Z,2026-04-13
193,kataoka,sports_fees_v2,0.0,575831,will-naoyuki-kataoka-win-the-2026-masters-tournament,https://polymarket.com/event/will-naoyuki-kataoka-win-the-2026-masters-tournament,KXPGATOUR-MAST26-NKAT,https://kalshi.com/markets/KXPGATOUR-MAST26-NKAT,https://polymarket.com/event/will-naoyuki-kataoka-win-the-2026-masters-tournament,"[""Yes"", ""No""]","[""17650263620926334253134158898009136200834878171799179732859960799509445805878"", ""789145079628523449738356040942437203466290687063283175390990814039721846519""]",Yes,2026-04-13,2026-04-26T23:00:00Z,2026-04-13
