sport,league,confidence,shared_teams,days_apart,poly_market_id,poly_title,poly_outcome,poly_teams,poly_date,poly_url,poly_slug,poly_event_url,poly_outcomes,poly_token_ids,expiry_poly_utc,resolution_time,kalshi_event_ticker,kalshi_market_id,kalshi_market_id_b,kalshi_title,kalshi_teams,kalshi_date,kalshi_url,expiry_kalshi_utc
Soccer,MLS,high,austin fc; san diego fc,0,2000508,san diego fc austin fc,Yes,San Diego FC; Austin FC,2026-05-13,https://polymarket.com/event/mls-sdg-aus-2026-05-13-btts,mls-sdg-aus-2026-05-13-btts,https://polymarket.com/event/mls-sdg-aus-2026-05-13-btts,"[""Yes"", ""No""]","[""37072534417242202171183564191065204437762946091360197278875236224000003011386"", ""51687441412508384703067185508191322566156650897856129486863547566550542679611""]",2026-05-14,2026-05-14,KXMLSBTTS-26MAY13SDATX,KXMLSBTTS-26MAY13SDATX-BTTS,,Will both teams score?,San Diego FC; Austin FC,2026-05-13,https://kalshi.com/markets/KXMLSBTTS-26MAY13SDATX-BTTS,2026-05-28T01:30:00Z
Soccer,MLS,high,san jose earthquakes; seattle sounders,0,2000518,seattle sounders san jose earthquakes,Yes,Seattle Sounders; San Jose Earthquakes,2026-05-13,https://polymarket.com/event/mls-sea-sje-2026-05-13-btts,mls-sea-sje-2026-05-13-btts,https://polymarket.com/event/mls-sea-sje-2026-05-13-btts,"[""Yes"", ""No""]","[""982818821240196076781613219939588535453626216875147552178065346870675550753"", ""8285624228197839732544478548167654574969724627696319364557845901417946010608""]",2026-05-14,2026-05-14,KXMLSBTTS-26MAY13SEASJ,KXMLSBTTS-26MAY13SEASJ-BTTS,,Will both teams score?,Seattle Sounders; San Jose Earthquakes,2026-05-13,https://kalshi.com/markets/KXMLSBTTS-26MAY13SEASJ-BTTS,2026-05-28T01:30:00Z
Soccer,MLS,high,houston dynamo; real salt lake,0,2000527,real salt lake houston dynamo,Yes,Real Salt Lake; Houston Dynamo,2026-05-13,https://polymarket.com/event/mls-rsl-hou-2026-05-13-btts,mls-rsl-hou-2026-05-13-btts,https://polymarket.com/event/mls-rsl-hou-2026-05-13-btts,"[""Yes"", ""No""]","[""57198522361969199022829052545632708903764836184453695673058120947473275821246"", ""40206243658534452951990153735871303695044180656410924671225096824374033300227""]",2026-05-14,2026-05-14,KXMLSBTTS-26MAY13RSLHOU,KXMLSBTTS-26MAY13RSLHOU-BTTS,,Will both teams score?,Real Salt Lake; Houston Dynamo,2026-05-13,https://kalshi.com/markets/KXMLSBTTS-26MAY13RSLHOU-BTTS,2026-05-28T01:30:00Z
Soccer,MLS,high,la galaxy; sporting kansas city,0,2000537,sporting kansas city la galaxy,Yes,Sporting Kansas City; LA Galaxy,2026-05-13,https://polymarket.com/event/mls-skc-lag-2026-05-13-btts,mls-skc-lag-2026-05-13-btts,https://polymarket.com/event/mls-skc-lag-2026-05-13-btts,"[""Yes"", ""No""]","[""16996032054951580377073818882323848966526185330210644775573733257458227533801"", ""32876386138510244292300311597075193430732846860969916803219756519843024095066""]",2026-05-14,2026-05-14,KXMLSBTTS-26MAY13SKCLAG,KXMLSBTTS-26MAY13SKCLAG-BTTS,,Will both teams score?,Sporting Kansas City; LA Galaxy,2026-05-13,https://kalshi.com/markets/KXMLSBTTS-26MAY13SKCLAG-BTTS,2026-05-28T00:30:00Z
Soccer,MLS,high,colorado rapids; minnesota united fc,0,2000547,minnesota united fc colorado rapids,Yes,Minnesota United FC; Colorado Rapids,2026-05-13,https://polymarket.com/event/mls-min-col-2026-05-13-btts,mls-min-col-2026-05-13-btts,https://polymarket.com/event/mls-min-col-2026-05-13-btts,"[""Yes"", ""No""]","[""102424092890108300563346646815724715281557289239017430996519312071826405662710"", ""60883989388010557514223616255857645613038942234769761466364224074243533589287""]",2026-05-14,2026-05-14,KXMLSBTTS-26MAY13MINCOL,KXMLSBTTS-26MAY13MINCOL-BTTS,,Will both teams score?,Minnesota United FC; Colorado Rapids,2026-05-13,https://kalshi.com/markets/KXMLSBTTS-26MAY13MINCOL-BTTS,2026-05-28T00:30:00Z
Soccer,MLS,high,fc dallas; vancouver whitecaps,0,2000557,fc dallas vancouver whitecaps,Yes,FC Dallas; Vancouver Whitecaps,2026-05-13,https://polymarket.com/event/mls-dal-vwh-2026-05-13-btts,mls-dal-vwh-2026-05-13-btts,https://polymarket.com/event/mls-dal-vwh-2026-05-13-btts,"[""Yes"", ""No""]","[""96941941140326310090673100038393686146664519125693233574506691357126674256065"", ""93626357399059347182766483124313689518083653915318161891833577598184281038746""]",2026-05-14,2026-05-14,KXMLSBTTS-26MAY13DALVAN,KXMLSBTTS-26MAY13DALVAN-BTTS,,Will both teams score?,FC Dallas; Vancouver Whitecaps,2026-05-13,https://kalshi.com/markets/KXMLSBTTS-26MAY13DALVAN-BTTS,2026-05-28T00:30:00Z
Soccer,MLS,high,los angeles fc; st. louis city sc,0,2000566,st. louis city sc los angeles fc,Yes,St. Louis City SC; Los Angeles FC,2026-05-13,https://polymarket.com/event/mls-stl-laf-2026-05-13-btts,mls-stl-laf-2026-05-13-btts,https://polymarket.com/event/mls-stl-laf-2026-05-13-btts,"[""Yes"", ""No""]","[""61888948449209741574340806774747442648491756051214422395680604161874875509616"", ""85977436250752019640185796656397951979801550915847150230479809761013597133591""]",2026-05-14,2026-05-14,KXMLSBTTS-26MAY13STLLAFC,KXMLSBTTS-26MAY13STLLAFC-BTTS,,Will both teams score?,St. Louis City SC; Los Angeles FC,2026-05-13,https://kalshi.com/markets/KXMLSBTTS-26MAY13STLLAFC-BTTS,2026-05-28T00:30:00Z
Soccer,MLS,high,chicago fire fc; dc united,0,2000594,dc united chicago fire fc,Yes,DC United; Chicago Fire FC,2026-05-13,https://polymarket.com/event/mls-dcu-chi-2026-05-13-btts,mls-dcu-chi-2026-05-13-btts,https://polymarket.com/event/mls-dcu-chi-2026-05-13-btts,"[""Yes"", ""No""]","[""38737197526437487934312188366296020701683536644702668905975535783925319258326"", ""97550848065182923668507017204900928923549374367914932836385423104045465020877""]",2026-05-13,2026-05-13,KXMLSBTTS-26MAY13DCUCHI,KXMLSBTTS-26MAY13DCUCHI-BTTS,,Will both teams score?,DC United; Chicago Fire FC,2026-05-13,https://kalshi.com/markets/KXMLSBTTS-26MAY13DCUCHI-BTTS,2026-05-27T23:30:00Z
Soccer,MLS,high,orlando city sc; philadelphia union,0,2000612,orlando city sc philadelphia union,Yes,Orlando City SC; Philadelphia Union,2026-05-13,https://polymarket.com/event/mls-orl-phi-2026-05-13-btts,mls-orl-phi-2026-05-13-btts,https://polymarket.com/event/mls-orl-phi-2026-05-13-btts,"[""Yes"", ""No""]","[""104141343220601641184285871240434085536165088104498359501453479717175642476054"", ""64140535575964047773190862790721470097591533717396417624907423293538641573560""]",2026-05-13,2026-05-13,KXMLSBTTS-26MAY13ORLPHI,KXMLSBTTS-26MAY13ORLPHI-BTTS,,Will both teams score?,Orlando City SC; Philadelphia Union,2026-05-13,https://kalshi.com/markets/KXMLSBTTS-26MAY13ORLPHI-BTTS,2026-05-27T23:30:00Z
Soccer,MLS,high,charlotte fc; new york city fc,0,2000630,charlotte fc new york city fc,Yes,Charlotte FC; New York City FC,2026-05-13,https://polymarket.com/event/mls-clt-nyc-2026-05-13-btts,mls-clt-nyc-2026-05-13-btts,https://polymarket.com/event/mls-clt-nyc-2026-05-13-btts,"[""Yes"", ""No""]","[""6300344471902176942816488620406013252200240384916516079006614893975002649832"", ""96891956384752999168803364593267281180471732194868296390469250055040315668741""]",2026-05-13,2026-05-13,KXMLSBTTS-26MAY13CLTNYC,KXMLSBTTS-26MAY13CLTNYC-BTTS,,Will both teams score?,Charlotte FC; New York City FC,2026-05-13,https://kalshi.com/markets/KXMLSBTTS-26MAY13CLTNYC-BTTS,2026-05-27T23:00:00Z
Esports,LoL,high,anyone's legend; team we,0,2152940,anyone's legend team we,Anyone's Legend,Anyone's Legend; Team WE,2026-05-13,https://polymarket.com/event/lol-we-al-2026-05-13,lol-we-al-2026-05-13,https://polymarket.com/event/lol-we-al-2026-05-13,"[""Anyone's Legend"", ""Team WE""]","[""14539955173818168238511780789843272696969579160117668169952058495099199621992"", ""10632228009771427128491216387722833189110283130607688010168961895216990569060""]",2026-05-13,2026-05-13,KXLOLGAME-26MAY130700ALWE,KXLOLGAME-26MAY130700ALWE-AL,KXLOLGAME-26MAY130700ALWE-WE,Will Anyone's Legend win the Anyone's Legend vs. Team WE League of Legends match?,Anyone's Legend; Team WE,2026-05-13,https://kalshi.com/markets/KXLOLGAME-26MAY130700ALWE-AL,2026-05-27T11:00:00Z
Baseball,MLB,high,angels; guardians,0,2174581,guardians angels,Cleveland Guardians,Guardians; Angels,2026-05-12,https://polymarket.com/event/mlb-laa-cle-2026-05-12,mlb-laa-cle-2026-05-12,https://polymarket.com/event/mlb-laa-cle-2026-05-12,"[""Cleveland Guardians"", ""Los Angeles Angels""]","[""112030999083984641956545905325668583442228550371706514092488187943579566157400"", ""63515547575073894921156020232091780472114679597399658300601314130752456054232""]",2026-05-19,2026-05-19,KXMLBGAME-26MAY121810LAACLE,KXMLBGAME-26MAY121810LAACLE-CLE,KXMLBGAME-26MAY121810LAACLE-LAA,Los Angeles A vs Cleveland Winner?,Angels; Guardians,2026-05-12,https://kalshi.com/markets/KXMLBGAME-26MAY121810LAACLE-CLE,2026-05-15T22:10:00Z
Baseball,MLB,high,angels; guardians,0,2181649,guardians angels,Cleveland Guardians,Guardians; Angels,2026-05-13,https://polymarket.com/event/mlb-laa-cle-2026-05-13,mlb-laa-cle-2026-05-13,https://polymarket.com/event/mlb-laa-cle-2026-05-13,"[""Cleveland Guardians"", ""Los Angeles Angels""]","[""49966674992078850333570301501271232348831157857220624943002280550636576226305"", ""9532538877823553508856115380935187535292588099273836667171510959762281146631""]",2026-05-20,2026-05-20,KXMLBGAME-26MAY131310LAACLE,KXMLBGAME-26MAY131310LAACLE-CLE,KXMLBGAME-26MAY131310LAACLE-LAA,Los Angeles A vs Cleveland Winner?,Angels; Guardians,2026-05-13,https://kalshi.com/markets/KXMLBGAME-26MAY131310LAACLE-CLE,2026-05-16T17:10:00Z
Baseball,MLB,high,orioles; yankees,0,2174583,orioles yankees,Baltimore Orioles,Orioles; Yankees,2026-05-12,https://polymarket.com/event/mlb-nyy-bal-2026-05-12,mlb-nyy-bal-2026-05-12,https://polymarket.com/event/mlb-nyy-bal-2026-05-12,"[""Baltimore Orioles"", ""New York Yankees""]","[""11663726741045006987462938499387735536779763640472246360934930197343501720316"", ""13463071543565334580111269185648655468809714181379777763080109913986397204""]",2026-05-19,2026-05-19,KXMLBGAME-26MAY121835NYYBAL,KXMLBGAME-26MAY121835NYYBAL-BAL,KXMLBGAME-26MAY121835NYYBAL-NYY,New York Y vs Baltimore Winner?,Yankees; Orioles,2026-05-12,https://kalshi.com/markets/KXMLBGAME-26MAY121835NYYBAL-BAL,2026-05-15T22:35:00Z
Baseball,MLB,high,orioles; yankees,0,2181655,orioles yankees,Baltimore Orioles,Orioles; Yankees,2026-05-13,https://polymarket.com/event/mlb-nyy-bal-2026-05-13,mlb-nyy-bal-2026-05-13,https://polymarket.com/event/mlb-nyy-bal-2026-05-13,"[""Baltimore Orioles"", ""New York Yankees""]","[""4117419607435732286189834008379320045695892664143715501862423752965230083645"", ""82388786773589851193742394877452126076926310721140528358302805508780319303983""]",2026-05-20,2026-05-20,KXMLBGAME-26MAY131835NYYBAL,KXMLBGAME-26MAY131835NYYBAL-BAL,KXMLBGAME-26MAY131835NYYBAL-NYY,New York Y vs Baltimore Winner?,Yankees; Orioles,2026-05-13,https://kalshi.com/markets/KXMLBGAME-26MAY131835NYYBAL-BAL,2026-05-16T22:35:00Z
Baseball,MLB,high,nationals; reds,0,2174585,reds nationals,Cincinnati Reds,Reds; Nationals,2026-05-12,https://polymarket.com/event/mlb-wsh-cin-2026-05-12,mlb-wsh-cin-2026-05-12,https://polymarket.com/event/mlb-wsh-cin-2026-05-12,"[""Cincinnati Reds"", ""Washington Nationals""]","[""22168943956567031970720054008264682239937037111117339171609397494031227398157"", ""39057796882551964569649237862890203123736552072256577415687209121036329731948""]",2026-05-19,2026-05-19,KXMLBGAME-26MAY121840WSHCIN,KXMLBGAME-26MAY121840WSHCIN-CIN,KXMLBGAME-26MAY121840WSHCIN-WSH,Washington vs Cincinnati Winner?,Nationals; Reds,2026-05-12,https://kalshi.com/markets/KXMLBGAME-26MAY121840WSHCIN-CIN,2026-05-15T22:40:00Z
Baseball,MLB,high,nationals; reds,0,2181657,reds nationals,Cincinnati Reds,Reds; Nationals,2026-05-13,https://polymarket.com/event/mlb-wsh-cin-2026-05-13,mlb-wsh-cin-2026-05-13,https://polymarket.com/event/mlb-wsh-cin-2026-05-13,"[""Cincinnati Reds"", ""Washington Nationals""]","[""10495815713352515788073143987875582846253198626224757103374696813124402559818"", ""17656988827925453729612113154528264509430823067303544398533266178797318267473""]",2026-05-20,2026-05-20,KXMLBGAME-26MAY131840WSHCIN,KXMLBGAME-26MAY131840WSHCIN-CIN,KXMLBGAME-26MAY131840WSHCIN-WSH,Washington vs Cincinnati Winner?,Nationals; Reds,2026-05-13,https://kalshi.com/markets/KXMLBGAME-26MAY131840WSHCIN-CIN,2026-05-16T22:40:00Z
Baseball,MLB,high,pirates; rockies,0,2174587,rockies pirates,Colorado Rockies,Rockies; Pirates,2026-05-12,https://polymarket.com/event/mlb-col-pit-2026-05-12,mlb-col-pit-2026-05-12,https://polymarket.com/event/mlb-col-pit-2026-05-12,"[""Colorado Rockies"", ""Pittsburgh Pirates""]","[""19394870570898838419724611216018883897538537737970435926114853501656370557379"", ""101177955782478544061218744393729347454545943876553503469876126307914370854897""]",2026-05-19,2026-05-19,KXMLBGAME-26MAY121840COLPIT,KXMLBGAME-26MAY121840COLPIT-COL,KXMLBGAME-26MAY121840COLPIT-PIT,Colorado vs Pittsburgh Winner?,Rockies; Pirates,2026-05-12,https://kalshi.com/markets/KXMLBGAME-26MAY121840COLPIT-COL,2026-05-15T22:40:00Z
Baseball,MLB,high,pirates; rockies,0,2181659,rockies pirates,Colorado Rockies,Rockies; Pirates,2026-05-13,https://polymarket.com/event/mlb-col-pit-2026-05-13,mlb-col-pit-2026-05-13,https://polymarket.com/event/mlb-col-pit-2026-05-13,"[""Colorado Rockies"", ""Pittsburgh Pirates""]","[""14193160368737541046008171641544420669757638940441330990156738290514516113454"", ""44269008966120359829807798103276768653400426124488317140909676549031449669686""]",2026-05-20,2026-05-20,KXMLBGAME-26MAY131840COLPIT,KXMLBGAME-26MAY131840COLPIT-COL,KXMLBGAME-26MAY131840COLPIT-PIT,Colorado vs Pittsburgh Winner?,Rockies; Pirates,2026-05-13,https://kalshi.com/markets/KXMLBGAME-26MAY131840COLPIT-COL,2026-05-16T22:40:00Z
Baseball,MLB,high,phillies; red sox,0,2174589,red sox phillies,Boston Red Sox,Red Sox; Phillies,2026-05-12,https://polymarket.com/event/mlb-phi-bos-2026-05-12,mlb-phi-bos-2026-05-12,https://polymarket.com/event/mlb-phi-bos-2026-05-12,"[""Boston Red Sox"", ""Philadelphia Phillies""]","[""43396939605826759554604957713595061573964751611146325047715095045185994105404"", ""103437215861566683412818488615535329029588360648391582319600657375816052201537""]",2026-05-19,2026-05-19,KXMLBGAME-26MAY121845PHIBOS,KXMLBGAME-26MAY121845PHIBOS-BOS,KXMLBGAME-26MAY121845PHIBOS-PHI,Philadelphia vs Boston Winner?,Phillies; Red Sox,2026-05-12,https://kalshi.com/markets/KXMLBGAME-26MAY121845PHIBOS-BOS,2026-05-15T22:45:00Z
Baseball,MLB,high,phillies; red sox,0,2181661,red sox phillies,Boston Red Sox,Red Sox; Phillies,2026-05-13,https://polymarket.com/event/mlb-phi-bos-2026-05-13,mlb-phi-bos-2026-05-13,https://polymarket.com/event/mlb-phi-bos-2026-05-13,"[""Boston Red Sox"", ""Philadelphia Phillies""]","[""29026919845756740841356357552225453472735507054034033419809931477495060298691"", ""30796011657910401159512968920920487944430824501922160843331725874134315852950""]",2026-05-20,2026-05-20,KXMLBGAME-26MAY131845PHIBOS,KXMLBGAME-26MAY131845PHIBOS-BOS,KXMLBGAME-26MAY131845PHIBOS-PHI,Philadelphia vs Boston Winner?,Phillies; Red Sox,2026-05-13,https://kalshi.com/markets/KXMLBGAME-26MAY131845PHIBOS-BOS,2026-05-16T22:45:00Z
Baseball,MLB,high,blue jays; rays,0,2174591,rays blue jays,Tampa Bay Rays,Rays; Blue Jays,2026-05-12,https://polymarket.com/event/mlb-tb-tor-2026-05-12,mlb-tb-tor-2026-05-12,https://polymarket.com/event/mlb-tb-tor-2026-05-12,"[""Tampa Bay Rays"", ""Toronto Blue Jays""]","[""72127984311788607780867223119873874695940879179111014060396369847401906769079"", ""35445556779482150003504048368161866593793831800625468593612752835121838616541""]",2026-05-19,2026-05-19,KXMLBGAME-26MAY121907TBTOR,KXMLBGAME-26MAY121907TBTOR-TB,KXMLBGAME-26MAY121907TBTOR-TOR,Tampa Bay vs Toronto Winner?,Rays; Blue Jays,2026-05-12,https://kalshi.com/markets/KXMLBGAME-26MAY121907TBTOR-TB,2026-05-15T23:07:00Z
Baseball,MLB,high,blue jays; rays,0,2181663,rays blue jays,Tampa Bay Rays,Rays; Blue Jays,2026-05-13,https://polymarket.com/event/mlb-tb-tor-2026-05-13,mlb-tb-tor-2026-05-13,https://polymarket.com/event/mlb-tb-tor-2026-05-13,"[""Tampa Bay Rays"", ""Toronto Blue Jays""]","[""18976906285266751949075858272006087421770764500199130732661364967354622294642"", ""105670823691903723711185081113105289394698959723448178153980601054248711793983""]",2026-05-20,2026-05-20,KXMLBGAME-26MAY131907TBTOR,KXMLBGAME-26MAY131907TBTOR-TB,KXMLBGAME-26MAY131907TBTOR-TOR,Tampa Bay vs Toronto Winner?,Rays; Blue Jays,2026-05-13,https://kalshi.com/markets/KXMLBGAME-26MAY131907TBTOR-TB,2026-05-16T23:07:00Z
Baseball,MLB,high,mets; tigers,0,2174593,tigers mets,Detroit Tigers,Tigers; Mets,2026-05-12,https://polymarket.com/event/mlb-det-nym-2026-05-12,mlb-det-nym-2026-05-12,https://polymarket.com/event/mlb-det-nym-2026-05-12,"[""Detroit Tigers"", ""New York Mets""]","[""4771534573634910469188323778883062172413093598384773193015933382889299467353"", ""26997251238125408881913538677616510674420586107564606217637764143926618507498""]",2026-05-19,2026-05-19,KXMLBGAME-26MAY121910DETNYM,KXMLBGAME-26MAY121910DETNYM-DET,KXMLBGAME-26MAY121910DETNYM-NYM,Detroit vs New York M Winner?,Tigers; Mets,2026-05-12,https://kalshi.com/markets/KXMLBGAME-26MAY121910DETNYM-DET,2026-05-15T23:10:00Z
Baseball,MLB,high,mets; tigers,0,2181665,tigers mets,Detroit Tigers,Tigers; Mets,2026-05-13,https://polymarket.com/event/mlb-det-nym-2026-05-13,mlb-det-nym-2026-05-13,https://polymarket.com/event/mlb-det-nym-2026-05-13,"[""Detroit Tigers"", ""New York Mets""]","[""109336058375526256960068464038953081111106697893267014854731001772179768005861"", ""66454003943615245487316822728301901043918820938560081062330948972424562288947""]",2026-05-20,2026-05-20,KXMLBGAME-26MAY131910DETNYM,KXMLBGAME-26MAY131910DETNYM-DET,KXMLBGAME-26MAY131910DETNYM-NYM,Detroit vs New York M Winner?,Tigers; Mets,2026-05-13,https://kalshi.com/markets/KXMLBGAME-26MAY131910DETNYM-DET,2026-05-16T23:10:00Z
Baseball,MLB,high,braves; cubs,0,2174595,braves cubs,Atlanta Braves,Braves; Cubs,2026-05-12,https://polymarket.com/event/mlb-chc-atl-2026-05-12,mlb-chc-atl-2026-05-12,https://polymarket.com/event/mlb-chc-atl-2026-05-12,"[""Atlanta Braves"", ""Chicago Cubs""]","[""84490261761384879053168575412516538802300580371994900435561680717803927413977"", ""28817557897687413983060011389990701623667379818980530520255295703949890021231""]",2026-05-19,2026-05-19,KXMLBGAME-26MAY121915CHCATL,KXMLBGAME-26MAY121915CHCATL-ATL,KXMLBGAME-26MAY121915CHCATL-CHC,Chicago C vs Atlanta Winner?,Cubs; Braves,2026-05-12,https://kalshi.com/markets/KXMLBGAME-26MAY121915CHCATL-ATL,2026-05-15T23:15:00Z
Baseball,MLB,high,braves; cubs,0,2181667,braves cubs,Atlanta Braves,Braves; Cubs,2026-05-13,https://polymarket.com/event/mlb-chc-atl-2026-05-13,mlb-chc-atl-2026-05-13,https://polymarket.com/event/mlb-chc-atl-2026-05-13,"[""Atlanta Braves"", ""Chicago Cubs""]","[""46890642661754830935142558513913206123932927399184643226477204671207904305345"", ""6481799963780125776210406697026271959538442597523549133211958445429066060173""]",2026-05-20,2026-05-20,KXMLBGAME-26MAY131915CHCATL,KXMLBGAME-26MAY131915CHCATL-ATL,KXMLBGAME-26MAY131915CHCATL-CHC,Chicago C vs Atlanta Winner?,Cubs; Braves,2026-05-13,https://kalshi.com/markets/KXMLBGAME-26MAY131915CHCATL-ATL,2026-05-16T23:15:00Z
Baseball,MLB,high,royals; white sox,0,2174598,white sox royals,Chicago White Sox,White Sox; Royals,2026-05-12,https://polymarket.com/event/mlb-kc-cws-2026-05-12,mlb-kc-cws-2026-05-12,https://polymarket.com/event/mlb-kc-cws-2026-05-12,"[""Chicago White Sox"", ""Kansas City Royals""]","[""56490211858647486614103686053148034682907484612058950805048541158526930203583"", ""55240778379432937251332012834746538169081273016450290208971645075342899624032""]",2026-05-19,2026-05-19,KXMLBGAME-26MAY121940KCCWS,KXMLBGAME-26MAY121940KCCWS-CWS,KXMLBGAME-26MAY121940KCCWS-KC,Kansas City vs Chicago WS Winner?,Royals; White Sox,2026-05-12,https://kalshi.com/markets/KXMLBGAME-26MAY121940KCCWS-CWS,2026-05-15T23:40:00Z
Baseball,MLB,high,royals; white sox,0,2181669,white sox royals,Chicago White Sox,White Sox; Royals,2026-05-13,https://polymarket.com/event/mlb-kc-cws-2026-05-13,mlb-kc-cws-2026-05-13,https://polymarket.com/event/mlb-kc-cws-2026-05-13,"[""Chicago White Sox"", ""Kansas City Royals""]","[""48827815915159089977690076126413890392711280256740375864754115814520856205235"", ""95559979190635874600418910140696971506216718056446064004839563452243125883407""]",2026-05-20,2026-05-20,KXMLBGAME-26MAY131940KCCWS,KXMLBGAME-26MAY131940KCCWS-CWS,KXMLBGAME-26MAY131940KCCWS-KC,Kansas City vs Chicago WS Winner?,Royals; White Sox,2026-05-13,https://kalshi.com/markets/KXMLBGAME-26MAY131940KCCWS-CWS,2026-05-16T23:40:00Z
Baseball,MLB,high,brewers; padres,0,2174600,brewers padres,Milwaukee Brewers,Brewers; Padres,2026-05-12,https://polymarket.com/event/mlb-sd-mil-2026-05-12,mlb-sd-mil-2026-05-12,https://polymarket.com/event/mlb-sd-mil-2026-05-12,"[""Milwaukee Brewers"", ""San Diego Padres""]","[""8981473095976480348540195867983702180551786508648096642145124545395486085235"", ""79681922802692100817271311037786616405645436807941543520826120029971630713458""]",2026-05-19,2026-05-19,KXMLBGAME-26MAY121940SDMIL,KXMLBGAME-26MAY121940SDMIL-MIL,KXMLBGAME-26MAY121940SDMIL-SD,San Diego vs Milwaukee Winner?,Padres; Brewers,2026-05-12,https://kalshi.com/markets/KXMLBGAME-26MAY121940SDMIL-MIL,2026-05-15T23:40:00Z
Baseball,MLB,high,brewers; padres,0,2181672,brewers padres,Milwaukee Brewers,Brewers; Padres,2026-05-13,https://polymarket.com/event/mlb-sd-mil-2026-05-13,mlb-sd-mil-2026-05-13,https://polymarket.com/event/mlb-sd-mil-2026-05-13,"[""Milwaukee Brewers"", ""San Diego Padres""]","[""75015019884087284404834167379489560198210011458210751842421071059775364679113"", ""97322672858192324372150832496554828982809268081857784030824712004951043121709""]",2026-05-20,2026-05-20,KXMLBGAME-26MAY131940SDMIL,KXMLBGAME-26MAY131940SDMIL-MIL,KXMLBGAME-26MAY131940SDMIL-SD,San Diego vs Milwaukee Winner?,Padres; Brewers,2026-05-13,https://kalshi.com/markets/KXMLBGAME-26MAY131940SDMIL-MIL,2026-05-16T23:40:00Z
Baseball,MLB,high,marlins; twins,0,2174602,marlins twins,Miami Marlins,Marlins; Twins,2026-05-12,https://polymarket.com/event/mlb-mia-min-2026-05-12,mlb-mia-min-2026-05-12,https://polymarket.com/event/mlb-mia-min-2026-05-12,"[""Miami Marlins"", ""Minnesota Twins""]","[""69166495915060251687455355971579575681525081305810428708018762315440739430091"", ""99575554683929413281564181594470446949003948387387890309065985860074893940677""]",2026-05-19,2026-05-19,KXMLBGAME-26MAY121940MIAMIN,KXMLBGAME-26MAY121940MIAMIN-MIA,KXMLBGAME-26MAY121940MIAMIN-MIN,Miami vs Minnesota Winner?,Marlins; Twins,2026-05-12,https://kalshi.com/markets/KXMLBGAME-26MAY121940MIAMIN-MIA,2026-05-15T23:40:00Z
Baseball,MLB,high,marlins; twins,0,2181674,marlins twins,Miami Marlins,Marlins; Twins,2026-05-13,https://polymarket.com/event/mlb-mia-min-2026-05-13,mlb-mia-min-2026-05-13,https://polymarket.com/event/mlb-mia-min-2026-05-13,"[""Miami Marlins"", ""Minnesota Twins""]","[""96479126727050971101174731167085388830435072071812985487228633004988118184805"", ""1587240571488198727958791949028599535064616561863185737112067875658755842899""]",2026-05-20,2026-05-20,KXMLBGAME-26MAY131940MIAMIN,KXMLBGAME-26MAY131940MIAMIN-MIA,KXMLBGAME-26MAY131940MIAMIN-MIN,Miami vs Minnesota Winner?,Marlins; Twins,2026-05-13,https://kalshi.com/markets/KXMLBGAME-26MAY131940MIAMIN-MIA,2026-05-16T23:40:00Z
Baseball,MLB,high,diamondbacks; rangers,0,2174604,diamondbacks rangers,Arizona Diamondbacks,Diamondbacks; Rangers,2026-05-12,https://polymarket.com/event/mlb-ari-tex-2026-05-12,mlb-ari-tex-2026-05-12,https://polymarket.com/event/mlb-ari-tex-2026-05-12,"[""Arizona Diamondbacks"", ""Texas Rangers""]","[""87771317239557477125264241679809321370827839243712194917998784547519520018338"", ""53494149330062705673116651715822762860149279164567988595690817398608398826227""]",2026-05-20,2026-05-20,KXMLBGAME-26MAY122005AZTEX,KXMLBGAME-26MAY122005AZTEX-AZ,KXMLBGAME-26MAY122005AZTEX-TEX,Arizona vs Texas Winner?,Diamondbacks; Rangers,2026-05-12,https://kalshi.com/markets/KXMLBGAME-26MAY122005AZTEX-AZ,2026-05-16T00:05:00Z
Baseball,MLB,high,diamondbacks; rangers,0,2181676,diamondbacks rangers,Arizona Diamondbacks,Diamondbacks; Rangers,2026-05-13,https://polymarket.com/event/mlb-ari-tex-2026-05-13,mlb-ari-tex-2026-05-13,https://polymarket.com/event/mlb-ari-tex-2026-05-13,"[""Arizona Diamondbacks"", ""Texas Rangers""]","[""21546608868470167386407460538645238603046484739211034652143686784315326185804"", ""54384927062377888002532201282858643531899356504328163194258853068778104157258""]",2026-05-21,2026-05-21,KXMLBGAME-26MAY132005AZTEX,KXMLBGAME-26MAY132005AZTEX-AZ,KXMLBGAME-26MAY132005AZTEX-TEX,Arizona vs Texas Winner?,Diamondbacks; Rangers,2026-05-13,https://kalshi.com/markets/KXMLBGAME-26MAY132005AZTEX-AZ,2026-05-17T00:05:00Z
Baseball,MLB,high,astros; mariners,0,2174606,astros mariners,Houston Astros,Astros; Mariners,2026-05-12,https://polymarket.com/event/mlb-sea-hou-2026-05-12,mlb-sea-hou-2026-05-12,https://polymarket.com/event/mlb-sea-hou-2026-05-12,"[""Houston Astros"", ""Seattle Mariners""]","[""10780081729801519310248036914930797055216586883574543282188723567064128929722"", ""28532297130918417441441380879751384725217640714884797264968038406388874218457""]",2026-05-20,2026-05-20,KXMLBGAME-26MAY122010SEAHOU,KXMLBGAME-26MAY122010SEAHOU-HOU,KXMLBGAME-26MAY122010SEAHOU-SEA,Seattle vs Houston Winner?,Mariners; Astros,2026-05-12,https://kalshi.com/markets/KXMLBGAME-26MAY122010SEAHOU-HOU,2026-05-16T00:10:00Z
Baseball,MLB,high,astros; mariners,0,2181678,astros mariners,Houston Astros,Astros; Mariners,2026-05-13,https://polymarket.com/event/mlb-sea-hou-2026-05-13,mlb-sea-hou-2026-05-13,https://polymarket.com/event/mlb-sea-hou-2026-05-13,"[""Houston Astros"", ""Seattle Mariners""]","[""63760573396625962084830190317597849755041825315499198779769471428143037915864"", ""50687027599026081454438356525095080195226255326904970980566260716085594792853""]",2026-05-21,2026-05-21,KXMLBGAME-26MAY132010SEAHOU,KXMLBGAME-26MAY132010SEAHOU-HOU,KXMLBGAME-26MAY132010SEAHOU-SEA,Seattle vs Houston Winner?,Mariners; Astros,2026-05-13,https://kalshi.com/markets/KXMLBGAME-26MAY132010SEAHOU-HOU,2026-05-17T00:10:00Z
Baseball,MLB,high,athletics; cardinals,0,2174608,athletics cardinals,Athletics,Athletics; Cardinals,2026-05-12,https://polymarket.com/event/mlb-stl-oak-2026-05-12,mlb-stl-oak-2026-05-12,https://polymarket.com/event/mlb-stl-oak-2026-05-12,"[""Athletics"", ""St. Louis Cardinals""]","[""100518261012442259373293518720452343713143015144711036329052910930276246304600"", ""20666721244024832683158898711743044450980966558018861517451375369393626638640""]",2026-05-20,2026-05-20,KXMLBGAME-26MAY122140STLATH,KXMLBGAME-26MAY122140STLATH-ATH,KXMLBGAME-26MAY122140STLATH-STL,St. Louis vs A's Winner?,Cardinals; Athletics,2026-05-12,https://kalshi.com/markets/KXMLBGAME-26MAY122140STLATH-ATH,2026-05-16T01:40:00Z
Baseball,MLB,high,athletics; cardinals,0,2181680,athletics cardinals,Athletics,Athletics; Cardinals,2026-05-13,https://polymarket.com/event/mlb-stl-oak-2026-05-13,mlb-stl-oak-2026-05-13,https://polymarket.com/event/mlb-stl-oak-2026-05-13,"[""Athletics"", ""St. Louis Cardinals""]","[""57109194713112137897830137698255898585881741397347641849402981966462364074683"", ""38460564071805076365409384125735253123120846185184786179730735623215187571177""]",2026-05-21,2026-05-21,KXMLBGAME-26MAY132140STLATH,KXMLBGAME-26MAY132140STLATH-ATH,KXMLBGAME-26MAY132140STLATH-STL,St. Louis vs A's Winner?,Cardinals; Athletics,2026-05-13,https://kalshi.com/markets/KXMLBGAME-26MAY132140STLATH-ATH,2026-05-17T01:40:00Z
Baseball,MLB,high,dodgers; giants,0,2174610,dodgers giants,Los Angeles Dodgers,Dodgers; Giants,2026-05-12,https://polymarket.com/event/mlb-sf-lad-2026-05-12,mlb-sf-lad-2026-05-12,https://polymarket.com/event/mlb-sf-lad-2026-05-12,"[""Los Angeles Dodgers"", ""San Francisco Giants""]","[""98278233130618412691376809454842143524042647157224403340943735302320852791167"", ""5289934760819270845891224714488721722480355533039059805824898151869669642916""]",2026-05-20,2026-05-20,KXMLBGAME-26MAY122210SFLAD,KXMLBGAME-26MAY122210SFLAD-LAD,KXMLBGAME-26MAY122210SFLAD-SF,San Francisco vs Los Angeles D Winner?,Giants; Dodgers,2026-05-12,https://kalshi.com/markets/KXMLBGAME-26MAY122210SFLAD-LAD,2026-05-16T02:10:00Z
Baseball,MLB,high,dodgers; giants,0,2181682,dodgers giants,Los Angeles Dodgers,Dodgers; Giants,2026-05-13,https://polymarket.com/event/mlb-sf-lad-2026-05-13,mlb-sf-lad-2026-05-13,https://polymarket.com/event/mlb-sf-lad-2026-05-13,"[""Los Angeles Dodgers"", ""San Francisco Giants""]","[""74638662029792291770517791747039971570380249622057976627273476676579540310758"", ""33529772905795333832613530472510573856028389014553647109250932820086906550682""]",2026-05-21,2026-05-21,KXMLBGAME-26MAY132210SFLAD,KXMLBGAME-26MAY132210SFLAD-LAD,KXMLBGAME-26MAY132210SFLAD-SF,San Francisco vs Los Angeles D Winner?,Giants; Dodgers,2026-05-13,https://kalshi.com/markets/KXMLBGAME-26MAY132210SFLAD-LAD,2026-05-17T02:10:00Z
Basketball,NBA,high,cavaliers; pistons,0,2178927,cavaliers pistons,Cavaliers,Cavaliers; Pistons,2026-05-13,https://polymarket.com/event/nba-cle-det-2026-05-13,nba-cle-det-2026-05-13,https://polymarket.com/event/nba-cle-det-2026-05-13,"[""Cavaliers"", ""Pistons""]","[""104060471532304662666061276757528705608673251070501635507553515356368738715281"", ""96916356246542344447385329248090870759846519742384159224454120913104375462657""]",2026-05-13,2026-05-13,KXNBAGAME-26MAY13CLEDET,KXNBAGAME-26MAY13CLEDET-CLE,KXNBAGAME-26MAY13CLEDET-DET,Game 5: Cleveland at Detroit Winner?,Cavaliers; Pistons,2026-05-13,https://kalshi.com/markets/KXNBAGAME-26MAY13CLEDET-CLE,2026-05-27T17:00:00Z
Baseball,KBO,high,lg twins; samsung lions,0,2181596,lg twins samsung lions,LG Twins,LG Twins; Samsung Lions,2026-05-13,https://polymarket.com/event/kbo-sam-lg-2026-05-13,kbo-sam-lg-2026-05-13,https://polymarket.com/event/kbo-sam-lg-2026-05-13,"[""LG Twins"", ""Samsung Lions""]","[""75126630273585116270118256873093045060334641242842232066655148598635128913080"", ""5833927732022525601330561727477559337801360738442116155388968089925387291632""]",2026-05-20,2026-05-20,KXKBOGAME-26MAY130530SAMLG,KXKBOGAME-26MAY130530SAMLG-LG,KXKBOGAME-26MAY130530SAMLG-SAM,Samsung Lions vs LG Twins winner?,Samsung Lions; LG Twins,2026-05-13,https://kalshi.com/markets/KXKBOGAME-26MAY130530SAMLG-LG,2026-05-16T09:30:00Z
Baseball,KBO,high,lotte giants; nc dinos,0,2181597,lotte giants nc dinos,Lotte Giants,Lotte Giants; NC Dinos,2026-05-13,https://polymarket.com/event/kbo-nc-lot-2026-05-13,kbo-nc-lot-2026-05-13,https://polymarket.com/event/kbo-nc-lot-2026-05-13,"[""Lotte Giants"", ""NC Dinos""]","[""68429744939103880193158520758699985527865422335078882318458505417125720999157"", ""83178144564904962120713097168635524687352970436051696671773151980451656076187""]",2026-05-20,2026-05-20,KXKBOGAME-26MAY130530NCDLOT,KXKBOGAME-26MAY130530NCDLOT-LOT,KXKBOGAME-26MAY130530NCDLOT-NCD,NC Dinos vs Lotte Giants winner?,NC Dinos; Lotte Giants,2026-05-13,https://kalshi.com/markets/KXKBOGAME-26MAY130530NCDLOT-LOT,2026-05-16T09:30:00Z
Baseball,KBO,high,kt wiz; ssg landers,0,2181598,kt wiz ssg landers,KT Wiz,KT Wiz; SSG Landers,2026-05-13,https://polymarket.com/event/kbo-ssg-kt-2026-05-13,kbo-ssg-kt-2026-05-13,https://polymarket.com/event/kbo-ssg-kt-2026-05-13,"[""KT Wiz"", ""SSG Landers""]","[""76754977773008827568545127700510535551071696068690538570036435660196352067498"", ""85324127227352588436127138194270066655680184456335075077545871646628181856950""]",2026-05-20,2026-05-20,KXKBOGAME-26MAY130530SSGKTW,KXKBOGAME-26MAY130530SSGKTW-KTW,KXKBOGAME-26MAY130530SSGKTW-SSG,SSG Landers vs KT Wiz winner?,SSG Landers; KT Wiz,2026-05-13,https://kalshi.com/markets/KXKBOGAME-26MAY130530SSGKTW-KTW,2026-05-16T09:30:00Z
Baseball,KBO,high,doosan bears; kia tigers,0,2181599,doosan bears kia tigers,Doosan Bears,Doosan Bears; Kia Tigers,2026-05-13,https://polymarket.com/event/kbo-doo-kia-2026-05-13,kbo-doo-kia-2026-05-13,https://polymarket.com/event/kbo-doo-kia-2026-05-13,"[""Doosan Bears"", ""Kia Tigers""]","[""45366228919584083411066422575382899731934622448191399340194243472192853306656"", ""10237802797913079845047558285546798265511248306444001493313792139936439461653""]",2026-05-20,2026-05-20,KXKBOGAME-26MAY130530DOOKIA,KXKBOGAME-26MAY130530DOOKIA-DOO,KXKBOGAME-26MAY130530DOOKIA-KIA,Doosan Bears vs Kia Tigers winner?,Doosan Bears; Kia Tigers,2026-05-13,https://kalshi.com/markets/KXKBOGAME-26MAY130530DOOKIA-DOO,2026-05-16T09:30:00Z
Baseball,KBO,high,hanwha eagles; kiwoom heroes,0,2181600,hanwha eagles kiwoom heroes,Hanwha Eagles,Hanwha Eagles; Kiwoom Heroes,2026-05-13,https://polymarket.com/event/kbo-han-kiw-2026-05-13,kbo-han-kiw-2026-05-13,https://polymarket.com/event/kbo-han-kiw-2026-05-13,"[""Hanwha Eagles"", ""Kiwoom Heroes""]","[""46150827883480084371655578815192317450934766937459834714978568239624400861590"", ""62653024855997914911460830984522324994110856918515427221436718542959678800051""]",2026-05-20,2026-05-20,KXKBOGAME-26MAY130530HANKIW,KXKBOGAME-26MAY130530HANKIW-HAN,KXKBOGAME-26MAY130530HANKIW-KIW,Hanwha Eagles vs Kiwoom Heroes winner?,Hanwha Eagles; Kiwoom Heroes,2026-05-13,https://kalshi.com/markets/KXKBOGAME-26MAY130530HANKIW-HAN,2026-05-16T09:30:00Z
Ice Hockey,NHL,high,ducks; golden knights,0,2189744,ducks golden knights,Ducks,Ducks; Golden Knights,2026-05-12,https://polymarket.com/event/nhl-ana-las-2026-05-12,nhl-ana-las-2026-05-12,https://polymarket.com/event/nhl-ana-las-2026-05-12,"[""Ducks"", ""Golden Knights""]","[""68690761144603028028744500864688844478561383218366075604052641833026563740295"", ""27637727158797010393775433167878956574080963014714015974728728914721480398994""]",2026-05-13,2026-05-13,KXNHLGAME-26MAY12ANAVGK,KXNHLGAME-26MAY12ANAVGK-ANA,KXNHLGAME-26MAY12ANAVGK-VGK,Game 5: Anaheim at Vegas Winner?,Ducks; Golden Knights,2026-05-12,https://kalshi.com/markets/KXNHLGAME-26MAY12ANAVGK-ANA,2026-05-27T01:30:00Z
Cricket,IPL,high,gujarat titans; sunrisers hyderabad,0,2215784,gujarat titans sunrisers hyderabad,Gujarat Titans,Gujarat Titans; Sunrisers Hyderabad,2026-05-12,https://polymarket.com/event/cricipl-guj-sun-2026-05-12,cricipl-guj-sun-2026-05-12,https://polymarket.com/event/cricipl-guj-sun-2026-05-12,"[""Gujarat Titans"", ""Sunrisers Hyderabad""]","[""25144992202312060800948949855158874306479585981597463602738653662555409482108"", ""113625765358544771048708381260844936977837670169808939569864420763917569426836""]",2026-05-19,2026-05-19,KXIPLGAME-26MAY12SRHGT,KXIPLGAME-26MAY12SRHGT-GT,KXIPLGAME-26MAY12SRHGT-SRH,Gujarat Titans vs Sunrisers Hyderabad Winner?,Gujarat Titans; Sunrisers Hyderabad,2026-05-12,https://kalshi.com/markets/KXIPLGAME-26MAY12SRHGT-GT,2026-05-15T14:00:00Z
Ice Hockey,NHL,high,avalanche; wild,0,2222924,avalanche wild,Avalanche,Avalanche; Wild,2026-05-13,https://polymarket.com/event/nhl-min-col-2026-05-13,nhl-min-col-2026-05-13,https://polymarket.com/event/nhl-min-col-2026-05-13,"[""Avalanche"", ""Wild""]","[""18066478917042446760523546019524936859497242509956940097369937944851807404917"", ""48326229067870894317581666942023264439895477764049424540723850627098298289712""]",2026-05-14,2026-05-14,KXNHLGAME-26MAY13MINCOL,KXNHLGAME-26MAY13MINCOL-COL,KXNHLGAME-26MAY13MINCOL-MIN,Game 5: Minnesota at Colorado Winner?,Wild; Avalanche,2026-05-13,https://kalshi.com/markets/KXNHLGAME-26MAY13MINCOL-COL,2026-05-28T00:00:00Z
Basketball,NBA,high,spurs; timberwolves,0,2230789,timberwolves spurs,Yes,Timberwolves; Spurs,2026-05-12,https://polymarket.com/event/nba-min-sas-2026-05-12-points-devin-vassell-3pt5,nba-min-sas-2026-05-12-points-devin-vassell-3pt5,https://polymarket.com/event/nba-min-sas-2026-05-12-points-devin-vassell-3pt5,"[""Yes"", ""No""]","[""74968085040596787300000098357339618030087510830882326892623493626272430223346"", ""78616938804238036248825158577776254833587172849871327459800768031950346704473""]",2026-05-13,2026-05-13,KXNBAGAME-26MAY12MINSAS,KXNBAGAME-26MAY12MINSAS-MIN,KXNBAGAME-26MAY12MINSAS-SAS,Game 5: Minnesota at San Antonio Winner?,Timberwolves; Spurs,2026-05-12,https://kalshi.com/markets/KXNBAGAME-26MAY12MINSAS-MIN,2026-05-26T17:00:00Z
Tennis,WTA,high,andreeva; gauff,0,2231529,gauff andreeva,Coco Gauff,Gauff; Andreeva,2026-05-12,https://polymarket.com/event/wta-gauff-andreev-2026-05-12,wta-gauff-andreev-2026-05-12,https://polymarket.com/event/wta-gauff-andreev-2026-05-12,"[""Coco Gauff"", ""Mirra Andreeva""]","[""53624548041648247799995419886706875251776208562274463045899764198364050156333"", ""85842891383256687007345306197189488564882654478601579380434470232621000481436""]",2026-05-19,2026-05-19,KXWTAMATCH-26MAY12GAUAND,KXWTAMATCH-26MAY12GAUAND-GAU,KXWTAMATCH-26MAY12GAUAND-AND,Will Coco Gauff win the Gauff vs Andreeva: Quarterfinal match?,Gauff; Andreeva,2026-05-12,https://kalshi.com/markets/KXWTAMATCH-26MAY12GAUAND-GAU,2026-05-26T08:00:00Z
Tennis,ATP,high,gaston; shevchenko,0,2231550,shevchenko gaston,Alexander Shevchenko,Shevchenko; Gaston,2026-05-12,https://polymarket.com/event/atp-shevche-gaston-2026-05-12,atp-shevche-gaston-2026-05-12,https://polymarket.com/event/atp-shevche-gaston-2026-05-12,"[""Alexander Shevchenko"", ""Hugo Gaston""]","[""114875602168085404136886468256651899477214420722230185749721327909373924092381"", ""40677590193764873213595864951661611974431444205869766998281578324732505527811""]",2026-05-19,2026-05-19,KXATPCHALLENGERMATCH-26MAY12SHEGAS,KXATPCHALLENGERMATCH-26MAY12SHEGAS-SHE,,Will Alexander Shevchenko win the Shevchenko vs Gaston: Round Of 32 match?,Shevchenko; Gaston,2026-05-12,https://kalshi.com/markets/KXATPCHALLENGERMATCH-26MAY12SHEGAS-SHE,2026-05-26T18:00:00Z
Tennis,ATP,high,gaston; shevchenko,0,2231552,shevchenko gaston,Yes,Shevchenko; Gaston,2026-05-12,https://polymarket.com/event/atp-shevche-gaston-2026-05-12-completed-match,atp-shevche-gaston-2026-05-12-completed-match,https://polymarket.com/event/atp-shevche-gaston-2026-05-12-completed-match,"[""Yes"", ""No""]","[""87479962605295550850905570960026896429331855767075572255474761003610038435631"", ""14715019577420502644015768219131168509542060248975422651283055508059341695069""]",2026-05-19,2026-05-19,KXATPCHALLENGERMATCH-26MAY12SHEGAS,KXATPCHALLENGERMATCH-26MAY12SHEGAS-GAS,,Will Hugo Gaston win the Shevchenko vs Gaston: Round Of 32 match?,Shevchenko; Gaston,2026-05-12,https://kalshi.com/markets/KXATPCHALLENGERMATCH-26MAY12SHEGAS-GAS,2026-05-26T18:00:00Z
Tennis,ATP,high,bonzi; kouame,0,2231579,kouame bonzi,Benjamin Bonzi,Kouame; Bonzi,2026-05-12,https://polymarket.com/event/atp-kouame-bonzi-2026-05-12,atp-kouame-bonzi-2026-05-12,https://polymarket.com/event/atp-kouame-bonzi-2026-05-12,"[""Benjamin Bonzi"", ""Moise Kouame""]","[""59680044914017237139102431871161740613915629370384417057208815605927479748274"", ""104722946915808910273608775988075624802509966964394500473123414776555803122642""]",2026-05-19,2026-05-19,KXATPCHALLENGERMATCH-26MAY12KOUBON,KXATPCHALLENGERMATCH-26MAY12KOUBON-BON,KXATPCHALLENGERMATCH-26MAY12KOUBON-KOU,Will Benjamin Bonzi win the Kouame vs Bonzi: Round Of 32 match?,Kouame; Bonzi,2026-05-12,https://kalshi.com/markets/KXATPCHALLENGERMATCH-26MAY12KOUBON-BON,2026-05-26T15:00:00Z
Tennis,ATP,high,basilashvili; rublev,0,2231623,rublev basilashvili,Andrey Rublev,Rublev; Basilashvili,2026-05-12,https://polymarket.com/event/atp-rublev-basilas-2026-05-12,atp-rublev-basilas-2026-05-12,https://polymarket.com/event/atp-rublev-basilas-2026-05-12,"[""Andrey Rublev"", ""Nikoloz Basilashvili""]","[""19957195259812568230423551990074512167559483798670111009245783391112908739115"", ""38001902972759031796445778634848865663234733950577595933929587884925888335398""]",2026-05-19,2026-05-19,KXATPMATCH-26MAY12RUBBAS,KXATPMATCH-26MAY12RUBBAS-RUB,KXATPMATCH-26MAY12RUBBAS-BAS,Will Andrey Rublev win the Rublev vs Basilashvili: Round Of 16 match?,Rublev; Basilashvili,2026-05-12,https://kalshi.com/markets/KXATPMATCH-26MAY12RUBBAS-RUB,2026-05-26T09:00:00Z
Tennis,ATP,high,blanch; zhou,0,2231669,zhou blanch,Yi Zhou,Zhou; Blanch,2026-05-12,https://polymarket.com/event/atp-zhou-blan-2026-05-12,atp-zhou-blan-2026-05-12,https://polymarket.com/event/atp-zhou-blan-2026-05-12,"[""Yi Zhou"", ""Dali Blanch""]","[""16500379344589840930320862594999243840200779856521357270781380509970586517083"", ""53654818004482806104280728377858781156529267976109270723019297537721808818013""]",2026-05-19,2026-05-19,KXATPCHALLENGERMATCH-26MAY12ZHOBLA,KXATPCHALLENGERMATCH-26MAY12ZHOBLA-ZHO,,Will Yi Zhou win the Zhou vs Blanch: Round Of 32 match?,Zhou; Blanch,2026-05-12,https://kalshi.com/markets/KXATPCHALLENGERMATCH-26MAY12ZHOBLA-ZHO,2026-05-26T11:20:00Z
Tennis,ATP,high,blanch; zhou,0,2231673,zhou blanch,Yes,Zhou; Blanch,2026-05-12,https://polymarket.com/event/atp-zhou-blan-2026-05-12-completed-match,atp-zhou-blan-2026-05-12-completed-match,https://polymarket.com/event/atp-zhou-blan-2026-05-12-completed-match,"[""Yes"", ""No""]","[""77684531021914893911876069034755253403573393643029893048500746099593724017383"", ""21144010730852656285785214288088956371178246150541703504197595595764225436011""]",2026-05-19,2026-05-19,KXATPCHALLENGERMATCH-26MAY12ZHOBLA,KXATPCHALLENGERMATCH-26MAY12ZHOBLA-BLA,,Will Dali Blanch win the Zhou vs Blanch: Round Of 32 match?,Zhou; Blanch,2026-05-12,https://kalshi.com/markets/KXATPCHALLENGERMATCH-26MAY12ZHOBLA-BLA,2026-05-26T11:20:00Z
Tennis,ATP,high,broom; tiffon,0,2231679,tiffon broom,Charles Broom,Tiffon; Broom,2026-05-12,https://polymarket.com/event/atp-tiffon-broom-2026-05-12,atp-tiffon-broom-2026-05-12,https://polymarket.com/event/atp-tiffon-broom-2026-05-12,"[""Charles Broom"", ""Pol Martin Tiffon""]","[""28191379852167861641667011921000596503128279609443088612517915057671711099855"", ""29013553900053071256143849853039342546698723683816138683266684000697476493945""]",2026-05-19,2026-05-19,KXATPCHALLENGERMATCH-26MAY12MARBRO,KXATPCHALLENGERMATCH-26MAY12MARBRO-BRO,KXATPCHALLENGERMATCH-26MAY12MARBRO-MAR,Will Charles Broom win the Martin Tiffon vs Broom: Round Of 32 match?,Tiffon; Broom,2026-05-12,https://kalshi.com/markets/KXATPCHALLENGERMATCH-26MAY12MARBRO-BRO,2026-05-26T12:30:00Z
Tennis,ATP,high,poljicak; stricker,0,2231697,poljicak stricker,Mili Poljicak,Poljicak; Stricker,2026-05-12,https://polymarket.com/event/atp-poljica-stricke-2026-05-12,atp-poljica-stricke-2026-05-12,https://polymarket.com/event/atp-poljica-stricke-2026-05-12,"[""Mili Poljicak"", ""Dominic Stephan Stricker""]","[""55330091742598032402076816993710368427763218468960537190495953548112893068675"", ""46904554245297748900628207973040624852954100836191855144530176709403769226061""]",2026-05-19,2026-05-19,KXATPCHALLENGERMATCH-26MAY12POLSTR,KXATPCHALLENGERMATCH-26MAY12POLSTR-POL,,Will Mili Poljicak win the Poljicak vs Stricker: Round Of 32 match?,Poljicak; Stricker,2026-05-12,https://kalshi.com/markets/KXATPCHALLENGERMATCH-26MAY12POLSTR-POL,2026-05-26T12:10:00Z
Tennis,ATP,high,poljicak; stricker,0,2231699,poljicak stricker,Yes,Poljicak; Stricker,2026-05-12,https://polymarket.com/event/atp-poljica-stricke-2026-05-12-completed-match,atp-poljica-stricke-2026-05-12-completed-match,https://polymarket.com/event/atp-poljica-stricke-2026-05-12-completed-match,"[""Yes"", ""No""]","[""34194540304727788702932255157729306637885168224853784064544994482969319647967"", ""29727340850403683174046399192424802908611171609188777458698783406103544884814""]",2026-05-19,2026-05-19,KXATPCHALLENGERMATCH-26MAY12POLSTR,KXATPCHALLENGERMATCH-26MAY12POLSTR-STR,,Will Dominic Stricker win the Poljicak vs Stricker: Round Of 32 match?,Poljicak; Stricker,2026-05-12,https://kalshi.com/markets/KXATPCHALLENGERMATCH-26MAY12POLSTR-STR,2026-05-26T12:10:00Z
Tennis,ATP,high,alexandrescou; kokkinakis,0,2231704,alexandrescou kokkinakis,Thanasi Kokkinakis,Alexandrescou; Kokkinakis,2026-05-12,https://polymarket.com/event/atp-alexand-kokkina-2026-05-12,atp-alexand-kokkina-2026-05-12,https://polymarket.com/event/atp-alexand-kokkina-2026-05-12,"[""Thanasi Kokkinakis"", ""Yannick Alexandrescou""]","[""37128009858265643414841519918632687453453277875563905969120866867477300803949"", ""63558963475219039545667863034187560821823749562810339755290038733752908422694""]",2026-05-19,2026-05-19,KXATPCHALLENGERMATCH-26MAY12ALEKOK,KXATPCHALLENGERMATCH-26MAY12ALEKOK-KOK,KXATPCHALLENGERMATCH-26MAY12ALEKOK-ALE,Will Thanasi Kokkinakis win the Alexandrescou vs Kokkinakis: Round Of 32 match?,Alexandrescou; Kokkinakis,2026-05-12,https://kalshi.com/markets/KXATPCHALLENGERMATCH-26MAY12ALEKOK-KOK,2026-05-26T12:10:00Z
Tennis,ATP,high,andrade; monteiro,0,2231709,monteiro andrade,Andres Andrade,Monteiro; Andrade,2026-05-12,https://polymarket.com/event/atp-monteir-andrade-2026-05-12,atp-monteir-andrade-2026-05-12,https://polymarket.com/event/atp-monteir-andrade-2026-05-12,"[""Andres Andrade"", ""Thiago Monteiro""]","[""56788887889733008546828118264286430030418966810635686256816436012957185992150"", ""102489693808065485682326887537134484041091464656914414508752315129592199586443""]",2026-05-19,2026-05-19,KXATPCHALLENGERMATCH-26MAY12MONAND,KXATPCHALLENGERMATCH-26MAY12MONAND-AND,KXATPCHALLENGERMATCH-26MAY12MONAND-MON,Will Andres Andrade win the Monteiro vs Andrade: Round Of 32 match?,Monteiro; Andrade,2026-05-12,https://kalshi.com/markets/KXATPCHALLENGERMATCH-26MAY12MONAND-AND,2026-05-26T08:00:00Z
Tennis,ATP,high,forejtek; piros,0,2231720,piros forejtek,Jonas Forejtek,Piros; Forejtek,2026-05-12,https://polymarket.com/event/atp-piros-forejte-2026-05-12,atp-piros-forejte-2026-05-12,https://polymarket.com/event/atp-piros-forejte-2026-05-12,"[""Jonas Forejtek"", ""Zsombor Piros""]","[""91228275466741671210273463104953125838262107365506762746743530589925669737043"", ""112359972385674863630101199900990892656548571878830768763988943633009909865700""]",2026-05-19,2026-05-19,KXATPCHALLENGERMATCH-26MAY12PIRFOR,KXATPCHALLENGERMATCH-26MAY12PIRFOR-FOR,KXATPCHALLENGERMATCH-26MAY12PIRFOR-PIR,Will Jonas Forejtek win the Piros vs Forejtek: Round Of 32 match?,Piros; Forejtek,2026-05-12,https://kalshi.com/markets/KXATPCHALLENGERMATCH-26MAY12PIRFOR-FOR,2026-05-26T08:00:00Z
Tennis,ATP,high,landaluce; medjedovic,0,2231725,medjedovic landaluce,Hamad Medjedovic,Medjedovic; Landaluce,2026-05-12,https://polymarket.com/event/atp-medjedo-landalu-2026-05-12,atp-medjedo-landalu-2026-05-12,https://polymarket.com/event/atp-medjedo-landalu-2026-05-12,"[""Hamad Medjedovic"", ""Martin Landaluce""]","[""17831255544606617896357408065331487610897705319399503332023908132871571584191"", ""46169608241694339335523432530578075132186112012442733433203303616531506938880""]",2026-05-19,2026-05-19,KXATPMATCH-26MAY12MEDLAN,KXATPMATCH-26MAY12MEDLAN-MED,,Will Hamad Medjedovic win the Medjedovic vs Landaluce: Round Of 16 match?,Medjedovic; Landaluce,2026-05-12,https://kalshi.com/markets/KXATPMATCH-26MAY12MEDLAN-MED,2026-05-26T09:00:00Z
Tennis,ATP,high,landaluce; medjedovic,0,2231729,medjedovic landaluce,Yes,Medjedovic; Landaluce,2026-05-12,https://polymarket.com/event/atp-medjedo-landalu-2026-05-12-completed-match,atp-medjedo-landalu-2026-05-12-completed-match,https://polymarket.com/event/atp-medjedo-landalu-2026-05-12-completed-match,"[""Yes"", ""No""]","[""64074217605160699344608389611959870339187256694477732232298253533086034742561"", ""68968276597863677891963756596671185577715000043886492511774562883825478734150""]",2026-05-19,2026-05-19,KXATPMATCH-26MAY12MEDLAN,KXATPMATCH-26MAY12MEDLAN-LAN,,Will Martin Landaluce win the Medjedovic vs Landaluce: Round Of 16 match?,Medjedovic; Landaluce,2026-05-12,https://kalshi.com/markets/KXATPMATCH-26MAY12MEDLAN-LAN,2026-05-26T09:00:00Z
Tennis,ATP,high,medvedev; tirante,0,2235022,tirante medvedev,Daniil Medvedev,Tirante; Medvedev,2026-05-12,https://polymarket.com/event/atp-tirante-medvede-2026-05-12,atp-tirante-medvede-2026-05-12,https://polymarket.com/event/atp-tirante-medvede-2026-05-12,"[""Daniil Medvedev"", ""Thiago Agustin Tirante""]","[""45991439656116606129625754527041594681328759980245991505939096280926579911713"", ""57169804126394582715437404728931456913602233831946501799302900587024790741912""]",2026-05-19,2026-05-19,KXATPMATCH-26MAY12TIRMED,KXATPMATCH-26MAY12TIRMED-MED,KXATPMATCH-26MAY12TIRMED-TIR,Will Daniil Medvedev win the Tirante vs Medvedev: Round Of 16 match?,Tirante; Medvedev,2026-05-12,https://kalshi.com/markets/KXATPMATCH-26MAY12TIRMED-MED,2026-05-26T18:30:00Z
Tennis,ATP,high,cigarran; villanueva,0,2235030,cigarran villanueva,Thiago Cigarran,Cigarran; Villanueva,2026-05-12,https://polymarket.com/event/atp-cigarra-villanu-2026-05-12,atp-cigarra-villanu-2026-05-12,https://polymarket.com/event/atp-cigarra-villanu-2026-05-12,"[""Thiago Cigarran"", ""Gonzalo Villanueva""]","[""109458795592184948099436119321607461941580468012089079558719235099733923545541"", ""85978201339599066353763726888518127238540756575067043459558597078953551247475""]",2026-05-19,2026-05-19,KXATPCHALLENGERMATCH-26MAY12CIGVIL,KXATPCHALLENGERMATCH-26MAY12CIGVIL-CIG,,Will Thiago Cigarran win the Cigarran vs Villanueva: Round Of 32 match?,Cigarran; Villanueva,2026-05-12,https://kalshi.com/markets/KXATPCHALLENGERMATCH-26MAY12CIGVIL-CIG,2026-05-26T16:00:00Z
Tennis,ATP,high,cigarran; villanueva,0,2235032,cigarran villanueva,Yes,Cigarran; Villanueva,2026-05-12,https://polymarket.com/event/atp-cigarra-villanu-2026-05-12-completed-match,atp-cigarra-villanu-2026-05-12-completed-match,https://polymarket.com/event/atp-cigarra-villanu-2026-05-12-completed-match,"[""Yes"", ""No""]","[""952308323265833528081144804108920568770052631069962903367150431252490404452"", ""16799475701166028053297394216363789335605989914259422556254282356844424275665""]",2026-05-19,2026-05-19,KXATPCHALLENGERMATCH-26MAY12CIGVIL,KXATPCHALLENGERMATCH-26MAY12CIGVIL-VIL,,Will Gonzalo Villanueva win the Cigarran vs Villanueva: Round Of 32 match?,Cigarran; Villanueva,2026-05-12,https://kalshi.com/markets/KXATPCHALLENGERMATCH-26MAY12CIGVIL-VIL,2026-05-26T16:00:00Z
Tennis,ATP,high,tobon; zapico,0,2235042,zapico tobon,Miguel Tobon,Zapico; Tobon,2026-05-12,https://polymarket.com/event/atp-zapico-tobon-2026-05-12,atp-zapico-tobon-2026-05-12,https://polymarket.com/event/atp-zapico-tobon-2026-05-12,"[""Miguel Tobon"", ""Segundo Goity Zapico""]","[""32963400977366939021345746716689684144648518284063348811038354815935370757585"", ""73819553356143091807094240472699424599682747424521818839988568728123283653250""]",2026-05-19,2026-05-19,KXATPCHALLENGERMATCH-26MAY12GOITOB,KXATPCHALLENGERMATCH-26MAY12GOITOB-GOI,KXATPCHALLENGERMATCH-26MAY12GOITOB-TOB,Will Segundo Goity Zapico win the Goity Zapico vs Tobon: Round Of 32 match?,Zapico; Tobon,2026-05-12,https://kalshi.com/markets/KXATPCHALLENGERMATCH-26MAY12GOITOB-GOI,2026-05-26T16:00:00Z
Tennis,WTA,high,pegula; swiatek,0,2235050,pegula swiatek,Iga Swiatek,Pegula; Swiatek,2026-05-13,https://polymarket.com/event/wta-pegula-swiatek-2026-05-13,wta-pegula-swiatek-2026-05-13,https://polymarket.com/event/wta-pegula-swiatek-2026-05-13,"[""Iga Swiatek"", ""Jessica Pegula""]","[""97784427477581310889295834727636757366221820827428707719142018373721941334773"", ""8859233030430385361672760642728232746032947350753620907694122706856610350228""]",2026-05-20,2026-05-20,KXWTAMATCH-26MAY13PEGSWI,KXWTAMATCH-26MAY13PEGSWI-SWI,KXWTAMATCH-26MAY13PEGSWI-PEG,Will Iga Swiatek win the Pegula vs Swiatek: Quarterfinal match?,Pegula; Swiatek,2026-05-13,https://kalshi.com/markets/KXWTAMATCH-26MAY13PEGSWI-SWI,2026-05-27T11:00:00Z
Tennis,ATP,high,kolar; zhang,0,2235051,kolar zhang,Zdenek Kolar,Kolar; Zhang,2026-05-12,https://polymarket.com/event/atp-kolar-zhang-2026-05-12,atp-kolar-zhang-2026-05-12,https://polymarket.com/event/atp-kolar-zhang-2026-05-12,"[""Zdenek Kolar"", ""Zhizhen Zhang""]","[""70555507466773230233615918710019765788283230087452184826282142555537606604216"", ""17272449152573540452620592988383961616642988462670433621186005018097535106889""]",2026-05-19,2026-05-19,KXATPCHALLENGERMATCH-26MAY12KOLZHA,KXATPCHALLENGERMATCH-26MAY12KOLZHA-KOL,KXATPCHALLENGERMATCH-26MAY12KOLZHA-ZHA,Will Zdenek Kolar win the Kolar vs Zhang: Round Of 32 match?,Kolar; Zhang,2026-05-12,https://kalshi.com/markets/KXATPCHALLENGERMATCH-26MAY12KOLZHA-KOL,2026-05-26T09:00:00Z
Tennis,WTA,high,rybakina; svitolina,0,2235055,svitolina rybakina,Elena Rybakina,Svitolina; Rybakina,2026-05-13,https://polymarket.com/event/wta-svitoli-rybakin-2026-05-13,wta-svitoli-rybakin-2026-05-13,https://polymarket.com/event/wta-svitoli-rybakin-2026-05-13,"[""Elena Rybakina"", ""Elina Svitolina""]","[""27386528911144772056101543864009377054048819852317018957855477227590691384462"", ""31567656796518514839268052754670544701701706721351086151513216467067915494996""]",2026-05-20,2026-05-20,KXWTAMATCH-26MAY13SVIRYB,KXWTAMATCH-26MAY13SVIRYB-RYB,KXWTAMATCH-26MAY13SVIRYB-SVI,Will Elena Rybakina win the Svitolina vs Rybakina: Quarterfinal match?,Svitolina; Rybakina,2026-05-13,https://kalshi.com/markets/KXWTAMATCH-26MAY13SVIRYB-RYB,2026-05-27T11:00:00Z
Tennis,ATP,high,sanchis; vasa,0,2235058,sanchis vasa,David Jorda Sanchis,Sanchis; Vasa,2026-05-12,https://polymarket.com/event/atp-sanchis-vasa-2026-05-12,atp-sanchis-vasa-2026-05-12,https://polymarket.com/event/atp-sanchis-vasa-2026-05-12,"[""David Jorda Sanchis"", ""Eero Vasa""]","[""13977838840471278478688649807119261310067761328994395614964599524318162095339"", ""55713970514731695921101876448919424718589885745701386768899580814343205686591""]",2026-05-19,2026-05-19,KXATPCHALLENGERMATCH-26MAY12JORVAS,KXATPCHALLENGERMATCH-26MAY12JORVAS-JOR,KXATPCHALLENGERMATCH-26MAY12JORVAS-VAS,Will David Jorda Sanchis win the Jorda Sanchis vs Vasa: Round Of 32 match?,Sanchis; Vasa,2026-05-12,https://kalshi.com/markets/KXATPCHALLENGERMATCH-26MAY12JORVAS-JOR,2026-05-26T09:00:00Z
Esports,Dota 2,high,team liquid; team spirit,0,2235806,team liquid team spirit,Team Liquid,Team Liquid; Team Spirit,2026-05-13,https://polymarket.com/event/dota2-ts8-liquid-2026-05-13,dota2-ts8-liquid-2026-05-13,https://polymarket.com/event/dota2-ts8-liquid-2026-05-13,"[""Team Liquid"", ""Team Spirit""]","[""98119396702718062791235344194553500397437301240486790448944344557985506653981"", ""78141249414622083855391411833497302562782943899942555384120675858258713973089""]",2026-05-13,2026-05-13,KXDOTA2GAME-26MAY131300LIQUIDTS,KXDOTA2GAME-26MAY131300LIQUIDTS-LIQUID,KXDOTA2GAME-26MAY131300LIQUIDTS-TS,Will Team Liquid win the Team Liquid vs. Team Spirit Dota 2 match?,Team Liquid; Team Spirit,2026-05-13,https://kalshi.com/markets/KXDOTA2GAME-26MAY131300LIQUIDTS-LIQUID,2026-05-27T17:00:00Z
Tennis,ATP,high,khachanov; ruud,0,2242123,ruud khachanov,Casper Ruud,Ruud; Khachanov,2026-05-13,https://polymarket.com/event/atp-ruud-khachan-2026-05-13,atp-ruud-khachan-2026-05-13,https://polymarket.com/event/atp-ruud-khachan-2026-05-13,"[""Casper Ruud"", ""Karen Khachanov""]","[""61479415748865542976259536127711126412841450219559149223841313941968412223081"", ""78268180293751854418094386680403809063610827788809685436129374247266749421933""]",2026-05-20,2026-05-20,KXATPMATCH-26MAY13RUUKHA,KXATPMATCH-26MAY13RUUKHA-RUU,KXATPMATCH-26MAY13RUUKHA-KHA,Will Casper Ruud win the Ruud vs Khachanov: Quarterfinal match?,Ruud; Khachanov,2026-05-13,https://kalshi.com/markets/KXATPMATCH-26MAY13RUUKHA-RUU,2026-05-27T13:00:00Z
Tennis,ATP,high,darderi; jodar,0,2242200,jodar darderi,Luciano Darderi,Jodar; Darderi,2026-05-13,https://polymarket.com/event/atp-jodar-darderi-2026-05-13,atp-jodar-darderi-2026-05-13,https://polymarket.com/event/atp-jodar-darderi-2026-05-13,"[""Luciano Darderi"", ""Rafael Jodar""]","[""2065410516955057520552828691222364982013757897314806673093411611807726819416"", ""19848849031373905607819887081045870807981419664068552165183206520275921818247""]",2026-05-20,2026-05-20,KXATPMATCH-26MAY13JODDAR,KXATPMATCH-26MAY13JODDAR-DAR,KXATPMATCH-26MAY13JODDAR-JOD,Will Luciano Darderi win the Jodar vs Darderi: Quarterfinal match?,Jodar; Darderi,2026-05-13,https://kalshi.com/markets/KXATPMATCH-26MAY13JODDAR-DAR,2026-05-27T13:00:00Z
Esports,LoL,high,ctbc flying oyster; deep cross gaming,0,2242620,ctbc flying oyster deep cross gaming,CTBC Flying Oyster,CTBC Flying Oyster; Deep Cross Gaming,2026-05-13,https://polymarket.com/event/lol-cfo-dcg-2026-05-13,lol-cfo-dcg-2026-05-13,https://polymarket.com/event/lol-cfo-dcg-2026-05-13,"[""CTBC Flying Oyster"", ""Deep Cross Gaming""]","[""9870433609234750436076327325377083313748356620535471267375809172250111203685"", ""18433030121532323498931376430895062921649357519354022689270068924157876106342""]",2026-05-13,2026-05-13,KXLOLGAME-26MAY130500DCGCFO,KXLOLGAME-26MAY130500DCGCFO-CFO,KXLOLGAME-26MAY130500DCGCFO-DCG,Will CTBC Flying Oyster win the Deep Cross Gaming vs. CTBC Flying Oyster League of Legends match?,CTBC Flying Oyster; Deep Cross Gaming,2026-05-13,https://kalshi.com/markets/KXLOLGAME-26MAY130500DCGCFO-CFO,2026-05-27T09:00:00Z
Tennis,ATP,high,choinski; ficovich,1,2217702,choinski ficovich,Jan Choinski,Choinski; Ficovich,2026-05-13,https://polymarket.com/event/atp-choinsk-ficovic-2026-05-11,atp-choinsk-ficovic-2026-05-11,https://polymarket.com/event/atp-choinsk-ficovic-2026-05-11,"[""Jan Choinski"", ""Juan Pablo Ficovich""]","[""107355443117995051861218659252503021420997238441282215559583752067786322920857"", ""55656419631132297986412163786882036095805675420051002499286410854054624859746""]",2026-05-18,2026-05-18,KXATPCHALLENGERMATCH-26MAY12CHOFIC,KXATPCHALLENGERMATCH-26MAY12CHOFIC-CHO,KXATPCHALLENGERMATCH-26MAY12CHOFIC-FIC,Will Jan Choinski win the Choinski vs Ficovich: Round Of 32 match?,Choinski; Ficovich,2026-05-12,https://kalshi.com/markets/KXATPCHALLENGERMATCH-26MAY12CHOFIC-CHO,2026-05-26T11:00:00Z
Tennis,ATP,high,engel; mikrut,1,2217709,mikrut engel,Justin Engel,Mikrut; Engel,2026-05-13,https://polymarket.com/event/atp-mikrut-engel-2026-05-11,atp-mikrut-engel-2026-05-11,https://polymarket.com/event/atp-mikrut-engel-2026-05-11,"[""Justin Engel"", ""Luka Mikrut""]","[""109421387217406300733477029019627561749021166739141910130266642546743991411702"", ""73680782528740773184394922202427359738163938267557495716580708621328523642588""]",2026-05-18,2026-05-18,KXATPCHALLENGERMATCH-26MAY12MIKENG,KXATPCHALLENGERMATCH-26MAY12MIKENG-ENG,KXATPCHALLENGERMATCH-26MAY12MIKENG-MIK,Will Justin Engel win the Mikrut vs Engel: Round Of 32 match?,Mikrut; Engel,2026-05-12,https://kalshi.com/markets/KXATPCHALLENGERMATCH-26MAY12MIKENG-ENG,2026-05-26T09:10:00Z
Tennis,ATP,high,dostanic; rodesch,1,2217717,dostanic rodesch,Stefan Dostanic,Dostanic; Rodesch,2026-05-13,https://polymarket.com/event/atp-dostani-rodesch-2026-05-11,atp-dostani-rodesch-2026-05-11,https://polymarket.com/event/atp-dostani-rodesch-2026-05-11,"[""Stefan Dostanic"", ""Chris Rodesch""]","[""101558739871284689976467822911097216100398817922850913879690250014389212210169"", ""77228798593150745213784473281273257891887927808144935251938404532288065708324""]",2026-05-18,2026-05-18,KXATPCHALLENGERMATCH-26MAY12DOSROD,KXATPCHALLENGERMATCH-26MAY12DOSROD-DOS,,Will Stefan Dostanic win the Dostanic vs Rodesch: Round Of 32 match?,Dostanic; Rodesch,2026-05-12,https://kalshi.com/markets/KXATPCHALLENGERMATCH-26MAY12DOSROD-DOS,2026-05-26T09:10:00Z
Tennis,ATP,high,dostanic; rodesch,1,2217718,dostanic rodesch,Yes,Dostanic; Rodesch,2026-05-13,https://polymarket.com/event/atp-dostani-rodesch-2026-05-11-completed-match,atp-dostani-rodesch-2026-05-11-completed-match,https://polymarket.com/event/atp-dostani-rodesch-2026-05-11-completed-match,"[""Yes"", ""No""]","[""86340989183234568556381734326440681685752182001599304053920451722613143891560"", ""36613154022902275597135659485658087623716524843772014216660156575506638503473""]",2026-05-18,2026-05-18,KXATPCHALLENGERMATCH-26MAY12DOSROD,KXATPCHALLENGERMATCH-26MAY12DOSROD-ROD,,Will Chris Rodesch win the Dostanic vs Rodesch: Round Of 32 match?,Dostanic; Rodesch,2026-05-12,https://kalshi.com/markets/KXATPCHALLENGERMATCH-26MAY12DOSROD-ROD,2026-05-26T09:10:00Z
Tennis,ATP,high,dodig; holmgren,1,2217732,dodig holmgren,Matej Dodig,Dodig; Holmgren,2026-05-13,https://polymarket.com/event/atp-dodig-holmgre-2026-05-11,atp-dodig-holmgre-2026-05-11,https://polymarket.com/event/atp-dodig-holmgre-2026-05-11,"[""Matej Dodig"", ""August Holmgren""]","[""3251163078661990219231244697352256770463621548253041175420046438905173090967"", ""6045399528456993952193371193897743046418742082685758082548008247186818946117""]",2026-05-18,2026-05-18,KXATPCHALLENGERMATCH-26MAY12DODHOL,KXATPCHALLENGERMATCH-26MAY12DODHOL-DOD,,Will Matej Dodig win the Dodig vs Holmgren: Round Of 32 match?,Dodig; Holmgren,2026-05-12,https://kalshi.com/markets/KXATPCHALLENGERMATCH-26MAY12DODHOL-DOD,2026-05-26T11:00:00Z
Tennis,ATP,high,dodig; holmgren,1,2217734,dodig holmgren,Yes,Dodig; Holmgren,2026-05-13,https://polymarket.com/event/atp-dodig-holmgre-2026-05-11-completed-match,atp-dodig-holmgre-2026-05-11-completed-match,https://polymarket.com/event/atp-dodig-holmgre-2026-05-11-completed-match,"[""Yes"", ""No""]","[""65021507464076831984221964347376460727286030940832095579821479686660254756883"", ""107268694102128827491370642760357778577322480317750610825185411569197594025811""]",2026-05-18,2026-05-18,KXATPCHALLENGERMATCH-26MAY12DODHOL,KXATPCHALLENGERMATCH-26MAY12DODHOL-HOL,,Will August Holmgren win the Dodig vs Holmgren: Round Of 32 match?,Dodig; Holmgren,2026-05-12,https://kalshi.com/markets/KXATPCHALLENGERMATCH-26MAY12DODHOL-HOL,2026-05-26T11:00:00Z
Tennis,ATP,high,dedura-palomero; ivanisevic,1,2217763,dedura-palomero ivanisevic,Diego Dedura-Palomero,Dedura-Palomero; Ivanisevic,2026-05-13,https://polymarket.com/event/atp-dedurap-ivanise-2026-05-11,atp-dedurap-ivanise-2026-05-11,https://polymarket.com/event/atp-dedurap-ivanise-2026-05-11,"[""Diego Dedura-Palomero"", ""Emanuel Ivanisevic""]","[""38207574400512190161511131954845610102960051117974612052480883575516226398869"", ""63666343052048357062991846424856188301409008162325231727365746653883969757095""]",2026-05-18,2026-05-18,KXATPCHALLENGERMATCH-26MAY12DEDIVA,KXATPCHALLENGERMATCH-26MAY12DEDIVA-DED,KXATPCHALLENGERMATCH-26MAY12DEDIVA-IVA,Will Diego Dedura-Palomero win the Dedura-Palomero vs Ivanisevic: Round Of 32 match?,Dedura-Palomero; Ivanisevic,2026-05-12,https://kalshi.com/markets/KXATPCHALLENGERMATCH-26MAY12DEDIVA-DED,2026-05-26T11:00:00Z
Tennis,ATP,high,roncadelli; sakamoto,1,2219495,roncadelli sakamoto,Franco Roncadelli,Roncadelli; Sakamoto,2026-05-11,https://polymarket.com/event/atp-roncade-sakamo-2026-05-11,atp-roncade-sakamo-2026-05-11,https://polymarket.com/event/atp-roncade-sakamo-2026-05-11,"[""Franco Roncadelli"", ""Pedro Sakamoto""]","[""46917153481019923295537435205750962585148242921270881005224831402444471294248"", ""29527093717069345597377832285506071157327032273819090441307678615352785361987""]",2026-05-18,2026-05-18,KXATPCHALLENGERMATCH-26MAY12RONSAK,KXATPCHALLENGERMATCH-26MAY12RONSAK-RON,KXATPCHALLENGERMATCH-26MAY12RONSAK-SAK,Will Franco Roncadelli win the Roncadelli vs Sakamoto: Round Of 32 match?,Roncadelli; Sakamoto,2026-05-12,https://kalshi.com/markets/KXATPCHALLENGERMATCH-26MAY12RONSAK-RON,2026-05-26T17:10:00Z
Tennis,ATP,high,almeida; casanova,1,2219499,almeida casanova,Hernan Casanova,Almeida; Casanova,2026-05-11,https://polymarket.com/event/atp-almeida-casanov-2026-05-11,atp-almeida-casanov-2026-05-11,https://polymarket.com/event/atp-almeida-casanov-2026-05-11,"[""Hernan Casanova"", ""Matheus Pucinelli de Almeida""]","[""83980549862190908794520891047411703116371927563086711780678465306832019573800"", ""8503152631049421263175862906439737699593993039023191611620321546322439376114""]",2026-05-18,2026-05-18,KXATPCHALLENGERMATCH-26MAY12PDACAS,KXATPCHALLENGERMATCH-26MAY12PDACAS-PDA,,Will Matheus Pucinelli de Almeida win the Pucinelli de Almeida vs Casanova: Round Of 32 match?,Almeida; Casanova,2026-05-12,https://kalshi.com/markets/KXATPCHALLENGERMATCH-26MAY12PDACAS-PDA,2026-05-26T21:00:00Z
Tennis,ATP,high,almeida; casanova,1,2219502,almeida casanova,Yes,Almeida; Casanova,2026-05-11,https://polymarket.com/event/atp-almeida-casanov-2026-05-11-completed-match,atp-almeida-casanov-2026-05-11-completed-match,https://polymarket.com/event/atp-almeida-casanov-2026-05-11-completed-match,"[""Yes"", ""No""]","[""103129240818430681363726580839571776146437983947595341158237548155374264575886"", ""13300300136159186540400246506647901981111517805574711503259773252455473399230""]",2026-05-18,2026-05-18,KXATPCHALLENGERMATCH-26MAY12PDACAS,KXATPCHALLENGERMATCH-26MAY12PDACAS-CAS,,Will Hernan Casanova win the Pucinelli de Almeida vs Casanova: Round Of 32 match?,Almeida; Casanova,2026-05-12,https://kalshi.com/markets/KXATPCHALLENGERMATCH-26MAY12PDACAS-CAS,2026-05-26T21:00:00Z
Tennis,ATP,high,fernandez; torres,1,2219532,torres fernandez,Bruno Fernandez,Torres; Fernandez,2026-05-11,https://polymarket.com/event/atp-torres-fernand-2026-05-11,atp-torres-fernand-2026-05-11,https://polymarket.com/event/atp-torres-fernand-2026-05-11,"[""Bruno Fernandez"", ""Juan Bautista Torres""]","[""95446960148125382711724517108607967115806200952899909497504912912694677898703"", ""97945959428076379824716817927201470803990517263592669255587290308288996909746""]",2026-05-18,2026-05-18,KXATPCHALLENGERMATCH-26MAY12TORFER,KXATPCHALLENGERMATCH-26MAY12TORFER-FER,,Will Bruno Fernandez win the Torres vs Fernandez: Round Of 32 match?,Torres; Fernandez,2026-05-12,https://kalshi.com/markets/KXATPCHALLENGERMATCH-26MAY12TORFER-FER,2026-05-26T17:10:00Z
Tennis,ATP,high,fernandez; torres,1,2219533,torres fernandez,Yes,Torres; Fernandez,2026-05-11,https://polymarket.com/event/atp-torres-fernand-2026-05-11-completed-match,atp-torres-fernand-2026-05-11-completed-match,https://polymarket.com/event/atp-torres-fernand-2026-05-11-completed-match,"[""Yes"", ""No""]","[""25713317309855669987206585703973705056763689981364679667582170101228478900716"", ""73568722976846626065386429730773818863275153054205103165203192308758157799190""]",2026-05-18,2026-05-18,KXATPCHALLENGERMATCH-26MAY12TORFER,KXATPCHALLENGERMATCH-26MAY12TORFER-TOR,,Will Juan Bautista Torres win the Torres vs Fernandez: Round Of 32 match?,Torres; Fernandez,2026-05-12,https://kalshi.com/markets/KXATPCHALLENGERMATCH-26MAY12TORFER-TOR,2026-05-26T17:10:00Z
Golf,PGA Tour,high,scheffler,1,2234555,scheffler,Yes,Scheffler,2026-05-18,https://polymarket.com/event/will-scottie-scheffler-win-the-2026-pga-championship,will-scottie-scheffler-win-the-2026-pga-championship,https://polymarket.com/event/will-scottie-scheffler-win-the-2026-pga-championship,"[""Yes"", ""No""]","[""69900662940343312876701770131916498645173659956503368184915538174228131756577"", ""43494702348279005302103264814381828614384280130005749348040448989248461261166""]",2026-05-18,2026-05-18,KXPGATOUR-PGC26-SSCH,KXPGATOUR-PGC26-SSCH,,Will Scottie Scheffler win the PGA Championship?,Scheffler,2026-05-17,https://kalshi.com/markets/KXPGATOUR-PGC26-SSCH,2026-05-31T04:00:00Z
Golf,PGA Tour,high,mcilroy,1,2234556,mcilroy,Yes,McIlroy,2026-05-18,https://polymarket.com/event/will-rory-mcilroy-win-the-2026-pga-championship,will-rory-mcilroy-win-the-2026-pga-championship,https://polymarket.com/event/will-rory-mcilroy-win-the-2026-pga-championship,"[""Yes"", ""No""]","[""93511018178883276549171069346588876698668579149990798781691513174194168223098"", ""19726801834393997504508239396693858538581210452513185823994458279718414863189""]",2026-05-18,2026-05-18,KXPGATOUR-PGC26-RMCI,KXPGATOUR-PGC26-RMCI,,Will Rory McIlroy win the PGA Championship?,McIlroy,2026-05-17,https://kalshi.com/markets/KXPGATOUR-PGC26-RMCI,2026-05-31T04:00:00Z
Golf,PGA Tour,high,young,1,2234557,young,Yes,Young,2026-05-18,https://polymarket.com/event/will-cameron-young-win-the-2026-pga-championship,will-cameron-young-win-the-2026-pga-championship,https://polymarket.com/event/will-cameron-young-win-the-2026-pga-championship,"[""Yes"", ""No""]","[""66303721662804312327035933531905540367550971757222073775471961024261265293655"", ""66237389128582333006944892968316460516164798515429506458644875243263747074064""]",2026-05-18,2026-05-18,KXPGATOUR-PGC26-CAME,KXPGATOUR-PGC26-CAME,,Will Cameron Young win the PGA Championship?,Young,2026-05-17,https://kalshi.com/markets/KXPGATOUR-PGC26-CAME,2026-05-31T04:00:00Z
Golf,PGA Tour,high,rahm,1,2234558,rahm,Yes,Rahm,2026-05-18,https://polymarket.com/event/will-jon-rahm-win-the-2026-pga-championship,will-jon-rahm-win-the-2026-pga-championship,https://polymarket.com/event/will-jon-rahm-win-the-2026-pga-championship,"[""Yes"", ""No""]","[""8941940197580646899768212990144954915540138030649404555271158023682861880663"", ""80548085368164932648896421509076259179765876960722948311700290196738450586344""]",2026-05-18,2026-05-18,KXPGATOUR-PGC26-JRAH,KXPGATOUR-PGC26-JRAH,,Will Jon Rahm win the PGA Championship?,Rahm,2026-05-17,https://kalshi.com/markets/KXPGATOUR-PGC26-JRAH,2026-05-31T04:00:00Z
Golf,PGA Tour,high,schauffele,1,2234559,schauffele,Yes,Schauffele,2026-05-18,https://polymarket.com/event/will-xander-schauffele-win-the-2026-pga-championship,will-xander-schauffele-win-the-2026-pga-championship,https://polymarket.com/event/will-xander-schauffele-win-the-2026-pga-championship,"[""Yes"", ""No""]","[""4085292184841918428182767984558301365971622301824950335302564858353851544204"", ""41335231188350012295466417461013829393910162451385584285431460862545882319900""]",2026-05-18,2026-05-18,KXPGATOUR-PGC26-XSCH,KXPGATOUR-PGC26-XSCH,,Will Xander Schauffele win the PGA Championship?,Schauffele,2026-05-17,https://kalshi.com/markets/KXPGATOUR-PGC26-XSCH,2026-05-31T04:00:00Z
Golf,PGA Tour,high,aberg,1,2234560,aberg,Yes,Aberg,2026-05-18,https://polymarket.com/event/will-ludvig-aberg-win-the-2026-pga-championship,will-ludvig-aberg-win-the-2026-pga-championship,https://polymarket.com/event/will-ludvig-aberg-win-the-2026-pga-championship,"[""Yes"", ""No""]","[""80167431355855825460211832467492711507701328263695042001243173905137172771466"", ""88215642211759931186831528360424543198024503735068623058325264967590564386776""]",2026-05-18,2026-05-18,KXPGATOUR-PGC26-LABE,KXPGATOUR-PGC26-LABE,,Will Ludvig Aberg win the PGA Championship?,Aberg,2026-05-17,https://kalshi.com/markets/KXPGATOUR-PGC26-LABE,2026-05-31T04:00:00Z
Golf,PGA Tour,high,dechambeau,1,2234561,dechambeau,Yes,DeChambeau,2026-05-18,https://polymarket.com/event/will-bryson-dechambeau-win-the-2026-pga-championship,will-bryson-dechambeau-win-the-2026-pga-championship,https://polymarket.com/event/will-bryson-dechambeau-win-the-2026-pga-championship,"[""Yes"", ""No""]","[""96143118722395330476622440690088441793911961631370127835957502994575460323886"", ""81504783473682283262251979732769986684949551930309494235100744975349946870974""]",2026-05-18,2026-05-18,KXPGATOUR-PGC26-BDEC,KXPGATOUR-PGC26-BDEC,,Will Bryson DeChambeau win the PGA Championship?,DeChambeau,2026-05-17,https://kalshi.com/markets/KXPGATOUR-PGC26-BDEC,2026-05-31T04:00:00Z
Golf,PGA Tour,high,fitzpatrick,1,2234562,fitzpatrick,Yes,Fitzpatrick,2026-05-18,https://polymarket.com/event/will-matt-fitzpatrick-win-the-2026-pga-championship,will-matt-fitzpatrick-win-the-2026-pga-championship,https://polymarket.com/event/will-matt-fitzpatrick-win-the-2026-pga-championship,"[""Yes"", ""No""]","[""67020924727132129557334419166333254626142701725409484040908710345479961871619"", ""28138668802273126551753794436999134389391415044659869578448678431280196881575""]",2026-05-18,2026-05-18,KXPGATOUR-PGC26-AFIT,KXPGATOUR-PGC26-AFIT,KXPGATOUR-PGC26-MFIT,Will Alex Fitzpatrick win the PGA Championship?,Fitzpatrick,2026-05-17,https://kalshi.com/markets/KXPGATOUR-PGC26-AFIT,2026-05-31T04:00:00Z
Golf,PGA Tour,high,fleetwood,1,2234563,fleetwood,Yes,Fleetwood,2026-05-18,https://polymarket.com/event/will-tommy-fleetwood-win-the-2026-pga-championship,will-tommy-fleetwood-win-the-2026-pga-championship,https://polymarket.com/event/will-tommy-fleetwood-win-the-2026-pga-championship,"[""Yes"", ""No""]","[""67645018206338219723594335462876167379451865835510457780505647553361485410861"", ""32787747019403844991366026293020129114985091518898739311590817807479679165132""]",2026-05-18,2026-05-18,KXPGATOUR-PGC26-TFLE,KXPGATOUR-PGC26-TFLE,,Will Tommy Fleetwood win the PGA Championship?,Fleetwood,2026-05-17,https://kalshi.com/markets/KXPGATOUR-PGC26-TFLE,2026-05-31T04:00:00Z
Golf,PGA Tour,high,thomas,1,2234564,thomas,Yes,Thomas,2026-05-18,https://polymarket.com/event/will-justin-thomas-win-the-2026-pga-championship,will-justin-thomas-win-the-2026-pga-championship,https://polymarket.com/event/will-justin-thomas-win-the-2026-pga-championship,"[""Yes"", ""No""]","[""6738923887185137704044395543125349944596682592447916009507859233028533627811"", ""82415622109623028798665247469220973146245288425537681206279952625050260549974""]",2026-05-18,2026-05-18,KXPGATOUR-PGC26-JTHO,KXPGATOUR-PGC26-JTHO,,Will Justin Thomas win the PGA Championship?,Thomas,2026-05-17,https://kalshi.com/markets/KXPGATOUR-PGC26-JTHO,2026-05-31T04:00:00Z
Golf,PGA Tour,high,cantlay,1,2234565,cantlay,Yes,Cantlay,2026-05-18,https://polymarket.com/event/will-patrick-cantlay-win-the-2026-pga-championship,will-patrick-cantlay-win-the-2026-pga-championship,https://polymarket.com/event/will-patrick-cantlay-win-the-2026-pga-championship,"[""Yes"", ""No""]","[""17159462358454616513689470466065845179349204803649062998121108074751032100623"", ""114206923588231151007395630609838832155510847986419341162211018930601754077834""]",2026-05-18,2026-05-18,KXPGATOUR-PGC26-PCAN,KXPGATOUR-PGC26-PCAN,,Will Patrick Cantlay win the PGA Championship?,Cantlay,2026-05-17,https://kalshi.com/markets/KXPGATOUR-PGC26-PCAN,2026-05-31T04:00:00Z
Golf,PGA Tour,high,koepka,1,2234566,koepka,Yes,Koepka,2026-05-18,https://polymarket.com/event/will-brooks-koepka-win-the-2026-pga-championship,will-brooks-koepka-win-the-2026-pga-championship,https://polymarket.com/event/will-brooks-koepka-win-the-2026-pga-championship,"[""Yes"", ""No""]","[""114865968828415046862307141487148960635308729706425299910216725782252489852860"", ""94483500357824108013570090162305756781606144428445057136731496368667289186410""]",2026-05-18,2026-05-18,KXPGATOUR-PGC26-BKOE,KXPGATOUR-PGC26-BKOE,,Will Brooks Koepka win the PGA Championship?,Koepka,2026-05-17,https://kalshi.com/markets/KXPGATOUR-PGC26-BKOE,2026-05-31T04:00:00Z
Golf,PGA Tour,high,morikawa,1,2234568,morikawa,Yes,Morikawa,2026-05-18,https://polymarket.com/event/will-collin-morikawa-win-the-2026-pga-championship,will-collin-morikawa-win-the-2026-pga-championship,https://polymarket.com/event/will-collin-morikawa-win-the-2026-pga-championship,"[""Yes"", ""No""]","[""64038956621179727701991187361416807270912471012018780460706384774346262797962"", ""77793612424750358202845262824386887677895165950192907731242729385709731398893""]",2026-05-18,2026-05-18,KXPGATOUR-PGC26-CMOR,KXPGATOUR-PGC26-CMOR,,Will Collin Morikawa win the PGA Championship?,Morikawa,2026-05-17,https://kalshi.com/markets/KXPGATOUR-PGC26-CMOR,2026-05-31T04:00:00Z
Golf,PGA Tour,high,rose,1,2234569,rose,Yes,Rose,2026-05-18,https://polymarket.com/event/will-justin-rose-win-the-2026-pga-championship,will-justin-rose-win-the-2026-pga-championship,https://polymarket.com/event/will-justin-rose-win-the-2026-pga-championship,"[""Yes"", ""No""]","[""9294625102200104500328498335581924089467413089998555149046958216544667957826"", ""108906615073971430631123270313112601194775527492682258700595611769838862736992""]",2026-05-18,2026-05-18,KXPGATOUR-PGC26-JROS,KXPGATOUR-PGC26-JROS,,Will Justin Rose win the PGA Championship?,Rose,2026-05-17,https://kalshi.com/markets/KXPGATOUR-PGC26-JROS,2026-05-31T04:00:00Z
Golf,PGA Tour,high,scott,1,2234570,scott,Yes,Scott,2026-05-18,https://polymarket.com/event/will-adam-scott-win-the-2026-pga-championship,will-adam-scott-win-the-2026-pga-championship,https://polymarket.com/event/will-adam-scott-win-the-2026-pga-championship,"[""Yes"", ""No""]","[""92191741804102175279123967277755099850194468356590751751302596701148038409378"", ""1763476504197456768478830561335683794944820166973500010877870633548619027148""]",2026-05-18,2026-05-18,KXPGATOUR-PGC26-ADS,KXPGATOUR-PGC26-ADS,,Will Adam Scott win the PGA Championship?,Scott,2026-05-17,https://kalshi.com/markets/KXPGATOUR-PGC26-ADS,2026-05-31T04:00:00Z
Golf,PGA Tour,high,burns,1,2234572,burns,Yes,Burns,2026-05-18,https://polymarket.com/event/will-sam-burns-win-the-2026-pga-championship,will-sam-burns-win-the-2026-pga-championship,https://polymarket.com/event/will-sam-burns-win-the-2026-pga-championship,"[""Yes"", ""No""]","[""92090906151140529245269562500955536135363208165997085343008394872154703143130"", ""82495141788526758050969849601954232225364319361142555090234168758905043758436""]",2026-05-18,2026-05-18,KXPGATOUR-PGC26-SBUR,KXPGATOUR-PGC26-SBUR,,Will Sam Burns win the PGA Championship?,Burns,2026-05-17,https://kalshi.com/markets/KXPGATOUR-PGC26-SBUR,2026-05-31T04:00:00Z
Golf,PGA Tour,high,fowler,1,2234573,fowler,Yes,Fowler,2026-05-18,https://polymarket.com/event/will-rickie-fowler-win-the-2026-pga-championship,will-rickie-fowler-win-the-2026-pga-championship,https://polymarket.com/event/will-rickie-fowler-win-the-2026-pga-championship,"[""Yes"", ""No""]","[""60134837619344208725696960883877686487289894974156244808141170912261616870523"", ""52281787533830803993232583181877977835896973302501385740747707361332591829170""]",2026-05-18,2026-05-18,KXPGATOUR-PGC26-RFOW,KXPGATOUR-PGC26-RFOW,,Will Rickie Fowler win the PGA Championship?,Fowler,2026-05-17,https://kalshi.com/markets/KXPGATOUR-PGC26-RFOW,2026-05-31T04:00:00Z
Golf,PGA Tour,high,gotterup,1,2234574,gotterup,Yes,Gotterup,2026-05-18,https://polymarket.com/event/will-chris-gotterup-win-the-2026-pga-championship,will-chris-gotterup-win-the-2026-pga-championship,https://polymarket.com/event/will-chris-gotterup-win-the-2026-pga-championship,"[""Yes"", ""No""]","[""40359910094345924285472172376514741064120358658289861088482557970970246601153"", ""101184121954545412696299368879733914744157372781442132160282727797481388237417""]",2026-05-18,2026-05-18,KXPGATOUR-PGC26-CGOT,KXPGATOUR-PGC26-CGOT,,Will Chris Gotterup win the PGA Championship?,Gotterup,2026-05-17,https://kalshi.com/markets/KXPGATOUR-PGC26-CGOT,2026-05-31T04:00:00Z
Golf,PGA Tour,high,hatton,1,2234575,hatton,Yes,Hatton,2026-05-18,https://polymarket.com/event/will-tyrrell-hatton-win-the-2026-pga-championship,will-tyrrell-hatton-win-the-2026-pga-championship,https://polymarket.com/event/will-tyrrell-hatton-win-the-2026-pga-championship,"[""Yes"", ""No""]","[""103352472708025390894431281071837663297334239827090056802945281775477126909227"", ""86946195069202095314314739878432991004909553282588920636024963147651793403637""]",2026-05-18,2026-05-18,KXPGATOUR-PGC26-THAT,KXPGATOUR-PGC26-THAT,,Will Tyrrell Hatton win the PGA Championship?,Hatton,2026-05-17,https://kalshi.com/markets/KXPGATOUR-PGC26-THAT,2026-05-31T04:00:00Z
Golf,PGA Tour,high,henley,1,2234576,henley,Yes,Henley,2026-05-18,https://polymarket.com/event/will-russell-henley-win-the-2026-pga-championship,will-russell-henley-win-the-2026-pga-championship,https://polymarket.com/event/will-russell-henley-win-the-2026-pga-championship,"[""Yes"", ""No""]","[""78454588945425260777014800364898654751806673815831782166751058746715201775862"", ""101185433244757105108775297192751333101748636485513949723508408201568013801332""]",2026-05-18,2026-05-18,KXPGATOUR-PGC26-RHEN,KXPGATOUR-PGC26-RHEN,,Will Russell Henley win the PGA Championship?,Henley,2026-05-17,https://kalshi.com/markets/KXPGATOUR-PGC26-RHEN,2026-05-31T04:00:00Z
Golf,PGA Tour,high,hojgaard,1,2234577,hojgaard,Yes,Hojgaard,2026-05-18,https://polymarket.com/event/will-nicolai-hojgaard-win-the-2026-pga-championship,will-nicolai-hojgaard-win-the-2026-pga-championship,https://polymarket.com/event/will-nicolai-hojgaard-win-the-2026-pga-championship,"[""Yes"", ""No""]","[""22417022582144516279907806031338214262689123431997221503671550732945095091597"", ""50114021049164166249649620721645878950756248815645769153352883302912889285391""]",2026-05-18,2026-05-18,KXPGATOUR-PGC26-NHOJ,KXPGATOUR-PGC26-NHOJ,KXPGATOUR-PGC26-RHOJ,Will Nicolai Hojgaard win the PGA Championship?,Hojgaard,2026-05-17,https://kalshi.com/markets/KXPGATOUR-PGC26-NHOJ,2026-05-31T04:00:00Z
Golf,PGA Tour,high,hovland,1,2234578,hovland,Yes,Hovland,2026-05-18,https://polymarket.com/event/will-viktor-hovland-win-the-2026-pga-championship,will-viktor-hovland-win-the-2026-pga-championship,https://polymarket.com/event/will-viktor-hovland-win-the-2026-pga-championship,"[""Yes"", ""No""]","[""27089664774131849060525024228259063291476568522792507037595674672206029764620"", ""52542386824541066791951320052758458789760463405562748691650407175771448560655""]",2026-05-18,2026-05-18,KXPGATOUR-PGC26-VHOV,KXPGATOUR-PGC26-VHOV,,Will Viktor Hovland win the PGA Championship?,Hovland,2026-05-17,https://kalshi.com/markets/KXPGATOUR-PGC26-VHOV,2026-05-31T04:00:00Z
Golf,PGA Tour,high,kim,1,2234579,kim,Yes,Kim,2026-05-18,https://polymarket.com/event/will-si-woo-kim-win-the-2026-pga-championship,will-si-woo-kim-win-the-2026-pga-championship,https://polymarket.com/event/will-si-woo-kim-win-the-2026-pga-championship,"[""Yes"", ""No""]","[""10852311155384267406337251756993716821311513382736917000541578389051726174528"", ""2201672037650718457190469628128053735019464620651563061178213635299244703768""]",2026-05-18,2026-05-18,KXPGATOUR-PGC26-MKIM,KXPGATOUR-PGC26-MKIM,KXPGATOUR-PGC26-WKIM,Will Michael Kim win the PGA Championship?,Kim,2026-05-17,https://kalshi.com/markets/KXPGATOUR-PGC26-MKIM,2026-05-31T04:00:00Z
Golf,PGA Tour,high,macintyre,1,2234580,macintyre,Yes,MacIntyre,2026-05-18,https://polymarket.com/event/will-robert-macintyre-win-the-2026-pga-championship,will-robert-macintyre-win-the-2026-pga-championship,https://polymarket.com/event/will-robert-macintyre-win-the-2026-pga-championship,"[""Yes"", ""No""]","[""33620735217021080167207881923432116271330816993301886179292683947560124335986"", ""97725399137110607888017316469486427515211966693503960424738263985050214166423""]",2026-05-18,2026-05-18,KXPGATOUR-PGC26-RMAC,KXPGATOUR-PGC26-RMAC,,Will Robert MacIntyre win the PGA Championship?,MacIntyre,2026-05-17,https://kalshi.com/markets/KXPGATOUR-PGC26-RMAC,2026-05-31T04:00:00Z
Golf,PGA Tour,high,reed,1,2234581,reed,Yes,Reed,2026-05-18,https://polymarket.com/event/will-patrick-reed-win-the-2026-pga-championship,will-patrick-reed-win-the-2026-pga-championship,https://polymarket.com/event/will-patrick-reed-win-the-2026-pga-championship,"[""Yes"", ""No""]","[""21788141561313679853519377310123553601880986367748343750465002589972616839818"", ""8027704268308035066711505293783677715844307020537829467883356993770337263051""]",2026-05-18,2026-05-18,KXPGATOUR-PGC26-PREE,KXPGATOUR-PGC26-PREE,,Will Patrick Reed win the PGA Championship?,Reed,2026-05-17,https://kalshi.com/markets/KXPGATOUR-PGC26-PREE,2026-05-31T04:00:00Z
Golf,PGA Tour,high,spieth,1,2234582,spieth,Yes,Spieth,2026-05-18,https://polymarket.com/event/will-jordan-spieth-win-the-2026-pga-championship,will-jordan-spieth-win-the-2026-pga-championship,https://polymarket.com/event/will-jordan-spieth-win-the-2026-pga-championship,"[""Yes"", ""No""]","[""42396672942700907030010926743453565125712869115986530268252467597889884155443"", ""52559535932593173478234046627536228409744233937286383493945915640462647020542""]",2026-05-18,2026-05-18,KXPGATOUR-PGC26-JORD,KXPGATOUR-PGC26-JORD,,Will Jordan Spieth win the PGA Championship?,Spieth,2026-05-17,https://kalshi.com/markets/KXPGATOUR-PGC26-JORD,2026-05-31T04:00:00Z
Golf,PGA Tour,high,straka,1,2234583,straka,Yes,Straka,2026-05-18,https://polymarket.com/event/will-sepp-straka-win-the-2026-pga-championship,will-sepp-straka-win-the-2026-pga-championship,https://polymarket.com/event/will-sepp-straka-win-the-2026-pga-championship,"[""Yes"", ""No""]","[""29403705443403944155270736786090257314605079663126410901296456279444323653124"", ""96986943437864026378901559559166110367563350599832570918262869068112929240227""]",2026-05-18,2026-05-18,KXPGATOUR-PGC26-SSTR,KXPGATOUR-PGC26-SSTR,,Will Sepp Straka win the PGA Championship?,Straka,2026-05-17,https://kalshi.com/markets/KXPGATOUR-PGC26-SSTR,2026-05-31T04:00:00Z
Golf,PGA Tour,high,kitayama,1,2234584,kitayama,Yes,Kitayama,2026-05-18,https://polymarket.com/event/will-kurt-kitayama-win-the-2026-pga-championship,will-kurt-kitayama-win-the-2026-pga-championship,https://polymarket.com/event/will-kurt-kitayama-win-the-2026-pga-championship,"[""Yes"", ""No""]","[""90844370406103855402716102586425856316499052404931641817569811770812825094823"", ""4607450261192302726369563553304591461958942719177370518583425349427590112256""]",2026-05-18,2026-05-18,KXPGATOUR-PGC26-KKIT,KXPGATOUR-PGC26-KKIT,,Will Kurt Kitayama win the PGA Championship?,Kitayama,2026-05-17,https://kalshi.com/markets/KXPGATOUR-PGC26-KKIT,2026-05-31T04:00:00Z
Golf,PGA Tour,high,knapp,1,2234585,knapp,Yes,Knapp,2026-05-18,https://polymarket.com/event/will-jake-knapp-win-the-2026-pga-championship,will-jake-knapp-win-the-2026-pga-championship,https://polymarket.com/event/will-jake-knapp-win-the-2026-pga-championship,"[""Yes"", ""No""]","[""23983830495470223847088163485629827170337765017530393536495668875728946944160"", ""23134388087470801556855648942221413968711280622621015553075888574395707312804""]",2026-05-18,2026-05-18,KXPGATOUR-PGC26-JKNA,KXPGATOUR-PGC26-JKNA,,Will Jake Knapp win the PGA Championship?,Knapp,2026-05-17,https://kalshi.com/markets/KXPGATOUR-PGC26-JKNA,2026-05-31T04:00:00Z
Golf,PGA Tour,high,lowry,1,2234586,lowry,Yes,Lowry,2026-05-18,https://polymarket.com/event/will-shane-lowry-win-the-2026-pga-championship,will-shane-lowry-win-the-2026-pga-championship,https://polymarket.com/event/will-shane-lowry-win-the-2026-pga-championship,"[""Yes"", ""No""]","[""69254419389204214335696441780562356743775951551625951119803950160751456511714"", ""53317281210505001375968181304789433855525058794208635711311171303740743292824""]",2026-05-18,2026-05-18,KXPGATOUR-PGC26-SLOW,KXPGATOUR-PGC26-SLOW,,Will Shane Lowry win the PGA Championship?,Lowry,2026-05-17,https://kalshi.com/markets/KXPGATOUR-PGC26-SLOW,2026-05-31T04:00:00Z
Golf,PGA Tour,high,matsuyama,1,2234587,matsuyama,Yes,Matsuyama,2026-05-18,https://polymarket.com/event/will-hideki-matsuyama-win-the-2026-pga-championship,will-hideki-matsuyama-win-the-2026-pga-championship,https://polymarket.com/event/will-hideki-matsuyama-win-the-2026-pga-championship,"[""Yes"", ""No""]","[""19767798817233937736198602738428037040642258470311281342594566224099911763611"", ""28988201093796260861560141665130131642370554502278008560867536333248029559329""]",2026-05-18,2026-05-18,KXPGATOUR-PGC26-HMAT,KXPGATOUR-PGC26-HMAT,,Will Hideki Matsuyama win the PGA Championship?,Matsuyama,2026-05-17,https://kalshi.com/markets/KXPGATOUR-PGC26-HMAT,2026-05-31T04:00:00Z
Golf,PGA Tour,high,mcnealy,1,2234588,mcnealy,Yes,McNealy,2026-05-18,https://polymarket.com/event/will-maverick-mcnealy-win-the-2026-pga-championship,will-maverick-mcnealy-win-the-2026-pga-championship,https://polymarket.com/event/will-maverick-mcnealy-win-the-2026-pga-championship,"[""Yes"", ""No""]","[""28735150049875135437083161453455757366593288312077455653332222586678562213847"", ""81313487552386840830798118123873677447106013455938246627590747881588433103813""]",2026-05-18,2026-05-18,KXPGATOUR-PGC26-MMCN,KXPGATOUR-PGC26-MMCN,,Will Maverick McNealy win the PGA Championship?,McNealy,2026-05-17,https://kalshi.com/markets/KXPGATOUR-PGC26-MMCN,2026-05-31T04:00:00Z
Golf,PGA Tour,high,reitan,1,2234589,reitan,Yes,Reitan,2026-05-18,https://polymarket.com/event/will-kristoffer-reitan-win-the-2026-pga-championship,will-kristoffer-reitan-win-the-2026-pga-championship,https://polymarket.com/event/will-kristoffer-reitan-win-the-2026-pga-championship,"[""Yes"", ""No""]","[""80065184808991179553345681429933229883511833740152358111837894131146567410626"", ""62770238169887634521461638082199609952605914167425759320293688783838372572377""]",2026-05-18,2026-05-18,KXPGATOUR-PGC26-KRR,KXPGATOUR-PGC26-KRR,,Will Kristoffer Reitan win the PGA Championship?,Reitan,2026-05-17,https://kalshi.com/markets/KXPGATOUR-PGC26-KRR,2026-05-31T04:00:00Z
Golf,PGA Tour,high,woodland,1,2234590,woodland,Yes,Woodland,2026-05-18,https://polymarket.com/event/will-gary-woodland-win-the-2026-pga-championship,will-gary-woodland-win-the-2026-pga-championship,https://polymarket.com/event/will-gary-woodland-win-the-2026-pga-championship,"[""Yes"", ""No""]","[""96302140224088777590996275639620496705128608042604113385809339644495862469258"", ""100316371194376131350671231179891869291038957273668688876021006563986385010507""]",2026-05-18,2026-05-18,KXPGATOUR-PGC26-GWOO,KXPGATOUR-PGC26-GWOO,,Will Gary Woodland win the PGA Championship?,Woodland,2026-05-17,https://kalshi.com/markets/KXPGATOUR-PGC26-GWOO,2026-05-31T04:00:00Z
Golf,PGA Tour,high,bhatia,1,2234591,bhatia,Yes,Bhatia,2026-05-18,https://polymarket.com/event/will-akshay-bhatia-win-the-2026-pga-championship,will-akshay-bhatia-win-the-2026-pga-championship,https://polymarket.com/event/will-akshay-bhatia-win-the-2026-pga-championship,"[""Yes"", ""No""]","[""3710005575132264612228592735807960061333828228382118914326573299738492363640"", ""67324188194285637098552071845172854512255538728770014725086801866121803957112""]",2026-05-18,2026-05-18,KXPGATOUR-PGC26-ABHA,KXPGATOUR-PGC26-ABHA,,Will Akshay Bhatia win the PGA Championship?,Bhatia,2026-05-17,https://kalshi.com/markets/KXPGATOUR-PGC26-ABHA,2026-05-31T04:00:00Z
Golf,PGA Tour,high,bradley,1,2234592,bradley,Yes,Bradley,2026-05-18,https://polymarket.com/event/will-keegan-bradley-win-the-2026-pga-championship,will-keegan-bradley-win-the-2026-pga-championship,https://polymarket.com/event/will-keegan-bradley-win-the-2026-pga-championship,"[""Yes"", ""No""]","[""54701439363842161217985489840464361537774752887438582688263847258926514988465"", ""55520292682222823665012866516950663578802473535226281097781108556705216089158""]",2026-05-18,2026-05-18,KXPGATOUR-PGC26-KBRA,KXPGATOUR-PGC26-KBRA,,Will Keegan Bradley win the PGA Championship?,Bradley,2026-05-17,https://kalshi.com/markets/KXPGATOUR-PGC26-KBRA,2026-05-31T04:00:00Z
Golf,PGA Tour,high,english,1,2234593,english,Yes,English,2026-05-18,https://polymarket.com/event/will-harris-english-win-the-2026-pga-championship,will-harris-english-win-the-2026-pga-championship,https://polymarket.com/event/will-harris-english-win-the-2026-pga-championship,"[""Yes"", ""No""]","[""44245797912050520330384015201365680474831122195150684972248003642588726587979"", ""6418859583841414431661204582842785055204197065188859763791607502329575465734""]",2026-05-18,2026-05-18,KXPGATOUR-PGC26-HENG,KXPGATOUR-PGC26-HENG,,Will Harris English win the PGA Championship?,English,2026-05-17,https://kalshi.com/markets/KXPGATOUR-PGC26-HENG,2026-05-31T04:00:00Z
Golf,PGA Tour,high,im,1,2234596,im,Yes,Im,2026-05-18,https://polymarket.com/event/will-sungjae-im-win-the-2026-pga-championship,will-sungjae-im-win-the-2026-pga-championship,https://polymarket.com/event/will-sungjae-im-win-the-2026-pga-championship,"[""Yes"", ""No""]","[""17865583245190274506246838349521768923733499458343640196454817327652809184227"", ""22659899020367968127226250704947493324267212553444421861391611073725566084048""]",2026-05-18,2026-05-18,KXPGATOUR-PGC26-SIM,KXPGATOUR-PGC26-SIM,,Will Sungjae Im win the PGA Championship?,Im,2026-05-17,https://kalshi.com/markets/KXPGATOUR-PGC26-SIM,2026-05-31T04:00:00Z
Golf,PGA Tour,high,niemann,1,2234597,niemann,Yes,Niemann,2026-05-18,https://polymarket.com/event/will-joaquin-niemann-win-the-2026-pga-championship,will-joaquin-niemann-win-the-2026-pga-championship,https://polymarket.com/event/will-joaquin-niemann-win-the-2026-pga-championship,"[""Yes"", ""No""]","[""76627186187777896867421407902357439587639824952526921408381429327020153423360"", ""23574256648430039481827085403137377751082602399024350534424087546007328087430""]",2026-05-18,2026-05-18,KXPGATOUR-PGC26-JNIE,KXPGATOUR-PGC26-JNIE,,Will Joaquin Niemann win the PGA Championship?,Niemann,2026-05-17,https://kalshi.com/markets/KXPGATOUR-PGC26-JNIE,2026-05-31T04:00:00Z
Golf,PGA Tour,high,noren,1,2234598,noren,Yes,Noren,2026-05-18,https://polymarket.com/event/will-alex-noren-win-the-2026-pga-championship,will-alex-noren-win-the-2026-pga-championship,https://polymarket.com/event/will-alex-noren-win-the-2026-pga-championship,"[""Yes"", ""No""]","[""87137594997975822268006150158594595110186605946139787551026960794340834729349"", ""41060115130495490388176607925135972601418790486069627457431465775372303649688""]",2026-05-18,2026-05-18,KXPGATOUR-PGC26-ANOR,KXPGATOUR-PGC26-ANOR,,Will Alex Noren win the PGA Championship?,Noren,2026-05-17,https://kalshi.com/markets/KXPGATOUR-PGC26-ANOR,2026-05-31T04:00:00Z
Golf,PGA Tour,high,puig,1,2234599,puig,Yes,Puig,2026-05-18,https://polymarket.com/event/will-david-puig-win-the-2026-pga-championship,will-david-puig-win-the-2026-pga-championship,https://polymarket.com/event/will-david-puig-win-the-2026-pga-championship,"[""Yes"", ""No""]","[""64608790543128617011988726813359551555197883510850654444486519627343365084134"", ""92986239437140619875253237468687598554599726847258397393659052509924844978205""]",2026-05-18,2026-05-18,KXPGATOUR-PGC26-DPUI,KXPGATOUR-PGC26-DPUI,,Will David Puig win the PGA Championship?,Puig,2026-05-17,https://kalshi.com/markets/KXPGATOUR-PGC26-DPUI,2026-05-31T04:00:00Z
Golf,PGA Tour,high,smalley,1,2234600,smalley,Yes,Smalley,2026-05-18,https://polymarket.com/event/will-alex-smalley-win-the-2026-pga-championship,will-alex-smalley-win-the-2026-pga-championship,https://polymarket.com/event/will-alex-smalley-win-the-2026-pga-championship,"[""Yes"", ""No""]","[""111263513153959856608587970243951603129530818033728245576658273381840509675532"", ""48244129978385430290350237700961676449662039634211612679187198780054316999585""]",2026-05-18,2026-05-18,KXPGATOUR-PGC26-ASMA,KXPGATOUR-PGC26-ASMA,,Will Alex Smalley win the PGA Championship?,Smalley,2026-05-17,https://kalshi.com/markets/KXPGATOUR-PGC26-ASMA,2026-05-31T04:00:00Z
Golf,PGA Tour,high,bridgeman,1,2234601,bridgeman,Yes,Bridgeman,2026-05-18,https://polymarket.com/event/will-jacob-bridgeman-win-the-2026-pga-championship,will-jacob-bridgeman-win-the-2026-pga-championship,https://polymarket.com/event/will-jacob-bridgeman-win-the-2026-pga-championship,"[""Yes"", ""No""]","[""77106298462987603895616359679163007013655371439283520128410276100524493823158"", ""94361103968162910309213108161578106518483242031388038273006260514969928156656""]",2026-05-18,2026-05-18,KXPGATOUR-PGC26-JBRI,KXPGATOUR-PGC26-JBRI,,Will Jacob Bridgeman win the PGA Championship?,Bridgeman,2026-05-17,https://kalshi.com/markets/KXPGATOUR-PGC26-JBRI,2026-05-31T04:00:00Z
Golf,PGA Tour,high,conners,1,2234602,conners,Yes,Conners,2026-05-18,https://polymarket.com/event/will-corey-conners-win-the-2026-pga-championship,will-corey-conners-win-the-2026-pga-championship,https://polymarket.com/event/will-corey-conners-win-the-2026-pga-championship,"[""Yes"", ""No""]","[""105307149595189825246071404881997110062108035041813356927807260589537638043958"", ""90792179787352126616954134093327357452099103263550292375988131453308582787582""]",2026-05-18,2026-05-18,KXPGATOUR-PGC26-CCON,KXPGATOUR-PGC26-CCON,,Will Corey Conners win the PGA Championship?,Conners,2026-05-17,https://kalshi.com/markets/KXPGATOUR-PGC26-CCON,2026-05-31T04:00:00Z
Golf,PGA Tour,high,day,1,2234603,day,Yes,Day,2026-05-18,https://polymarket.com/event/will-jason-day-win-the-2026-pga-championship,will-jason-day-win-the-2026-pga-championship,https://polymarket.com/event/will-jason-day-win-the-2026-pga-championship,"[""Yes"", ""No""]","[""43163447931974761046720586148280319278767239560666274146143869640371093548324"", ""32009514981847058875793931514324032244743719824022060232526117017368577819043""]",2026-05-18,2026-05-18,KXPGATOUR-PGC26-JDAY,KXPGATOUR-PGC26-JDAY,,Will Jason Day win the PGA Championship?,Day,2026-05-17,https://kalshi.com/markets/KXPGATOUR-PGC26-JDAY,2026-05-31T04:00:00Z
Golf,PGA Tour,high,hall,1,2234604,hall,Yes,Hall,2026-05-18,https://polymarket.com/event/will-harry-hall-win-the-2026-pga-championship,will-harry-hall-win-the-2026-pga-championship,https://polymarket.com/event/will-harry-hall-win-the-2026-pga-championship,"[""Yes"", ""No""]","[""29928276577409343434903626065223064004001472702941921530044701050154377272290"", ""4840053065474961058130974557150032555919392964386746796517080627835694744671""]",2026-05-18,2026-05-18,KXPGATOUR-PGC26-HHAL,KXPGATOUR-PGC26-HHAL,,Will Harry Hall win the PGA Championship?,Hall,2026-05-17,https://kalshi.com/markets/KXPGATOUR-PGC26-HHAL,2026-05-31T04:00:00Z
Golf,PGA Tour,high,mccarty,1,2234605,mccarty,Yes,McCarty,2026-05-18,https://polymarket.com/event/will-matt-mccarty-win-the-2026-pga-championship,will-matt-mccarty-win-the-2026-pga-championship,https://polymarket.com/event/will-matt-mccarty-win-the-2026-pga-championship,"[""Yes"", ""No""]","[""50617317011504360949892426434390807143379113015827451216986516529459197535070"", ""103743627379563282524176699610112300880337751867788484698564249479347026022798""]",2026-05-18,2026-05-18,KXPGATOUR-PGC26-MMCC,KXPGATOUR-PGC26-MMCC,,Will Matthew McCarty win the PGA Championship?,McCarty,2026-05-17,https://kalshi.com/markets/KXPGATOUR-PGC26-MMCC,2026-05-31T04:00:00Z
Golf,PGA Tour,high,penge,1,2234606,penge,Yes,Penge,2026-05-18,https://polymarket.com/event/will-marco-penge-win-the-2026-pga-championship,will-marco-penge-win-the-2026-pga-championship,https://polymarket.com/event/will-marco-penge-win-the-2026-pga-championship,"[""Yes"", ""No""]","[""110639684854711076231756934903188297577804967091191136945165324772604287197743"", ""53692707205863862626989758539707478105951327724407861664553658548946301507086""]",2026-05-18,2026-05-18,KXPGATOUR-PGC26-MPEN,KXPGATOUR-PGC26-MPEN,,Will Marco Penge win the PGA Championship?,Penge,2026-05-17,https://kalshi.com/markets/KXPGATOUR-PGC26-MPEN,2026-05-31T04:00:00Z
Golf,PGA Tour,high,rai,1,2234607,rai,Yes,Rai,2026-05-18,https://polymarket.com/event/will-aaron-rai-win-the-2026-pga-championship,will-aaron-rai-win-the-2026-pga-championship,https://polymarket.com/event/will-aaron-rai-win-the-2026-pga-championship,"[""Yes"", ""No""]","[""34152308123643256535218022049101301083988291565366046503481914813295444631320"", ""44268602255671956089723279113454555624479805399025236563752727559711260229733""]",2026-05-18,2026-05-18,KXPGATOUR-PGC26-ARAI,KXPGATOUR-PGC26-ARAI,,Will Aaron Rai win the PGA Championship?,Rai,2026-05-17,https://kalshi.com/markets/KXPGATOUR-PGC26-ARAI,2026-05-31T04:00:00Z
Golf,PGA Tour,high,thorbjornsen,1,2234608,thorbjornsen,Yes,Thorbjornsen,2026-05-18,https://polymarket.com/event/will-michael-thorbjornsen-win-the-2026-pga-championship,will-michael-thorbjornsen-win-the-2026-pga-championship,https://polymarket.com/event/will-michael-thorbjornsen-win-the-2026-pga-championship,"[""Yes"", ""No""]","[""16512740167013939126839717829705225919431584702093983364916809601817806270061"", ""62447704267888217613453379838598619796635985840485233871486862299032320728297""]",2026-05-18,2026-05-18,KXPGATOUR-PGC26-MTHO,KXPGATOUR-PGC26-MTHO,,Will Michael Thorbjornsen win the PGA Championship?,Thorbjornsen,2026-05-17,https://kalshi.com/markets/KXPGATOUR-PGC26-MTHO,2026-05-31T04:00:00Z
Golf,PGA Tour,high,clark,1,2234609,clark,Yes,Clark,2026-05-18,https://polymarket.com/event/will-wyndham-clark-win-the-2026-pga-championship,will-wyndham-clark-win-the-2026-pga-championship,https://polymarket.com/event/will-wyndham-clark-win-the-2026-pga-championship,"[""Yes"", ""No""]","[""5007210958994153683243667050808720916909491460964532065362921551219201052464"", ""28653166979052249244049843554710905630599008091498910971598867764567435309709""]",2026-05-18,2026-05-18,KXPGATOUR-PGC26-WCLA,KXPGATOUR-PGC26-WCLA,,Will Wyndham Clark win the PGA Championship?,Clark,2026-05-17,https://kalshi.com/markets/KXPGATOUR-PGC26-WCLA,2026-05-31T04:00:00Z
Golf,PGA Tour,high,coody,1,2234610,coody,Yes,Coody,2026-05-18,https://polymarket.com/event/will-pierceson-coody-win-the-2026-pga-championship,will-pierceson-coody-win-the-2026-pga-championship,https://polymarket.com/event/will-pierceson-coody-win-the-2026-pga-championship,"[""Yes"", ""No""]","[""50372865108597628898440563096092333545775559172795369183689680526368072426697"", ""40529899973599925464704380129538422600504197508455981586465538090718137228145""]",2026-05-18,2026-05-18,KXPGATOUR-PGC26-PCOO,KXPGATOUR-PGC26-PCOO,,Will Pierceson Coody win the PGA Championship?,Coody,2026-05-17,https://kalshi.com/markets/KXPGATOUR-PGC26-PCOO,2026-05-31T04:00:00Z
Golf,PGA Tour,high,harman,1,2234611,harman,Yes,Harman,2026-05-18,https://polymarket.com/event/will-brian-harman-win-the-2026-pga-championship,will-brian-harman-win-the-2026-pga-championship,https://polymarket.com/event/will-brian-harman-win-the-2026-pga-championship,"[""Yes"", ""No""]","[""4686671439996699379364998170833222860540524501161302592314410474391657531250"", ""57869956869161700352269163061717456217824953883380237948821577668387827283430""]",2026-05-18,2026-05-18,KXPGATOUR-PGC26-BHAR,KXPGATOUR-PGC26-BHAR,,Will Brian Harman win the PGA Championship?,Harman,2026-05-17,https://kalshi.com/markets/KXPGATOUR-PGC26-BHAR,2026-05-31T04:00:00Z
Golf,PGA Tour,high,pendrith,1,2234613,pendrith,Yes,Pendrith,2026-05-18,https://polymarket.com/event/will-taylor-pendrith-win-the-2026-pga-championship,will-taylor-pendrith-win-the-2026-pga-championship,https://polymarket.com/event/will-taylor-pendrith-win-the-2026-pga-championship,"[""Yes"", ""No""]","[""10890116820531180265787050257496851709247101036865630144013848987684678352549"", ""69301501159189836052629846308187874133226963395891708474079207511979283058950""]",2026-05-18,2026-05-18,KXPGATOUR-PGC26-TPEN,KXPGATOUR-PGC26-TPEN,,Will Taylor Pendrith win the PGA Championship?,Pendrith,2026-05-17,https://kalshi.com/markets/KXPGATOUR-PGC26-TPEN,2026-05-31T04:00:00Z
Golf,PGA Tour,high,potgieter,1,2234615,potgieter,Yes,Potgieter,2026-05-18,https://polymarket.com/event/will-aldrich-potgieter-win-the-2026-pga-championship,will-aldrich-potgieter-win-the-2026-pga-championship,https://polymarket.com/event/will-aldrich-potgieter-win-the-2026-pga-championship,"[""Yes"", ""No""]","[""100241961689361305829511136718880730313580577595815859165446097984901858053103"", ""87596505811584816399559725762224532434185635747480996868754065013474024326072""]",2026-05-18,2026-05-18,KXPGATOUR-PGC26-APOT,KXPGATOUR-PGC26-APOT,,Will Aldrich Potgieter win the PGA Championship?,Potgieter,2026-05-17,https://kalshi.com/markets/KXPGATOUR-PGC26-APOT,2026-05-31T04:00:00Z
Golf,PGA Tour,high,smith,1,2234616,smith,Yes,Smith,2026-05-18,https://polymarket.com/event/will-cameron-smith-win-the-2026-pga-championship,will-cameron-smith-win-the-2026-pga-championship,https://polymarket.com/event/will-cameron-smith-win-the-2026-pga-championship,"[""Yes"", ""No""]","[""44778672612418800705860650409693610826323404495704279837772078215826601610830"", ""103889015428163683862844654116883104284921437357259378264216209481429602549938""]",2026-05-18,2026-05-18,KXPGATOUR-PGC26-CSMI,KXPGATOUR-PGC26-CSMI,,Will Cameron Smith win the PGA Championship?,Smith,2026-05-17,https://kalshi.com/markets/KXPGATOUR-PGC26-CSMI,2026-05-31T04:00:00Z
Golf,PGA Tour,high,stevens,1,2234618,stevens,Yes,Stevens,2026-05-18,https://polymarket.com/event/will-sam-stevens-win-the-2026-pga-championship,will-sam-stevens-win-the-2026-pga-championship,https://polymarket.com/event/will-sam-stevens-win-the-2026-pga-championship,"[""Yes"", ""No""]","[""112750090081387732302745990804279600598077079494289364105435215095711310404352"", ""28362400303100859327905054212698667759995473133666008347186984296399037773110""]",2026-05-18,2026-05-18,KXPGATOUR-PGC26-SSTE,KXPGATOUR-PGC26-SSTE,,Will Sam Stevens win the PGA Championship?,Stevens,2026-05-17,https://kalshi.com/markets/KXPGATOUR-PGC26-SSTE,2026-05-31T04:00:00Z
Golf,PGA Tour,high,taylor,1,2234619,taylor,Yes,Taylor,2026-05-18,https://polymarket.com/event/will-nick-taylor-win-the-2026-pga-championship,will-nick-taylor-win-the-2026-pga-championship,https://polymarket.com/event/will-nick-taylor-win-the-2026-pga-championship,"[""Yes"", ""No""]","[""27649825752340574362366453979397470054732710999196695620294255539766493845064"", ""74902526952301671919246122019134473791840464361455505183211922670727618828439""]",2026-05-18,2026-05-18,KXPGATOUR-PGC26-NTAY,KXPGATOUR-PGC26-NTAY,,Will Nick Taylor win the PGA Championship?,Taylor,2026-05-17,https://kalshi.com/markets/KXPGATOUR-PGC26-NTAY,2026-05-31T04:00:00Z
Golf,PGA Tour,high,theegala,1,2234620,theegala,Yes,Theegala,2026-05-18,https://polymarket.com/event/will-sahith-theegala-win-the-2026-pga-championship,will-sahith-theegala-win-the-2026-pga-championship,https://polymarket.com/event/will-sahith-theegala-win-the-2026-pga-championship,"[""Yes"", ""No""]","[""16579291567358320068761666552706045212254404952458967075813639300478362641651"", ""95006747062155244466836493333041714887019733879105036983913880119758439785005""]",2026-05-18,2026-05-18,KXPGATOUR-PGC26-STHE,KXPGATOUR-PGC26-STHE,,Will Sahith Theegala win the PGA Championship?,Theegala,2026-05-17,https://kalshi.com/markets/KXPGATOUR-PGC26-STHE,2026-05-31T04:00:00Z
Golf,PGA Tour,high,wallace,1,2234621,wallace,Yes,Wallace,2026-05-18,https://polymarket.com/event/will-matt-wallace-win-the-2026-pga-championship,will-matt-wallace-win-the-2026-pga-championship,https://polymarket.com/event/will-matt-wallace-win-the-2026-pga-championship,"[""Yes"", ""No""]","[""66797510422996595837853682543268742301864920894155320312984075093588732653300"", ""76301411711433400010504422160603057720423159556776781513574148125936182423253""]",2026-05-18,2026-05-18,KXPGATOUR-PGC26-MWAL,KXPGATOUR-PGC26-MWAL,,Will Matt Wallace win the PGA Championship?,Wallace,2026-05-17,https://kalshi.com/markets/KXPGATOUR-PGC26-MWAL,2026-05-31T04:00:00Z
Golf,PGA Tour,high,berger,1,2234623,berger,Yes,Berger,2026-05-18,https://polymarket.com/event/will-daniel-berger-win-the-2026-pga-championship,will-daniel-berger-win-the-2026-pga-championship,https://polymarket.com/event/will-daniel-berger-win-the-2026-pga-championship,"[""Yes"", ""No""]","[""113563269074507428417426502653270045212341948392234254740374082970231068982698"", ""15131071688634253791706232147600786818309372219914313759905350128597094778710""]",2026-05-18,2026-05-18,KXPGATOUR-PGC26-DBE,KXPGATOUR-PGC26-DBE,,Will Daniel Berger win the PGA Championship?,Berger,2026-05-17,https://kalshi.com/markets/KXPGATOUR-PGC26-DBE,2026-05-31T04:00:00Z
Golf,PGA Tour,high,brennan,1,2234624,brennan,Yes,Brennan,2026-05-18,https://polymarket.com/event/will-michael-brennan-win-the-2026-pga-championship,will-michael-brennan-win-the-2026-pga-championship,https://polymarket.com/event/will-michael-brennan-win-the-2026-pga-championship,"[""Yes"", ""No""]","[""8862521001679509211764332495912822614344482465792058853823086887032571902212"", ""94641013601090400776943255147052291794408576506491012058707748630449792342350""]",2026-05-18,2026-05-18,KXPGATOUR-PGC26-MBRE,KXPGATOUR-PGC26-MBRE,,Will Michael Brennan win the PGA Championship?,Brennan,2026-05-17,https://kalshi.com/markets/KXPGATOUR-PGC26-MBRE,2026-05-31T04:00:00Z
Golf,PGA Tour,high,cauley,1,2234625,cauley,Yes,Cauley,2026-05-18,https://polymarket.com/event/will-bud-cauley-win-the-2026-pga-championship,will-bud-cauley-win-the-2026-pga-championship,https://polymarket.com/event/will-bud-cauley-win-the-2026-pga-championship,"[""Yes"", ""No""]","[""103990704796178416887783206614910193785783930623714105403717724624339696661403"", ""26658123069251191340207759091144114346920004066341356216148648234475176245699""]",2026-05-18,2026-05-18,KXPGATOUR-PGC26-BCAU,KXPGATOUR-PGC26-BCAU,,Will Bud Cauley win the PGA Championship?,Cauley,2026-05-17,https://kalshi.com/markets/KXPGATOUR-PGC26-BCAU,2026-05-31T04:00:00Z
Golf,PGA Tour,high,fox,1,2234626,fox,Yes,Fox,2026-05-18,https://polymarket.com/event/will-ryan-fox-win-the-2026-pga-championship,will-ryan-fox-win-the-2026-pga-championship,https://polymarket.com/event/will-ryan-fox-win-the-2026-pga-championship,"[""Yes"", ""No""]","[""91515515708163352279632333168902755599467657676040081652202581537258729766002"", ""34864968834079043507376684779755170919962274086333076877253601108222451671664""]",2026-05-18,2026-05-18,KXPGATOUR-PGC26-RFOX,KXPGATOUR-PGC26-RFOX,,Will Ryan Fox win the PGA Championship?,Fox,2026-05-17,https://kalshi.com/markets/KXPGATOUR-PGC26-RFOX,2026-05-31T04:00:00Z
Golf,PGA Tour,high,gerard,1,2234627,gerard,Yes,Gerard,2026-05-18,https://polymarket.com/event/will-ryan-gerard-win-the-2026-pga-championship,will-ryan-gerard-win-the-2026-pga-championship,https://polymarket.com/event/will-ryan-gerard-win-the-2026-pga-championship,"[""Yes"", ""No""]","[""85667952169621736258783211548468973402659599715296674052563327696471183349923"", ""64388953631385422471482938838516993223349591753657871018531241345052153819162""]",2026-05-18,2026-05-18,KXPGATOUR-PGC26-RGER,KXPGATOUR-PGC26-RGER,,Will Ryan Gerard win the PGA Championship?,Gerard,2026-05-17,https://kalshi.com/markets/KXPGATOUR-PGC26-RGER,2026-05-31T04:00:00Z
Golf,PGA Tour,high,hisatsune,1,2234628,hisatsune,Yes,Hisatsune,2026-05-18,https://polymarket.com/event/will-ryo-hisatsune-win-the-2026-pga-championship,will-ryo-hisatsune-win-the-2026-pga-championship,https://polymarket.com/event/will-ryo-hisatsune-win-the-2026-pga-championship,"[""Yes"", ""No""]","[""23575155082273842330845926362742092706861065402353324629633659787380057835525"", ""57179597455019599016538193186118385436713821503765708299291025390629171653792""]",2026-05-18,2026-05-18,KXPGATOUR-PGC26-RHIS,KXPGATOUR-PGC26-RHIS,,Will Ryo Hisatsune win the PGA Championship?,Hisatsune,2026-05-17,https://kalshi.com/markets/KXPGATOUR-PGC26-RHIS,2026-05-31T04:00:00Z
Golf,PGA Tour,high,homa,1,2234630,homa,Yes,Homa,2026-05-18,https://polymarket.com/event/will-max-homa-win-the-2026-pga-championship,will-max-homa-win-the-2026-pga-championship,https://polymarket.com/event/will-max-homa-win-the-2026-pga-championship,"[""Yes"", ""No""]","[""48193925349822736449594368303466804728911213698519126977016433299675249693285"", ""10023354028817950427993489678822019748528405783033201972113706467178501880392""]",2026-05-18,2026-05-18,KXPGATOUR-PGC26-MHOM,KXPGATOUR-PGC26-MHOM,,Will Max Homa win the PGA Championship?,Homa,2026-05-17,https://kalshi.com/markets/KXPGATOUR-PGC26-MHOM,2026-05-31T04:00:00Z
Golf,PGA Tour,high,johnson,1,2234631,johnson,Yes,Johnson,2026-05-18,https://polymarket.com/event/will-dustin-johnson-win-the-2026-pga-championship,will-dustin-johnson-win-the-2026-pga-championship,https://polymarket.com/event/will-dustin-johnson-win-the-2026-pga-championship,"[""Yes"", ""No""]","[""99328096241354534189429977771155741211820142633003098079310870262015719600348"", ""9513511479103432234548760748973365921136719977880066685306490118936457042919""]",2026-05-18,2026-05-18,KXPGATOUR-PGC26-DJOH,KXPGATOUR-PGC26-DJOH,,Will Dustin Johnson win the PGA Championship?,Johnson,2026-05-17,https://kalshi.com/markets/KXPGATOUR-PGC26-DJOH,2026-05-31T04:00:00Z
Golf,PGA Tour,high,mckibbin,1,2234632,mckibbin,Yes,McKibbin,2026-05-18,https://polymarket.com/event/will-tom-mckibbin-win-the-2026-pga-championship,will-tom-mckibbin-win-the-2026-pga-championship,https://polymarket.com/event/will-tom-mckibbin-win-the-2026-pga-championship,"[""Yes"", ""No""]","[""86877844366066405300421744251606868587947803613217438432327220379231770221905"", ""111213065350902303511757751705808777909722936278442822479748310315423465749763""]",2026-05-18,2026-05-18,KXPGATOUR-PGC26-TMCK,KXPGATOUR-PGC26-TMCK,,Will Tom McKibbin win the PGA Championship?,McKibbin,2026-05-17,https://kalshi.com/markets/KXPGATOUR-PGC26-TMCK,2026-05-31T04:00:00Z
Golf,PGA Tour,high,mitchell,1,2234633,mitchell,Yes,Mitchell,2026-05-18,https://polymarket.com/event/will-keith-mitchell-win-the-2026-pga-championship,will-keith-mitchell-win-the-2026-pga-championship,https://polymarket.com/event/will-keith-mitchell-win-the-2026-pga-championship,"[""Yes"", ""No""]","[""1050986210076534665688343077613641967942069446536355877976525283199671247002"", ""11007369271691881849896346562557014006620292904123964002006003298543140569993""]",2026-05-18,2026-05-18,KXPGATOUR-PGC26-KMIT,KXPGATOUR-PGC26-KMIT,,Will Keith Mitchell win the PGA Championship?,Mitchell,2026-05-17,https://kalshi.com/markets/KXPGATOUR-PGC26-KMIT,2026-05-31T04:00:00Z
Golf,PGA Tour,high,keefer,1,2234634,keefer,Yes,Keefer,2026-05-18,https://polymarket.com/event/will-john-keefer-win-the-2026-pga-championship,will-john-keefer-win-the-2026-pga-championship,https://polymarket.com/event/will-john-keefer-win-the-2026-pga-championship,"[""Yes"", ""No""]","[""30496603598184212981574485307672291403417372509950699806262051737917070353771"", ""25734150828347492101551549147281252510943872441695527109088789761666647970874""]",2026-05-18,2026-05-18,KXPGATOUR-PGC26-JKEE,KXPGATOUR-PGC26-JKEE,,Will John Keefer win the PGA Championship?,Keefer,2026-05-17,https://kalshi.com/markets/KXPGATOUR-PGC26-JKEE,2026-05-31T04:00:00Z
Golf,PGA Tour,high,novak,1,2234636,novak,Yes,Novak,2026-05-18,https://polymarket.com/event/will-andrew-novak-win-the-2026-pga-championship,will-andrew-novak-win-the-2026-pga-championship,https://polymarket.com/event/will-andrew-novak-win-the-2026-pga-championship,"[""Yes"", ""No""]","[""74800386605873115954686479601193204884192566239911979346067900270089370685399"", ""36663411255373296060901816535800187017160657527488409784505264825134166836699""]",2026-05-18,2026-05-18,KXPGATOUR-PGC26-ANOV,KXPGATOUR-PGC26-ANOV,,Will Andrew Novak win the PGA Championship?,Novak,2026-05-17,https://kalshi.com/markets/KXPGATOUR-PGC26-ANOV,2026-05-31T04:00:00Z
Golf,PGA Tour,high,parry,1,2234637,parry,Yes,Parry,2026-05-18,https://polymarket.com/event/will-john-parry-win-the-2026-pga-championship,will-john-parry-win-the-2026-pga-championship,https://polymarket.com/event/will-john-parry-win-the-2026-pga-championship,"[""Yes"", ""No""]","[""304963608115027483602757244471409452960882720224409984567777901637998214728"", ""27607555539349170266393699353713158702554087148354984682440423048515831073357""]",2026-05-18,2026-05-18,KXPGATOUR-PGC26-JOP,KXPGATOUR-PGC26-JOP,,Will John Parry win the PGA Championship?,Parry,2026-05-17,https://kalshi.com/markets/KXPGATOUR-PGC26-JOP,2026-05-31T04:00:00Z
Golf,PGA Tour,high,putnam,1,2234638,putnam,Yes,Putnam,2026-05-18,https://polymarket.com/event/will-andrew-putnam-win-the-2026-pga-championship,will-andrew-putnam-win-the-2026-pga-championship,https://polymarket.com/event/will-andrew-putnam-win-the-2026-pga-championship,"[""Yes"", ""No""]","[""107934474842170957737487588241173578069250729800298033961474088061638690692218"", ""82980149941957665956798648581599710485191951029594319235454554251721225740451""]",2026-05-18,2026-05-18,KXPGATOUR-PGC26-APUT,KXPGATOUR-PGC26-APUT,,Will Andrew Putnam win the PGA Championship?,Putnam,2026-05-17,https://kalshi.com/markets/KXPGATOUR-PGC26-APUT,2026-05-31T04:00:00Z
Golf,PGA Tour,high,rodgers,1,2234639,rodgers,Yes,Rodgers,2026-05-18,https://polymarket.com/event/will-patrick-rodgers-win-the-2026-pga-championship,will-patrick-rodgers-win-the-2026-pga-championship,https://polymarket.com/event/will-patrick-rodgers-win-the-2026-pga-championship,"[""Yes"", ""No""]","[""3614068905237189304369793075720198646868283040506319892100326749142969995330"", ""95630192833832387416465697911255317553143563077924087830526065950469796219406""]",2026-05-18,2026-05-18,KXPGATOUR-PGC26-PROD,KXPGATOUR-PGC26-PROD,,Will Patrick Rodgers win the PGA Championship?,Rodgers,2026-05-17,https://kalshi.com/markets/KXPGATOUR-PGC26-PROD,2026-05-31T04:00:00Z
Golf,PGA Tour,high,schaper,1,2234640,schaper,Yes,Schaper,2026-05-18,https://polymarket.com/event/will-jayden-schaper-win-the-2026-pga-championship,will-jayden-schaper-win-the-2026-pga-championship,https://polymarket.com/event/will-jayden-schaper-win-the-2026-pga-championship,"[""Yes"", ""No""]","[""9027545534737656504926670005722439869933957836698901985164955444852947121535"", ""15984788458727656655618638165811044516289337579098950608237582865372288770781""]",2026-05-18,2026-05-18,KXPGATOUR-PGC26-JSCH,KXPGATOUR-PGC26-JSCH,,Will Jayden Trey Schaper win the PGA Championship?,Schaper,2026-05-17,https://kalshi.com/markets/KXPGATOUR-PGC26-JSCH,2026-05-31T04:00:00Z
Golf,PGA Tour,high,schmid,1,2234641,schmid,Yes,Schmid,2026-05-18,https://polymarket.com/event/will-matti-schmid-win-the-2026-pga-championship,will-matti-schmid-win-the-2026-pga-championship,https://polymarket.com/event/will-matti-schmid-win-the-2026-pga-championship,"[""Yes"", ""No""]","[""21774445772325781629704289959677150265354486024049923372060924482336335241678"", ""19165392914588440126481303529342843044683691059071039756779266054304464839963""]",2026-05-18,2026-05-18,KXPGATOUR-PGC26-MSCH,KXPGATOUR-PGC26-MSCH,,Will Matti Schmid win the PGA Championship?,Schmid,2026-05-17,https://kalshi.com/markets/KXPGATOUR-PGC26-MSCH,2026-05-31T04:00:00Z
Golf,PGA Tour,high,smotherman,1,2234642,smotherman,Yes,Smotherman,2026-05-18,https://polymarket.com/event/will-austin-smotherman-win-the-2026-pga-championship,will-austin-smotherman-win-the-2026-pga-championship,https://polymarket.com/event/will-austin-smotherman-win-the-2026-pga-championship,"[""Yes"", ""No""]","[""24654448543518926095364125481819469439212655041795321194628836646310583872415"", ""88496290830949259764719680301795027862424645451838977630747792717290842422244""]",2026-05-18,2026-05-18,KXPGATOUR-PGC26-ASMO,KXPGATOUR-PGC26-ASMO,,Will Austin Smotherman win the PGA Championship?,Smotherman,2026-05-17,https://kalshi.com/markets/KXPGATOUR-PGC26-ASMO,2026-05-31T04:00:00Z
Golf,PGA Tour,high,smylie,1,2234643,smylie,Yes,Smylie,2026-05-18,https://polymarket.com/event/will-elvis-smylie-win-the-2026-pga-championship,will-elvis-smylie-win-the-2026-pga-championship,https://polymarket.com/event/will-elvis-smylie-win-the-2026-pga-championship,"[""Yes"", ""No""]","[""93190545990003515990128840542550426622365808166747360375875344237859837039384"", ""45759585389234043118780325494457080029472306806426716922726132573711416075784""]",2026-05-18,2026-05-18,KXPGATOUR-PGC26-ESMY,KXPGATOUR-PGC26-ESMY,,Will Elvis Smylie win the PGA Championship?,Smylie,2026-05-17,https://kalshi.com/markets/KXPGATOUR-PGC26-ESMY,2026-05-31T04:00:00Z
Golf,PGA Tour,high,valimaki,1,2234644,valimaki,Yes,Valimaki,2026-05-18,https://polymarket.com/event/will-sami-valimaki-win-the-2026-pga-championship,will-sami-valimaki-win-the-2026-pga-championship,https://polymarket.com/event/will-sami-valimaki-win-the-2026-pga-championship,"[""Yes"", ""No""]","[""91125043462692051970277681959638842523055274125610907146773860496978413999759"", ""105748915759110660347302491556043135747372707938646200597561254989388810189279""]",2026-05-18,2026-05-18,KXPGATOUR-PGC26-SVAL,KXPGATOUR-PGC26-SVAL,,Will Sami Valimaki win the PGA Championship?,Valimaki,2026-05-17,https://kalshi.com/markets/KXPGATOUR-PGC26-SVAL,2026-05-31T04:00:00Z
Golf,PGA Tour,high,wiesberger,1,2234645,wiesberger,Yes,Wiesberger,2026-05-18,https://polymarket.com/event/will-bernd-wiesberger-win-the-2026-pga-championship,will-bernd-wiesberger-win-the-2026-pga-championship,https://polymarket.com/event/will-bernd-wiesberger-win-the-2026-pga-championship,"[""Yes"", ""No""]","[""35098681627761928227830105011467764364359166869023258166847393503934539928804"", ""83694949254889943438278652720422168305053832463982577390545098292853184691051""]",2026-05-18,2026-05-18,KXPGATOUR-PGC26-BWIE,KXPGATOUR-PGC26-BWIE,,Will Bernd Wiesberger win the PGA Championship?,Wiesberger,2026-05-17,https://kalshi.com/markets/KXPGATOUR-PGC26-BWIE,2026-05-31T04:00:00Z
Golf,PGA Tour,high,snedeker,1,2234646,snedeker,Yes,Snedeker,2026-05-18,https://polymarket.com/event/will-brandt-snedeker-win-the-2026-pga-championship,will-brandt-snedeker-win-the-2026-pga-championship,https://polymarket.com/event/will-brandt-snedeker-win-the-2026-pga-championship,"[""Yes"", ""No""]","[""105585883549479670342153532333271097282162204415459954376458126835733034675967"", ""16796360619300960012048807689509976682252818139003684164595630621223511998378""]",2026-05-18,2026-05-18,KXPGATOUR-PGC26-BSNE,KXPGATOUR-PGC26-BSNE,,Will Brandt Snedeker win the PGA Championship?,Snedeker,2026-05-17,https://kalshi.com/markets/KXPGATOUR-PGC26-BSNE,2026-05-31T04:00:00Z
Golf,PGA Tour,high,bezuidenhout,1,2234647,bezuidenhout,Yes,Bezuidenhout,2026-05-18,https://polymarket.com/event/will-christiaan-bezuidenhout-win-the-2026-pga-championship,will-christiaan-bezuidenhout-win-the-2026-pga-championship,https://polymarket.com/event/will-christiaan-bezuidenhout-win-the-2026-pga-championship,"[""Yes"", ""No""]","[""107323437704443149325593112790254939517659059379567519239071800896860206927420"", ""54315859728711676469538167923446760525949418939703391556439183255047127464236""]",2026-05-18,2026-05-18,KXPGATOUR-PGC26-CBEZ,KXPGATOUR-PGC26-CBEZ,,Will Christiaan Bezuidenhout win the PGA Championship?,Bezuidenhout,2026-05-17,https://kalshi.com/markets/KXPGATOUR-PGC26-CBEZ,2026-05-31T04:00:00Z
Golf,PGA Tour,high,brown,1,2234648,brown,Yes,Brown,2026-05-18,https://polymarket.com/event/will-daniel-brown-win-the-2026-pga-championship,will-daniel-brown-win-the-2026-pga-championship,https://polymarket.com/event/will-daniel-brown-win-the-2026-pga-championship,"[""Yes"", ""No""]","[""7371729053349606338089612088313650193668413923410781866071662287652519661971"", ""21529537059420158123246382960200726931955630111526800128656077443095955044457""]",2026-05-18,2026-05-18,KXPGATOUR-PGC26-DBRO,KXPGATOUR-PGC26-DBRO,,Will Daniel Brown win the PGA Championship?,Brown,2026-05-17,https://kalshi.com/markets/KXPGATOUR-PGC26-DBRO,2026-05-31T04:00:00Z
Golf,PGA Tour,high,castillo,1,2234649,castillo,Yes,Castillo,2026-05-18,https://polymarket.com/event/will-ricky-castillo-win-the-2026-pga-championship,will-ricky-castillo-win-the-2026-pga-championship,https://polymarket.com/event/will-ricky-castillo-win-the-2026-pga-championship,"[""Yes"", ""No""]","[""106702233628680204516692895738334124352623712216812324820237323757472049235192"", ""66963015365204281804563951465483979812119302756871037210210685831496944695145""]",2026-05-18,2026-05-18,KXPGATOUR-PGC26-RCAS,KXPGATOUR-PGC26-RCAS,,Will Ricky Castillo win the PGA Championship?,Castillo,2026-05-17,https://kalshi.com/markets/KXPGATOUR-PGC26-RCAS,2026-05-31T04:00:00Z
Golf,PGA Tour,high,cink,1,2234650,cink,Yes,Cink,2026-05-18,https://polymarket.com/event/will-stewart-cink-win-the-2026-pga-championship,will-stewart-cink-win-the-2026-pga-championship,https://polymarket.com/event/will-stewart-cink-win-the-2026-pga-championship,"[""Yes"", ""No""]","[""48330781745246122408355141023596879934508142729162928439018957250754658734119"", ""81816012966468601270453666379985383951834910323422439873596027430625940142286""]",2026-05-18,2026-05-18,KXPGATOUR-PGC26-SCIN,KXPGATOUR-PGC26-SCIN,,Will Stewart Cink win the PGA Championship?,Cink,2026-05-17,https://kalshi.com/markets/KXPGATOUR-PGC26-SCIN,2026-05-31T04:00:00Z
Golf,PGA Tour,high,echavarria,1,2234651,echavarria,Yes,Echavarria,2026-05-18,https://polymarket.com/event/will-nicolas-echavarria-win-the-2026-pga-championship,will-nicolas-echavarria-win-the-2026-pga-championship,https://polymarket.com/event/will-nicolas-echavarria-win-the-2026-pga-championship,"[""Yes"", ""No""]","[""52238525751808706992805807580546471463865262767737972790748736742408064106588"", ""102045511048205317524172094514952685391237066707668072108531439736250537675441""]",2026-05-18,2026-05-18,KXPGATOUR-PGC26-NECH,KXPGATOUR-PGC26-NECH,,Will Nicolas Echavarria win the PGA Championship?,Echavarria,2026-05-17,https://kalshi.com/markets/KXPGATOUR-PGC26-NECH,2026-05-31T04:00:00Z
Golf,PGA Tour,high,fisk,1,2234652,fisk,Yes,Fisk,2026-05-18,https://polymarket.com/event/will-steven-fisk-win-the-2026-pga-championship,will-steven-fisk-win-the-2026-pga-championship,https://polymarket.com/event/will-steven-fisk-win-the-2026-pga-championship,"[""Yes"", ""No""]","[""67503403693382184569059317575753985860094101227658740734494038955488389945395"", ""9581804556851251783438400007788703070927341259021903004185254647108092299398""]",2026-05-18,2026-05-18,KXPGATOUR-PGC26-SFIS,KXPGATOUR-PGC26-SFIS,,Will Steven Fisk win the PGA Championship?,Fisk,2026-05-17,https://kalshi.com/markets/KXPGATOUR-PGC26-SFIS,2026-05-31T04:00:00Z
Golf,PGA Tour,high,glover,1,2234653,glover,Yes,Glover,2026-05-18,https://polymarket.com/event/will-lucas-glover-win-the-2026-pga-championship,will-lucas-glover-win-the-2026-pga-championship,https://polymarket.com/event/will-lucas-glover-win-the-2026-pga-championship,"[""Yes"", ""No""]","[""33280913364593858843459745283956691728167308265559020299454731577875840927420"", ""63928829948209904640114893288444366874336042641514325835422608347029689220227""]",2026-05-18,2026-05-18,KXPGATOUR-PGC26-LGLO,KXPGATOUR-PGC26-LGLO,,Will Lucas Glover win the PGA Championship?,Glover,2026-05-17,https://kalshi.com/markets/KXPGATOUR-PGC26-LGLO,2026-05-31T04:00:00Z
