pair_id,title_clean,category_tag,similarity_score,poly_market_id,poly_slug,poly_url,kalshi_market_id,kalshi_market_id_b,kalshi_url,poly_event_url,poly_outcomes_json,poly_token_ids_json,poly_primary_outcome,expiry_poly_utc,expiry_kalshi_utc,resolution_time_utc
1,san diego fc austin fc,sports_fees_v2,1.0,2000508,mls-sdg-aus-2026-05-13-btts,https://polymarket.com/event/mls-sdg-aus-2026-05-13-btts,KXMLSBTTS-26MAY13SDATX-BTTS,,https://kalshi.com/markets/KXMLSBTTS-26MAY13SDATX-BTTS,https://polymarket.com/event/mls-sdg-aus-2026-05-13-btts,"[""Yes"", ""No""]","[""37072534417242202171183564191065204437762946091360197278875236224000003011386"", ""51687441412508384703067185508191322566156650897856129486863547566550542679611""]",Yes,2026-05-14,2026-05-28T01:30:00Z,2026-05-14
2,seattle sounders san jose earthquakes,sports_fees_v2,1.0,2000518,mls-sea-sje-2026-05-13-btts,https://polymarket.com/event/mls-sea-sje-2026-05-13-btts,KXMLSBTTS-26MAY13SEASJ-BTTS,,https://kalshi.com/markets/KXMLSBTTS-26MAY13SEASJ-BTTS,https://polymarket.com/event/mls-sea-sje-2026-05-13-btts,"[""Yes"", ""No""]","[""982818821240196076781613219939588535453626216875147552178065346870675550753"", ""8285624228197839732544478548167654574969724627696319364557845901417946010608""]",Yes,2026-05-14,2026-05-28T01:30:00Z,2026-05-14
3,real salt lake houston dynamo,sports_fees_v2,1.0,2000527,mls-rsl-hou-2026-05-13-btts,https://polymarket.com/event/mls-rsl-hou-2026-05-13-btts,KXMLSBTTS-26MAY13RSLHOU-BTTS,,https://kalshi.com/markets/KXMLSBTTS-26MAY13RSLHOU-BTTS,https://polymarket.com/event/mls-rsl-hou-2026-05-13-btts,"[""Yes"", ""No""]","[""57198522361969199022829052545632708903764836184453695673058120947473275821246"", ""40206243658534452951990153735871303695044180656410924671225096824374033300227""]",Yes,2026-05-14,2026-05-28T01:30:00Z,2026-05-14
4,sporting kansas city la galaxy,sports_fees_v2,1.0,2000537,mls-skc-lag-2026-05-13-btts,https://polymarket.com/event/mls-skc-lag-2026-05-13-btts,KXMLSBTTS-26MAY13SKCLAG-BTTS,,https://kalshi.com/markets/KXMLSBTTS-26MAY13SKCLAG-BTTS,https://polymarket.com/event/mls-skc-lag-2026-05-13-btts,"[""Yes"", ""No""]","[""16996032054951580377073818882323848966526185330210644775573733257458227533801"", ""32876386138510244292300311597075193430732846860969916803219756519843024095066""]",Yes,2026-05-14,2026-05-28T00:30:00Z,2026-05-14
5,minnesota united fc colorado rapids,sports_fees_v2,1.0,2000547,mls-min-col-2026-05-13-btts,https://polymarket.com/event/mls-min-col-2026-05-13-btts,KXMLSBTTS-26MAY13MINCOL-BTTS,,https://kalshi.com/markets/KXMLSBTTS-26MAY13MINCOL-BTTS,https://polymarket.com/event/mls-min-col-2026-05-13-btts,"[""Yes"", ""No""]","[""102424092890108300563346646815724715281557289239017430996519312071826405662710"", ""60883989388010557514223616255857645613038942234769761466364224074243533589287""]",Yes,2026-05-14,2026-05-28T00:30:00Z,2026-05-14
6,fc dallas vancouver whitecaps,sports_fees_v2,1.0,2000557,mls-dal-vwh-2026-05-13-btts,https://polymarket.com/event/mls-dal-vwh-2026-05-13-btts,KXMLSBTTS-26MAY13DALVAN-BTTS,,https://kalshi.com/markets/KXMLSBTTS-26MAY13DALVAN-BTTS,https://polymarket.com/event/mls-dal-vwh-2026-05-13-btts,"[""Yes"", ""No""]","[""96941941140326310090673100038393686146664519125693233574506691357126674256065"", ""93626357399059347182766483124313689518083653915318161891833577598184281038746""]",Yes,2026-05-14,2026-05-28T00:30:00Z,2026-05-14
7,st. louis city sc los angeles fc,sports_fees_v2,1.0,2000566,mls-stl-laf-2026-05-13-btts,https://polymarket.com/event/mls-stl-laf-2026-05-13-btts,KXMLSBTTS-26MAY13STLLAFC-BTTS,,https://kalshi.com/markets/KXMLSBTTS-26MAY13STLLAFC-BTTS,https://polymarket.com/event/mls-stl-laf-2026-05-13-btts,"[""Yes"", ""No""]","[""61888948449209741574340806774747442648491756051214422395680604161874875509616"", ""85977436250752019640185796656397951979801550915847150230479809761013597133591""]",Yes,2026-05-14,2026-05-28T00:30:00Z,2026-05-14
8,dc united chicago fire fc,sports_fees_v2,1.0,2000594,mls-dcu-chi-2026-05-13-btts,https://polymarket.com/event/mls-dcu-chi-2026-05-13-btts,KXMLSBTTS-26MAY13DCUCHI-BTTS,,https://kalshi.com/markets/KXMLSBTTS-26MAY13DCUCHI-BTTS,https://polymarket.com/event/mls-dcu-chi-2026-05-13-btts,"[""Yes"", ""No""]","[""38737197526437487934312188366296020701683536644702668905975535783925319258326"", ""97550848065182923668507017204900928923549374367914932836385423104045465020877""]",Yes,2026-05-13,2026-05-27T23:30:00Z,2026-05-13
9,orlando city sc philadelphia union,sports_fees_v2,1.0,2000612,mls-orl-phi-2026-05-13-btts,https://polymarket.com/event/mls-orl-phi-2026-05-13-btts,KXMLSBTTS-26MAY13ORLPHI-BTTS,,https://kalshi.com/markets/KXMLSBTTS-26MAY13ORLPHI-BTTS,https://polymarket.com/event/mls-orl-phi-2026-05-13-btts,"[""Yes"", ""No""]","[""104141343220601641184285871240434085536165088104498359501453479717175642476054"", ""64140535575964047773190862790721470097591533717396417624907423293538641573560""]",Yes,2026-05-13,2026-05-27T23:30:00Z,2026-05-13
10,charlotte fc new york city fc,sports_fees_v2,1.0,2000630,mls-clt-nyc-2026-05-13-btts,https://polymarket.com/event/mls-clt-nyc-2026-05-13-btts,KXMLSBTTS-26MAY13CLTNYC-BTTS,,https://kalshi.com/markets/KXMLSBTTS-26MAY13CLTNYC-BTTS,https://polymarket.com/event/mls-clt-nyc-2026-05-13-btts,"[""Yes"", ""No""]","[""6300344471902176942816488620406013252200240384916516079006614893975002649832"", ""96891956384752999168803364593267281180471732194868296390469250055040315668741""]",Yes,2026-05-13,2026-05-27T23:00:00Z,2026-05-13
11,anyone's legend team we,sports_fees_v2,1.0,2152940,lol-we-al-2026-05-13,https://polymarket.com/event/lol-we-al-2026-05-13,KXLOLGAME-26MAY130700ALWE-AL,KXLOLGAME-26MAY130700ALWE-WE,https://kalshi.com/markets/KXLOLGAME-26MAY130700ALWE-AL,https://polymarket.com/event/lol-we-al-2026-05-13,"[""Anyone's Legend"", ""Team WE""]","[""14539955173818168238511780789843272696969579160117668169952058495099199621992"", ""10632228009771427128491216387722833189110283130607688010168961895216990569060""]",Anyone's Legend,2026-05-13,2026-05-27T11:00:00Z,2026-05-13
12,guardians angels,sports_fees_v2,1.0,2174581,mlb-laa-cle-2026-05-12,https://polymarket.com/event/mlb-laa-cle-2026-05-12,KXMLBGAME-26MAY121810LAACLE-CLE,KXMLBGAME-26MAY121810LAACLE-LAA,https://kalshi.com/markets/KXMLBGAME-26MAY121810LAACLE-CLE,https://polymarket.com/event/mlb-laa-cle-2026-05-12,"[""Cleveland Guardians"", ""Los Angeles Angels""]","[""112030999083984641956545905325668583442228550371706514092488187943579566157400"", ""63515547575073894921156020232091780472114679597399658300601314130752456054232""]",Cleveland Guardians,2026-05-19,2026-05-15T22:10:00Z,2026-05-19
13,guardians angels,sports_fees_v2,1.0,2181649,mlb-laa-cle-2026-05-13,https://polymarket.com/event/mlb-laa-cle-2026-05-13,KXMLBGAME-26MAY131310LAACLE-CLE,KXMLBGAME-26MAY131310LAACLE-LAA,https://kalshi.com/markets/KXMLBGAME-26MAY131310LAACLE-CLE,https://polymarket.com/event/mlb-laa-cle-2026-05-13,"[""Cleveland Guardians"", ""Los Angeles Angels""]","[""49966674992078850333570301501271232348831157857220624943002280550636576226305"", ""9532538877823553508856115380935187535292588099273836667171510959762281146631""]",Cleveland Guardians,2026-05-20,2026-05-16T17:10:00Z,2026-05-20
14,orioles yankees,sports_fees_v2,1.0,2174583,mlb-nyy-bal-2026-05-12,https://polymarket.com/event/mlb-nyy-bal-2026-05-12,KXMLBGAME-26MAY121835NYYBAL-BAL,KXMLBGAME-26MAY121835NYYBAL-NYY,https://kalshi.com/markets/KXMLBGAME-26MAY121835NYYBAL-BAL,https://polymarket.com/event/mlb-nyy-bal-2026-05-12,"[""Baltimore Orioles"", ""New York Yankees""]","[""11663726741045006987462938499387735536779763640472246360934930197343501720316"", ""13463071543565334580111269185648655468809714181379777763080109913986397204""]",Baltimore Orioles,2026-05-19,2026-05-15T22:35:00Z,2026-05-19
15,orioles yankees,sports_fees_v2,1.0,2181655,mlb-nyy-bal-2026-05-13,https://polymarket.com/event/mlb-nyy-bal-2026-05-13,KXMLBGAME-26MAY131835NYYBAL-BAL,KXMLBGAME-26MAY131835NYYBAL-NYY,https://kalshi.com/markets/KXMLBGAME-26MAY131835NYYBAL-BAL,https://polymarket.com/event/mlb-nyy-bal-2026-05-13,"[""Baltimore Orioles"", ""New York Yankees""]","[""4117419607435732286189834008379320045695892664143715501862423752965230083645"", ""82388786773589851193742394877452126076926310721140528358302805508780319303983""]",Baltimore Orioles,2026-05-20,2026-05-16T22:35:00Z,2026-05-20
16,reds nationals,sports_fees_v2,1.0,2174585,mlb-wsh-cin-2026-05-12,https://polymarket.com/event/mlb-wsh-cin-2026-05-12,KXMLBGAME-26MAY121840WSHCIN-CIN,KXMLBGAME-26MAY121840WSHCIN-WSH,https://kalshi.com/markets/KXMLBGAME-26MAY121840WSHCIN-CIN,https://polymarket.com/event/mlb-wsh-cin-2026-05-12,"[""Cincinnati Reds"", ""Washington Nationals""]","[""22168943956567031970720054008264682239937037111117339171609397494031227398157"", ""39057796882551964569649237862890203123736552072256577415687209121036329731948""]",Cincinnati Reds,2026-05-19,2026-05-15T22:40:00Z,2026-05-19
17,reds nationals,sports_fees_v2,1.0,2181657,mlb-wsh-cin-2026-05-13,https://polymarket.com/event/mlb-wsh-cin-2026-05-13,KXMLBGAME-26MAY131840WSHCIN-CIN,KXMLBGAME-26MAY131840WSHCIN-WSH,https://kalshi.com/markets/KXMLBGAME-26MAY131840WSHCIN-CIN,https://polymarket.com/event/mlb-wsh-cin-2026-05-13,"[""Cincinnati Reds"", ""Washington Nationals""]","[""10495815713352515788073143987875582846253198626224757103374696813124402559818"", ""17656988827925453729612113154528264509430823067303544398533266178797318267473""]",Cincinnati Reds,2026-05-20,2026-05-16T22:40:00Z,2026-05-20
18,rockies pirates,sports_fees_v2,1.0,2174587,mlb-col-pit-2026-05-12,https://polymarket.com/event/mlb-col-pit-2026-05-12,KXMLBGAME-26MAY121840COLPIT-COL,KXMLBGAME-26MAY121840COLPIT-PIT,https://kalshi.com/markets/KXMLBGAME-26MAY121840COLPIT-COL,https://polymarket.com/event/mlb-col-pit-2026-05-12,"[""Colorado Rockies"", ""Pittsburgh Pirates""]","[""19394870570898838419724611216018883897538537737970435926114853501656370557379"", ""101177955782478544061218744393729347454545943876553503469876126307914370854897""]",Colorado Rockies,2026-05-19,2026-05-15T22:40:00Z,2026-05-19
19,rockies pirates,sports_fees_v2,1.0,2181659,mlb-col-pit-2026-05-13,https://polymarket.com/event/mlb-col-pit-2026-05-13,KXMLBGAME-26MAY131840COLPIT-COL,KXMLBGAME-26MAY131840COLPIT-PIT,https://kalshi.com/markets/KXMLBGAME-26MAY131840COLPIT-COL,https://polymarket.com/event/mlb-col-pit-2026-05-13,"[""Colorado Rockies"", ""Pittsburgh Pirates""]","[""14193160368737541046008171641544420669757638940441330990156738290514516113454"", ""44269008966120359829807798103276768653400426124488317140909676549031449669686""]",Colorado Rockies,2026-05-20,2026-05-16T22:40:00Z,2026-05-20
20,red sox phillies,sports_fees_v2,1.0,2174589,mlb-phi-bos-2026-05-12,https://polymarket.com/event/mlb-phi-bos-2026-05-12,KXMLBGAME-26MAY121845PHIBOS-BOS,KXMLBGAME-26MAY121845PHIBOS-PHI,https://kalshi.com/markets/KXMLBGAME-26MAY121845PHIBOS-BOS,https://polymarket.com/event/mlb-phi-bos-2026-05-12,"[""Boston Red Sox"", ""Philadelphia Phillies""]","[""43396939605826759554604957713595061573964751611146325047715095045185994105404"", ""103437215861566683412818488615535329029588360648391582319600657375816052201537""]",Boston Red Sox,2026-05-19,2026-05-15T22:45:00Z,2026-05-19
21,red sox phillies,sports_fees_v2,1.0,2181661,mlb-phi-bos-2026-05-13,https://polymarket.com/event/mlb-phi-bos-2026-05-13,KXMLBGAME-26MAY131845PHIBOS-BOS,KXMLBGAME-26MAY131845PHIBOS-PHI,https://kalshi.com/markets/KXMLBGAME-26MAY131845PHIBOS-BOS,https://polymarket.com/event/mlb-phi-bos-2026-05-13,"[""Boston Red Sox"", ""Philadelphia Phillies""]","[""29026919845756740841356357552225453472735507054034033419809931477495060298691"", ""30796011657910401159512968920920487944430824501922160843331725874134315852950""]",Boston Red Sox,2026-05-20,2026-05-16T22:45:00Z,2026-05-20
22,rays blue jays,sports_fees_v2,1.0,2174591,mlb-tb-tor-2026-05-12,https://polymarket.com/event/mlb-tb-tor-2026-05-12,KXMLBGAME-26MAY121907TBTOR-TB,KXMLBGAME-26MAY121907TBTOR-TOR,https://kalshi.com/markets/KXMLBGAME-26MAY121907TBTOR-TB,https://polymarket.com/event/mlb-tb-tor-2026-05-12,"[""Tampa Bay Rays"", ""Toronto Blue Jays""]","[""72127984311788607780867223119873874695940879179111014060396369847401906769079"", ""35445556779482150003504048368161866593793831800625468593612752835121838616541""]",Tampa Bay Rays,2026-05-19,2026-05-15T23:07:00Z,2026-05-19
23,rays blue jays,sports_fees_v2,1.0,2181663,mlb-tb-tor-2026-05-13,https://polymarket.com/event/mlb-tb-tor-2026-05-13,KXMLBGAME-26MAY131907TBTOR-TB,KXMLBGAME-26MAY131907TBTOR-TOR,https://kalshi.com/markets/KXMLBGAME-26MAY131907TBTOR-TB,https://polymarket.com/event/mlb-tb-tor-2026-05-13,"[""Tampa Bay Rays"", ""Toronto Blue Jays""]","[""18976906285266751949075858272006087421770764500199130732661364967354622294642"", ""105670823691903723711185081113105289394698959723448178153980601054248711793983""]",Tampa Bay Rays,2026-05-20,2026-05-16T23:07:00Z,2026-05-20
24,tigers mets,sports_fees_v2,1.0,2174593,mlb-det-nym-2026-05-12,https://polymarket.com/event/mlb-det-nym-2026-05-12,KXMLBGAME-26MAY121910DETNYM-DET,KXMLBGAME-26MAY121910DETNYM-NYM,https://kalshi.com/markets/KXMLBGAME-26MAY121910DETNYM-DET,https://polymarket.com/event/mlb-det-nym-2026-05-12,"[""Detroit Tigers"", ""New York Mets""]","[""4771534573634910469188323778883062172413093598384773193015933382889299467353"", ""26997251238125408881913538677616510674420586107564606217637764143926618507498""]",Detroit Tigers,2026-05-19,2026-05-15T23:10:00Z,2026-05-19
25,tigers mets,sports_fees_v2,1.0,2181665,mlb-det-nym-2026-05-13,https://polymarket.com/event/mlb-det-nym-2026-05-13,KXMLBGAME-26MAY131910DETNYM-DET,KXMLBGAME-26MAY131910DETNYM-NYM,https://kalshi.com/markets/KXMLBGAME-26MAY131910DETNYM-DET,https://polymarket.com/event/mlb-det-nym-2026-05-13,"[""Detroit Tigers"", ""New York Mets""]","[""109336058375526256960068464038953081111106697893267014854731001772179768005861"", ""66454003943615245487316822728301901043918820938560081062330948972424562288947""]",Detroit Tigers,2026-05-20,2026-05-16T23:10:00Z,2026-05-20
26,braves cubs,sports_fees_v2,1.0,2174595,mlb-chc-atl-2026-05-12,https://polymarket.com/event/mlb-chc-atl-2026-05-12,KXMLBGAME-26MAY121915CHCATL-ATL,KXMLBGAME-26MAY121915CHCATL-CHC,https://kalshi.com/markets/KXMLBGAME-26MAY121915CHCATL-ATL,https://polymarket.com/event/mlb-chc-atl-2026-05-12,"[""Atlanta Braves"", ""Chicago Cubs""]","[""84490261761384879053168575412516538802300580371994900435561680717803927413977"", ""28817557897687413983060011389990701623667379818980530520255295703949890021231""]",Atlanta Braves,2026-05-19,2026-05-15T23:15:00Z,2026-05-19
27,braves cubs,sports_fees_v2,1.0,2181667,mlb-chc-atl-2026-05-13,https://polymarket.com/event/mlb-chc-atl-2026-05-13,KXMLBGAME-26MAY131915CHCATL-ATL,KXMLBGAME-26MAY131915CHCATL-CHC,https://kalshi.com/markets/KXMLBGAME-26MAY131915CHCATL-ATL,https://polymarket.com/event/mlb-chc-atl-2026-05-13,"[""Atlanta Braves"", ""Chicago Cubs""]","[""46890642661754830935142558513913206123932927399184643226477204671207904305345"", ""6481799963780125776210406697026271959538442597523549133211958445429066060173""]",Atlanta Braves,2026-05-20,2026-05-16T23:15:00Z,2026-05-20
28,white sox royals,sports_fees_v2,1.0,2174598,mlb-kc-cws-2026-05-12,https://polymarket.com/event/mlb-kc-cws-2026-05-12,KXMLBGAME-26MAY121940KCCWS-CWS,KXMLBGAME-26MAY121940KCCWS-KC,https://kalshi.com/markets/KXMLBGAME-26MAY121940KCCWS-CWS,https://polymarket.com/event/mlb-kc-cws-2026-05-12,"[""Chicago White Sox"", ""Kansas City Royals""]","[""56490211858647486614103686053148034682907484612058950805048541158526930203583"", ""55240778379432937251332012834746538169081273016450290208971645075342899624032""]",Chicago White Sox,2026-05-19,2026-05-15T23:40:00Z,2026-05-19
29,white sox royals,sports_fees_v2,1.0,2181669,mlb-kc-cws-2026-05-13,https://polymarket.com/event/mlb-kc-cws-2026-05-13,KXMLBGAME-26MAY131940KCCWS-CWS,KXMLBGAME-26MAY131940KCCWS-KC,https://kalshi.com/markets/KXMLBGAME-26MAY131940KCCWS-CWS,https://polymarket.com/event/mlb-kc-cws-2026-05-13,"[""Chicago White Sox"", ""Kansas City Royals""]","[""48827815915159089977690076126413890392711280256740375864754115814520856205235"", ""95559979190635874600418910140696971506216718056446064004839563452243125883407""]",Chicago White Sox,2026-05-20,2026-05-16T23:40:00Z,2026-05-20
30,brewers padres,sports_fees_v2,1.0,2174600,mlb-sd-mil-2026-05-12,https://polymarket.com/event/mlb-sd-mil-2026-05-12,KXMLBGAME-26MAY121940SDMIL-MIL,KXMLBGAME-26MAY121940SDMIL-SD,https://kalshi.com/markets/KXMLBGAME-26MAY121940SDMIL-MIL,https://polymarket.com/event/mlb-sd-mil-2026-05-12,"[""Milwaukee Brewers"", ""San Diego Padres""]","[""8981473095976480348540195867983702180551786508648096642145124545395486085235"", ""79681922802692100817271311037786616405645436807941543520826120029971630713458""]",Milwaukee Brewers,2026-05-19,2026-05-15T23:40:00Z,2026-05-19
31,brewers padres,sports_fees_v2,1.0,2181672,mlb-sd-mil-2026-05-13,https://polymarket.com/event/mlb-sd-mil-2026-05-13,KXMLBGAME-26MAY131940SDMIL-MIL,KXMLBGAME-26MAY131940SDMIL-SD,https://kalshi.com/markets/KXMLBGAME-26MAY131940SDMIL-MIL,https://polymarket.com/event/mlb-sd-mil-2026-05-13,"[""Milwaukee Brewers"", ""San Diego Padres""]","[""75015019884087284404834167379489560198210011458210751842421071059775364679113"", ""97322672858192324372150832496554828982809268081857784030824712004951043121709""]",Milwaukee Brewers,2026-05-20,2026-05-16T23:40:00Z,2026-05-20
32,marlins twins,sports_fees_v2,1.0,2174602,mlb-mia-min-2026-05-12,https://polymarket.com/event/mlb-mia-min-2026-05-12,KXMLBGAME-26MAY121940MIAMIN-MIA,KXMLBGAME-26MAY121940MIAMIN-MIN,https://kalshi.com/markets/KXMLBGAME-26MAY121940MIAMIN-MIA,https://polymarket.com/event/mlb-mia-min-2026-05-12,"[""Miami Marlins"", ""Minnesota Twins""]","[""69166495915060251687455355971579575681525081305810428708018762315440739430091"", ""99575554683929413281564181594470446949003948387387890309065985860074893940677""]",Miami Marlins,2026-05-19,2026-05-15T23:40:00Z,2026-05-19
33,marlins twins,sports_fees_v2,1.0,2181674,mlb-mia-min-2026-05-13,https://polymarket.com/event/mlb-mia-min-2026-05-13,KXMLBGAME-26MAY131940MIAMIN-MIA,KXMLBGAME-26MAY131940MIAMIN-MIN,https://kalshi.com/markets/KXMLBGAME-26MAY131940MIAMIN-MIA,https://polymarket.com/event/mlb-mia-min-2026-05-13,"[""Miami Marlins"", ""Minnesota Twins""]","[""96479126727050971101174731167085388830435072071812985487228633004988118184805"", ""1587240571488198727958791949028599535064616561863185737112067875658755842899""]",Miami Marlins,2026-05-20,2026-05-16T23:40:00Z,2026-05-20
34,diamondbacks rangers,sports_fees_v2,1.0,2174604,mlb-ari-tex-2026-05-12,https://polymarket.com/event/mlb-ari-tex-2026-05-12,KXMLBGAME-26MAY122005AZTEX-AZ,KXMLBGAME-26MAY122005AZTEX-TEX,https://kalshi.com/markets/KXMLBGAME-26MAY122005AZTEX-AZ,https://polymarket.com/event/mlb-ari-tex-2026-05-12,"[""Arizona Diamondbacks"", ""Texas Rangers""]","[""87771317239557477125264241679809321370827839243712194917998784547519520018338"", ""53494149330062705673116651715822762860149279164567988595690817398608398826227""]",Arizona Diamondbacks,2026-05-20,2026-05-16T00:05:00Z,2026-05-20
35,diamondbacks rangers,sports_fees_v2,1.0,2181676,mlb-ari-tex-2026-05-13,https://polymarket.com/event/mlb-ari-tex-2026-05-13,KXMLBGAME-26MAY132005AZTEX-AZ,KXMLBGAME-26MAY132005AZTEX-TEX,https://kalshi.com/markets/KXMLBGAME-26MAY132005AZTEX-AZ,https://polymarket.com/event/mlb-ari-tex-2026-05-13,"[""Arizona Diamondbacks"", ""Texas Rangers""]","[""21546608868470167386407460538645238603046484739211034652143686784315326185804"", ""54384927062377888002532201282858643531899356504328163194258853068778104157258""]",Arizona Diamondbacks,2026-05-21,2026-05-17T00:05:00Z,2026-05-21
36,astros mariners,sports_fees_v2,1.0,2174606,mlb-sea-hou-2026-05-12,https://polymarket.com/event/mlb-sea-hou-2026-05-12,KXMLBGAME-26MAY122010SEAHOU-HOU,KXMLBGAME-26MAY122010SEAHOU-SEA,https://kalshi.com/markets/KXMLBGAME-26MAY122010SEAHOU-HOU,https://polymarket.com/event/mlb-sea-hou-2026-05-12,"[""Houston Astros"", ""Seattle Mariners""]","[""10780081729801519310248036914930797055216586883574543282188723567064128929722"", ""28532297130918417441441380879751384725217640714884797264968038406388874218457""]",Houston Astros,2026-05-20,2026-05-16T00:10:00Z,2026-05-20
37,astros mariners,sports_fees_v2,1.0,2181678,mlb-sea-hou-2026-05-13,https://polymarket.com/event/mlb-sea-hou-2026-05-13,KXMLBGAME-26MAY132010SEAHOU-HOU,KXMLBGAME-26MAY132010SEAHOU-SEA,https://kalshi.com/markets/KXMLBGAME-26MAY132010SEAHOU-HOU,https://polymarket.com/event/mlb-sea-hou-2026-05-13,"[""Houston Astros"", ""Seattle Mariners""]","[""63760573396625962084830190317597849755041825315499198779769471428143037915864"", ""50687027599026081454438356525095080195226255326904970980566260716085594792853""]",Houston Astros,2026-05-21,2026-05-17T00:10:00Z,2026-05-21
38,athletics cardinals,sports_fees_v2,1.0,2174608,mlb-stl-oak-2026-05-12,https://polymarket.com/event/mlb-stl-oak-2026-05-12,KXMLBGAME-26MAY122140STLATH-ATH,KXMLBGAME-26MAY122140STLATH-STL,https://kalshi.com/markets/KXMLBGAME-26MAY122140STLATH-ATH,https://polymarket.com/event/mlb-stl-oak-2026-05-12,"[""Athletics"", ""St. Louis Cardinals""]","[""100518261012442259373293518720452343713143015144711036329052910930276246304600"", ""20666721244024832683158898711743044450980966558018861517451375369393626638640""]",Athletics,2026-05-20,2026-05-16T01:40:00Z,2026-05-20
39,athletics cardinals,sports_fees_v2,1.0,2181680,mlb-stl-oak-2026-05-13,https://polymarket.com/event/mlb-stl-oak-2026-05-13,KXMLBGAME-26MAY132140STLATH-ATH,KXMLBGAME-26MAY132140STLATH-STL,https://kalshi.com/markets/KXMLBGAME-26MAY132140STLATH-ATH,https://polymarket.com/event/mlb-stl-oak-2026-05-13,"[""Athletics"", ""St. Louis Cardinals""]","[""57109194713112137897830137698255898585881741397347641849402981966462364074683"", ""38460564071805076365409384125735253123120846185184786179730735623215187571177""]",Athletics,2026-05-21,2026-05-17T01:40:00Z,2026-05-21
40,dodgers giants,sports_fees_v2,1.0,2174610,mlb-sf-lad-2026-05-12,https://polymarket.com/event/mlb-sf-lad-2026-05-12,KXMLBGAME-26MAY122210SFLAD-LAD,KXMLBGAME-26MAY122210SFLAD-SF,https://kalshi.com/markets/KXMLBGAME-26MAY122210SFLAD-LAD,https://polymarket.com/event/mlb-sf-lad-2026-05-12,"[""Los Angeles Dodgers"", ""San Francisco Giants""]","[""98278233130618412691376809454842143524042647157224403340943735302320852791167"", ""5289934760819270845891224714488721722480355533039059805824898151869669642916""]",Los Angeles Dodgers,2026-05-20,2026-05-16T02:10:00Z,2026-05-20
41,dodgers giants,sports_fees_v2,1.0,2181682,mlb-sf-lad-2026-05-13,https://polymarket.com/event/mlb-sf-lad-2026-05-13,KXMLBGAME-26MAY132210SFLAD-LAD,KXMLBGAME-26MAY132210SFLAD-SF,https://kalshi.com/markets/KXMLBGAME-26MAY132210SFLAD-LAD,https://polymarket.com/event/mlb-sf-lad-2026-05-13,"[""Los Angeles Dodgers"", ""San Francisco Giants""]","[""74638662029792291770517791747039971570380249622057976627273476676579540310758"", ""33529772905795333832613530472510573856028389014553647109250932820086906550682""]",Los Angeles Dodgers,2026-05-21,2026-05-17T02:10:00Z,2026-05-21
42,cavaliers pistons,sports_fees_v2,1.0,2178927,nba-cle-det-2026-05-13,https://polymarket.com/event/nba-cle-det-2026-05-13,KXNBAGAME-26MAY13CLEDET-CLE,KXNBAGAME-26MAY13CLEDET-DET,https://kalshi.com/markets/KXNBAGAME-26MAY13CLEDET-CLE,https://polymarket.com/event/nba-cle-det-2026-05-13,"[""Cavaliers"", ""Pistons""]","[""104060471532304662666061276757528705608673251070501635507553515356368738715281"", ""96916356246542344447385329248090870759846519742384159224454120913104375462657""]",Cavaliers,2026-05-13,2026-05-27T17:00:00Z,2026-05-13
43,lg twins samsung lions,sports_fees_v2,1.0,2181596,kbo-sam-lg-2026-05-13,https://polymarket.com/event/kbo-sam-lg-2026-05-13,KXKBOGAME-26MAY130530SAMLG-LG,KXKBOGAME-26MAY130530SAMLG-SAM,https://kalshi.com/markets/KXKBOGAME-26MAY130530SAMLG-LG,https://polymarket.com/event/kbo-sam-lg-2026-05-13,"[""LG Twins"", ""Samsung Lions""]","[""75126630273585116270118256873093045060334641242842232066655148598635128913080"", ""5833927732022525601330561727477559337801360738442116155388968089925387291632""]",LG Twins,2026-05-20,2026-05-16T09:30:00Z,2026-05-20
44,lotte giants nc dinos,sports_fees_v2,1.0,2181597,kbo-nc-lot-2026-05-13,https://polymarket.com/event/kbo-nc-lot-2026-05-13,KXKBOGAME-26MAY130530NCDLOT-LOT,KXKBOGAME-26MAY130530NCDLOT-NCD,https://kalshi.com/markets/KXKBOGAME-26MAY130530NCDLOT-LOT,https://polymarket.com/event/kbo-nc-lot-2026-05-13,"[""Lotte Giants"", ""NC Dinos""]","[""68429744939103880193158520758699985527865422335078882318458505417125720999157"", ""83178144564904962120713097168635524687352970436051696671773151980451656076187""]",Lotte Giants,2026-05-20,2026-05-16T09:30:00Z,2026-05-20
45,kt wiz ssg landers,sports_fees_v2,1.0,2181598,kbo-ssg-kt-2026-05-13,https://polymarket.com/event/kbo-ssg-kt-2026-05-13,KXKBOGAME-26MAY130530SSGKTW-KTW,KXKBOGAME-26MAY130530SSGKTW-SSG,https://kalshi.com/markets/KXKBOGAME-26MAY130530SSGKTW-KTW,https://polymarket.com/event/kbo-ssg-kt-2026-05-13,"[""KT Wiz"", ""SSG Landers""]","[""76754977773008827568545127700510535551071696068690538570036435660196352067498"", ""85324127227352588436127138194270066655680184456335075077545871646628181856950""]",KT Wiz,2026-05-20,2026-05-16T09:30:00Z,2026-05-20
46,doosan bears kia tigers,sports_fees_v2,1.0,2181599,kbo-doo-kia-2026-05-13,https://polymarket.com/event/kbo-doo-kia-2026-05-13,KXKBOGAME-26MAY130530DOOKIA-DOO,KXKBOGAME-26MAY130530DOOKIA-KIA,https://kalshi.com/markets/KXKBOGAME-26MAY130530DOOKIA-DOO,https://polymarket.com/event/kbo-doo-kia-2026-05-13,"[""Doosan Bears"", ""Kia Tigers""]","[""45366228919584083411066422575382899731934622448191399340194243472192853306656"", ""10237802797913079845047558285546798265511248306444001493313792139936439461653""]",Doosan Bears,2026-05-20,2026-05-16T09:30:00Z,2026-05-20
47,hanwha eagles kiwoom heroes,sports_fees_v2,1.0,2181600,kbo-han-kiw-2026-05-13,https://polymarket.com/event/kbo-han-kiw-2026-05-13,KXKBOGAME-26MAY130530HANKIW-HAN,KXKBOGAME-26MAY130530HANKIW-KIW,https://kalshi.com/markets/KXKBOGAME-26MAY130530HANKIW-HAN,https://polymarket.com/event/kbo-han-kiw-2026-05-13,"[""Hanwha Eagles"", ""Kiwoom Heroes""]","[""46150827883480084371655578815192317450934766937459834714978568239624400861590"", ""62653024855997914911460830984522324994110856918515427221436718542959678800051""]",Hanwha Eagles,2026-05-20,2026-05-16T09:30:00Z,2026-05-20
48,ducks golden knights,sports_fees_v2,1.0,2189744,nhl-ana-las-2026-05-12,https://polymarket.com/event/nhl-ana-las-2026-05-12,KXNHLGAME-26MAY12ANAVGK-ANA,KXNHLGAME-26MAY12ANAVGK-VGK,https://kalshi.com/markets/KXNHLGAME-26MAY12ANAVGK-ANA,https://polymarket.com/event/nhl-ana-las-2026-05-12,"[""Ducks"", ""Golden Knights""]","[""68690761144603028028744500864688844478561383218366075604052641833026563740295"", ""27637727158797010393775433167878956574080963014714015974728728914721480398994""]",Ducks,2026-05-13,2026-05-27T01:30:00Z,2026-05-13
49,gujarat titans sunrisers hyderabad,sports_fees_v2,1.0,2215784,cricipl-guj-sun-2026-05-12,https://polymarket.com/event/cricipl-guj-sun-2026-05-12,KXIPLGAME-26MAY12SRHGT-GT,KXIPLGAME-26MAY12SRHGT-SRH,https://kalshi.com/markets/KXIPLGAME-26MAY12SRHGT-GT,https://polymarket.com/event/cricipl-guj-sun-2026-05-12,"[""Gujarat Titans"", ""Sunrisers Hyderabad""]","[""25144992202312060800948949855158874306479585981597463602738653662555409482108"", ""113625765358544771048708381260844936977837670169808939569864420763917569426836""]",Gujarat Titans,2026-05-19,2026-05-15T14:00:00Z,2026-05-19
50,avalanche wild,sports_fees_v2,1.0,2222924,nhl-min-col-2026-05-13,https://polymarket.com/event/nhl-min-col-2026-05-13,KXNHLGAME-26MAY13MINCOL-COL,KXNHLGAME-26MAY13MINCOL-MIN,https://kalshi.com/markets/KXNHLGAME-26MAY13MINCOL-COL,https://polymarket.com/event/nhl-min-col-2026-05-13,"[""Avalanche"", ""Wild""]","[""18066478917042446760523546019524936859497242509956940097369937944851807404917"", ""48326229067870894317581666942023264439895477764049424540723850627098298289712""]",Avalanche,2026-05-14,2026-05-28T00:00:00Z,2026-05-14
51,timberwolves spurs,sports_fees_v2,1.0,2230789,nba-min-sas-2026-05-12-points-devin-vassell-3pt5,https://polymarket.com/event/nba-min-sas-2026-05-12-points-devin-vassell-3pt5,KXNBAGAME-26MAY12MINSAS-MIN,KXNBAGAME-26MAY12MINSAS-SAS,https://kalshi.com/markets/KXNBAGAME-26MAY12MINSAS-MIN,https://polymarket.com/event/nba-min-sas-2026-05-12-points-devin-vassell-3pt5,"[""Yes"", ""No""]","[""74968085040596787300000098357339618030087510830882326892623493626272430223346"", ""78616938804238036248825158577776254833587172849871327459800768031950346704473""]",Yes,2026-05-13,2026-05-26T17:00:00Z,2026-05-13
52,gauff andreeva,sports_fees_v2,1.0,2231529,wta-gauff-andreev-2026-05-12,https://polymarket.com/event/wta-gauff-andreev-2026-05-12,KXWTAMATCH-26MAY12GAUAND-GAU,KXWTAMATCH-26MAY12GAUAND-AND,https://kalshi.com/markets/KXWTAMATCH-26MAY12GAUAND-GAU,https://polymarket.com/event/wta-gauff-andreev-2026-05-12,"[""Coco Gauff"", ""Mirra Andreeva""]","[""53624548041648247799995419886706875251776208562274463045899764198364050156333"", ""85842891383256687007345306197189488564882654478601579380434470232621000481436""]",Coco Gauff,2026-05-19,2026-05-26T08:00:00Z,2026-05-19
53,shevchenko gaston,sports_fees_v2,1.0,2231550,atp-shevche-gaston-2026-05-12,https://polymarket.com/event/atp-shevche-gaston-2026-05-12,KXATPCHALLENGERMATCH-26MAY12SHEGAS-SHE,,https://kalshi.com/markets/KXATPCHALLENGERMATCH-26MAY12SHEGAS-SHE,https://polymarket.com/event/atp-shevche-gaston-2026-05-12,"[""Alexander Shevchenko"", ""Hugo Gaston""]","[""114875602168085404136886468256651899477214420722230185749721327909373924092381"", ""40677590193764873213595864951661611974431444205869766998281578324732505527811""]",Alexander Shevchenko,2026-05-19,2026-05-26T18:00:00Z,2026-05-19
54,shevchenko gaston,sports_fees_v2,1.0,2231552,atp-shevche-gaston-2026-05-12-completed-match,https://polymarket.com/event/atp-shevche-gaston-2026-05-12-completed-match,KXATPCHALLENGERMATCH-26MAY12SHEGAS-GAS,,https://kalshi.com/markets/KXATPCHALLENGERMATCH-26MAY12SHEGAS-GAS,https://polymarket.com/event/atp-shevche-gaston-2026-05-12-completed-match,"[""Yes"", ""No""]","[""87479962605295550850905570960026896429331855767075572255474761003610038435631"", ""14715019577420502644015768219131168509542060248975422651283055508059341695069""]",Yes,2026-05-19,2026-05-26T18:00:00Z,2026-05-19
55,kouame bonzi,sports_fees_v2,1.0,2231579,atp-kouame-bonzi-2026-05-12,https://polymarket.com/event/atp-kouame-bonzi-2026-05-12,KXATPCHALLENGERMATCH-26MAY12KOUBON-BON,KXATPCHALLENGERMATCH-26MAY12KOUBON-KOU,https://kalshi.com/markets/KXATPCHALLENGERMATCH-26MAY12KOUBON-BON,https://polymarket.com/event/atp-kouame-bonzi-2026-05-12,"[""Benjamin Bonzi"", ""Moise Kouame""]","[""59680044914017237139102431871161740613915629370384417057208815605927479748274"", ""104722946915808910273608775988075624802509966964394500473123414776555803122642""]",Benjamin Bonzi,2026-05-19,2026-05-26T15:00:00Z,2026-05-19
56,rublev basilashvili,sports_fees_v2,1.0,2231623,atp-rublev-basilas-2026-05-12,https://polymarket.com/event/atp-rublev-basilas-2026-05-12,KXATPMATCH-26MAY12RUBBAS-RUB,KXATPMATCH-26MAY12RUBBAS-BAS,https://kalshi.com/markets/KXATPMATCH-26MAY12RUBBAS-RUB,https://polymarket.com/event/atp-rublev-basilas-2026-05-12,"[""Andrey Rublev"", ""Nikoloz Basilashvili""]","[""19957195259812568230423551990074512167559483798670111009245783391112908739115"", ""38001902972759031796445778634848865663234733950577595933929587884925888335398""]",Andrey Rublev,2026-05-19,2026-05-26T09:00:00Z,2026-05-19
57,zhou blanch,sports_fees_v2,1.0,2231669,atp-zhou-blan-2026-05-12,https://polymarket.com/event/atp-zhou-blan-2026-05-12,KXATPCHALLENGERMATCH-26MAY12ZHOBLA-ZHO,,https://kalshi.com/markets/KXATPCHALLENGERMATCH-26MAY12ZHOBLA-ZHO,https://polymarket.com/event/atp-zhou-blan-2026-05-12,"[""Yi Zhou"", ""Dali Blanch""]","[""16500379344589840930320862594999243840200779856521357270781380509970586517083"", ""53654818004482806104280728377858781156529267976109270723019297537721808818013""]",Yi Zhou,2026-05-19,2026-05-26T11:20:00Z,2026-05-19
58,zhou blanch,sports_fees_v2,1.0,2231673,atp-zhou-blan-2026-05-12-completed-match,https://polymarket.com/event/atp-zhou-blan-2026-05-12-completed-match,KXATPCHALLENGERMATCH-26MAY12ZHOBLA-BLA,,https://kalshi.com/markets/KXATPCHALLENGERMATCH-26MAY12ZHOBLA-BLA,https://polymarket.com/event/atp-zhou-blan-2026-05-12-completed-match,"[""Yes"", ""No""]","[""77684531021914893911876069034755253403573393643029893048500746099593724017383"", ""21144010730852656285785214288088956371178246150541703504197595595764225436011""]",Yes,2026-05-19,2026-05-26T11:20:00Z,2026-05-19
59,tiffon broom,sports_fees_v2,1.0,2231679,atp-tiffon-broom-2026-05-12,https://polymarket.com/event/atp-tiffon-broom-2026-05-12,KXATPCHALLENGERMATCH-26MAY12MARBRO-BRO,KXATPCHALLENGERMATCH-26MAY12MARBRO-MAR,https://kalshi.com/markets/KXATPCHALLENGERMATCH-26MAY12MARBRO-BRO,https://polymarket.com/event/atp-tiffon-broom-2026-05-12,"[""Charles Broom"", ""Pol Martin Tiffon""]","[""28191379852167861641667011921000596503128279609443088612517915057671711099855"", ""29013553900053071256143849853039342546698723683816138683266684000697476493945""]",Charles Broom,2026-05-19,2026-05-26T12:30:00Z,2026-05-19
60,poljicak stricker,sports_fees_v2,1.0,2231697,atp-poljica-stricke-2026-05-12,https://polymarket.com/event/atp-poljica-stricke-2026-05-12,KXATPCHALLENGERMATCH-26MAY12POLSTR-POL,,https://kalshi.com/markets/KXATPCHALLENGERMATCH-26MAY12POLSTR-POL,https://polymarket.com/event/atp-poljica-stricke-2026-05-12,"[""Mili Poljicak"", ""Dominic Stephan Stricker""]","[""55330091742598032402076816993710368427763218468960537190495953548112893068675"", ""46904554245297748900628207973040624852954100836191855144530176709403769226061""]",Mili Poljicak,2026-05-19,2026-05-26T12:10:00Z,2026-05-19
61,poljicak stricker,sports_fees_v2,1.0,2231699,atp-poljica-stricke-2026-05-12-completed-match,https://polymarket.com/event/atp-poljica-stricke-2026-05-12-completed-match,KXATPCHALLENGERMATCH-26MAY12POLSTR-STR,,https://kalshi.com/markets/KXATPCHALLENGERMATCH-26MAY12POLSTR-STR,https://polymarket.com/event/atp-poljica-stricke-2026-05-12-completed-match,"[""Yes"", ""No""]","[""34194540304727788702932255157729306637885168224853784064544994482969319647967"", ""29727340850403683174046399192424802908611171609188777458698783406103544884814""]",Yes,2026-05-19,2026-05-26T12:10:00Z,2026-05-19
62,alexandrescou kokkinakis,sports_fees_v2,1.0,2231704,atp-alexand-kokkina-2026-05-12,https://polymarket.com/event/atp-alexand-kokkina-2026-05-12,KXATPCHALLENGERMATCH-26MAY12ALEKOK-KOK,KXATPCHALLENGERMATCH-26MAY12ALEKOK-ALE,https://kalshi.com/markets/KXATPCHALLENGERMATCH-26MAY12ALEKOK-KOK,https://polymarket.com/event/atp-alexand-kokkina-2026-05-12,"[""Thanasi Kokkinakis"", ""Yannick Alexandrescou""]","[""37128009858265643414841519918632687453453277875563905969120866867477300803949"", ""63558963475219039545667863034187560821823749562810339755290038733752908422694""]",Thanasi Kokkinakis,2026-05-19,2026-05-26T12:10:00Z,2026-05-19
63,monteiro andrade,sports_fees_v2,1.0,2231709,atp-monteir-andrade-2026-05-12,https://polymarket.com/event/atp-monteir-andrade-2026-05-12,KXATPCHALLENGERMATCH-26MAY12MONAND-AND,KXATPCHALLENGERMATCH-26MAY12MONAND-MON,https://kalshi.com/markets/KXATPCHALLENGERMATCH-26MAY12MONAND-AND,https://polymarket.com/event/atp-monteir-andrade-2026-05-12,"[""Andres Andrade"", ""Thiago Monteiro""]","[""56788887889733008546828118264286430030418966810635686256816436012957185992150"", ""102489693808065485682326887537134484041091464656914414508752315129592199586443""]",Andres Andrade,2026-05-19,2026-05-26T08:00:00Z,2026-05-19
64,piros forejtek,sports_fees_v2,1.0,2231720,atp-piros-forejte-2026-05-12,https://polymarket.com/event/atp-piros-forejte-2026-05-12,KXATPCHALLENGERMATCH-26MAY12PIRFOR-FOR,KXATPCHALLENGERMATCH-26MAY12PIRFOR-PIR,https://kalshi.com/markets/KXATPCHALLENGERMATCH-26MAY12PIRFOR-FOR,https://polymarket.com/event/atp-piros-forejte-2026-05-12,"[""Jonas Forejtek"", ""Zsombor Piros""]","[""91228275466741671210273463104953125838262107365506762746743530589925669737043"", ""112359972385674863630101199900990892656548571878830768763988943633009909865700""]",Jonas Forejtek,2026-05-19,2026-05-26T08:00:00Z,2026-05-19
65,medjedovic landaluce,sports_fees_v2,1.0,2231725,atp-medjedo-landalu-2026-05-12,https://polymarket.com/event/atp-medjedo-landalu-2026-05-12,KXATPMATCH-26MAY12MEDLAN-MED,,https://kalshi.com/markets/KXATPMATCH-26MAY12MEDLAN-MED,https://polymarket.com/event/atp-medjedo-landalu-2026-05-12,"[""Hamad Medjedovic"", ""Martin Landaluce""]","[""17831255544606617896357408065331487610897705319399503332023908132871571584191"", ""46169608241694339335523432530578075132186112012442733433203303616531506938880""]",Hamad Medjedovic,2026-05-19,2026-05-26T09:00:00Z,2026-05-19
66,medjedovic landaluce,sports_fees_v2,1.0,2231729,atp-medjedo-landalu-2026-05-12-completed-match,https://polymarket.com/event/atp-medjedo-landalu-2026-05-12-completed-match,KXATPMATCH-26MAY12MEDLAN-LAN,,https://kalshi.com/markets/KXATPMATCH-26MAY12MEDLAN-LAN,https://polymarket.com/event/atp-medjedo-landalu-2026-05-12-completed-match,"[""Yes"", ""No""]","[""64074217605160699344608389611959870339187256694477732232298253533086034742561"", ""68968276597863677891963756596671185577715000043886492511774562883825478734150""]",Yes,2026-05-19,2026-05-26T09:00:00Z,2026-05-19
67,tirante medvedev,sports_fees_v2,1.0,2235022,atp-tirante-medvede-2026-05-12,https://polymarket.com/event/atp-tirante-medvede-2026-05-12,KXATPMATCH-26MAY12TIRMED-MED,KXATPMATCH-26MAY12TIRMED-TIR,https://kalshi.com/markets/KXATPMATCH-26MAY12TIRMED-MED,https://polymarket.com/event/atp-tirante-medvede-2026-05-12,"[""Daniil Medvedev"", ""Thiago Agustin Tirante""]","[""45991439656116606129625754527041594681328759980245991505939096280926579911713"", ""57169804126394582715437404728931456913602233831946501799302900587024790741912""]",Daniil Medvedev,2026-05-19,2026-05-26T18:30:00Z,2026-05-19
68,cigarran villanueva,sports_fees_v2,1.0,2235030,atp-cigarra-villanu-2026-05-12,https://polymarket.com/event/atp-cigarra-villanu-2026-05-12,KXATPCHALLENGERMATCH-26MAY12CIGVIL-CIG,,https://kalshi.com/markets/KXATPCHALLENGERMATCH-26MAY12CIGVIL-CIG,https://polymarket.com/event/atp-cigarra-villanu-2026-05-12,"[""Thiago Cigarran"", ""Gonzalo Villanueva""]","[""109458795592184948099436119321607461941580468012089079558719235099733923545541"", ""85978201339599066353763726888518127238540756575067043459558597078953551247475""]",Thiago Cigarran,2026-05-19,2026-05-26T16:00:00Z,2026-05-19
69,cigarran villanueva,sports_fees_v2,1.0,2235032,atp-cigarra-villanu-2026-05-12-completed-match,https://polymarket.com/event/atp-cigarra-villanu-2026-05-12-completed-match,KXATPCHALLENGERMATCH-26MAY12CIGVIL-VIL,,https://kalshi.com/markets/KXATPCHALLENGERMATCH-26MAY12CIGVIL-VIL,https://polymarket.com/event/atp-cigarra-villanu-2026-05-12-completed-match,"[""Yes"", ""No""]","[""952308323265833528081144804108920568770052631069962903367150431252490404452"", ""16799475701166028053297394216363789335605989914259422556254282356844424275665""]",Yes,2026-05-19,2026-05-26T16:00:00Z,2026-05-19
70,zapico tobon,sports_fees_v2,1.0,2235042,atp-zapico-tobon-2026-05-12,https://polymarket.com/event/atp-zapico-tobon-2026-05-12,KXATPCHALLENGERMATCH-26MAY12GOITOB-GOI,KXATPCHALLENGERMATCH-26MAY12GOITOB-TOB,https://kalshi.com/markets/KXATPCHALLENGERMATCH-26MAY12GOITOB-GOI,https://polymarket.com/event/atp-zapico-tobon-2026-05-12,"[""Miguel Tobon"", ""Segundo Goity Zapico""]","[""32963400977366939021345746716689684144648518284063348811038354815935370757585"", ""73819553356143091807094240472699424599682747424521818839988568728123283653250""]",Miguel Tobon,2026-05-19,2026-05-26T16:00:00Z,2026-05-19
71,pegula swiatek,sports_fees_v2,1.0,2235050,wta-pegula-swiatek-2026-05-13,https://polymarket.com/event/wta-pegula-swiatek-2026-05-13,KXWTAMATCH-26MAY13PEGSWI-SWI,KXWTAMATCH-26MAY13PEGSWI-PEG,https://kalshi.com/markets/KXWTAMATCH-26MAY13PEGSWI-SWI,https://polymarket.com/event/wta-pegula-swiatek-2026-05-13,"[""Iga Swiatek"", ""Jessica Pegula""]","[""97784427477581310889295834727636757366221820827428707719142018373721941334773"", ""8859233030430385361672760642728232746032947350753620907694122706856610350228""]",Iga Swiatek,2026-05-20,2026-05-27T11:00:00Z,2026-05-20
72,kolar zhang,sports_fees_v2,1.0,2235051,atp-kolar-zhang-2026-05-12,https://polymarket.com/event/atp-kolar-zhang-2026-05-12,KXATPCHALLENGERMATCH-26MAY12KOLZHA-KOL,KXATPCHALLENGERMATCH-26MAY12KOLZHA-ZHA,https://kalshi.com/markets/KXATPCHALLENGERMATCH-26MAY12KOLZHA-KOL,https://polymarket.com/event/atp-kolar-zhang-2026-05-12,"[""Zdenek Kolar"", ""Zhizhen Zhang""]","[""70555507466773230233615918710019765788283230087452184826282142555537606604216"", ""17272449152573540452620592988383961616642988462670433621186005018097535106889""]",Zdenek Kolar,2026-05-19,2026-05-26T09:00:00Z,2026-05-19
73,svitolina rybakina,sports_fees_v2,1.0,2235055,wta-svitoli-rybakin-2026-05-13,https://polymarket.com/event/wta-svitoli-rybakin-2026-05-13,KXWTAMATCH-26MAY13SVIRYB-RYB,KXWTAMATCH-26MAY13SVIRYB-SVI,https://kalshi.com/markets/KXWTAMATCH-26MAY13SVIRYB-RYB,https://polymarket.com/event/wta-svitoli-rybakin-2026-05-13,"[""Elena Rybakina"", ""Elina Svitolina""]","[""27386528911144772056101543864009377054048819852317018957855477227590691384462"", ""31567656796518514839268052754670544701701706721351086151513216467067915494996""]",Elena Rybakina,2026-05-20,2026-05-27T11:00:00Z,2026-05-20
74,sanchis vasa,sports_fees_v2,1.0,2235058,atp-sanchis-vasa-2026-05-12,https://polymarket.com/event/atp-sanchis-vasa-2026-05-12,KXATPCHALLENGERMATCH-26MAY12JORVAS-JOR,KXATPCHALLENGERMATCH-26MAY12JORVAS-VAS,https://kalshi.com/markets/KXATPCHALLENGERMATCH-26MAY12JORVAS-JOR,https://polymarket.com/event/atp-sanchis-vasa-2026-05-12,"[""David Jorda Sanchis"", ""Eero Vasa""]","[""13977838840471278478688649807119261310067761328994395614964599524318162095339"", ""55713970514731695921101876448919424718589885745701386768899580814343205686591""]",David Jorda Sanchis,2026-05-19,2026-05-26T09:00:00Z,2026-05-19
75,team liquid team spirit,sports_fees_v2,1.0,2235806,dota2-ts8-liquid-2026-05-13,https://polymarket.com/event/dota2-ts8-liquid-2026-05-13,KXDOTA2GAME-26MAY131300LIQUIDTS-LIQUID,KXDOTA2GAME-26MAY131300LIQUIDTS-TS,https://kalshi.com/markets/KXDOTA2GAME-26MAY131300LIQUIDTS-LIQUID,https://polymarket.com/event/dota2-ts8-liquid-2026-05-13,"[""Team Liquid"", ""Team Spirit""]","[""98119396702718062791235344194553500397437301240486790448944344557985506653981"", ""78141249414622083855391411833497302562782943899942555384120675858258713973089""]",Team Liquid,2026-05-13,2026-05-27T17:00:00Z,2026-05-13
76,ruud khachanov,sports_fees_v2,1.0,2242123,atp-ruud-khachan-2026-05-13,https://polymarket.com/event/atp-ruud-khachan-2026-05-13,KXATPMATCH-26MAY13RUUKHA-RUU,KXATPMATCH-26MAY13RUUKHA-KHA,https://kalshi.com/markets/KXATPMATCH-26MAY13RUUKHA-RUU,https://polymarket.com/event/atp-ruud-khachan-2026-05-13,"[""Casper Ruud"", ""Karen Khachanov""]","[""61479415748865542976259536127711126412841450219559149223841313941968412223081"", ""78268180293751854418094386680403809063610827788809685436129374247266749421933""]",Casper Ruud,2026-05-20,2026-05-27T13:00:00Z,2026-05-20
77,jodar darderi,sports_fees_v2,1.0,2242200,atp-jodar-darderi-2026-05-13,https://polymarket.com/event/atp-jodar-darderi-2026-05-13,KXATPMATCH-26MAY13JODDAR-DAR,KXATPMATCH-26MAY13JODDAR-JOD,https://kalshi.com/markets/KXATPMATCH-26MAY13JODDAR-DAR,https://polymarket.com/event/atp-jodar-darderi-2026-05-13,"[""Luciano Darderi"", ""Rafael Jodar""]","[""2065410516955057520552828691222364982013757897314806673093411611807726819416"", ""19848849031373905607819887081045870807981419664068552165183206520275921818247""]",Luciano Darderi,2026-05-20,2026-05-27T13:00:00Z,2026-05-20
78,ctbc flying oyster deep cross gaming,sports_fees_v2,1.0,2242620,lol-cfo-dcg-2026-05-13,https://polymarket.com/event/lol-cfo-dcg-2026-05-13,KXLOLGAME-26MAY130500DCGCFO-CFO,KXLOLGAME-26MAY130500DCGCFO-DCG,https://kalshi.com/markets/KXLOLGAME-26MAY130500DCGCFO-CFO,https://polymarket.com/event/lol-cfo-dcg-2026-05-13,"[""CTBC Flying Oyster"", ""Deep Cross Gaming""]","[""9870433609234750436076327325377083313748356620535471267375809172250111203685"", ""18433030121532323498931376430895062921649357519354022689270068924157876106342""]",CTBC Flying Oyster,2026-05-13,2026-05-27T09:00:00Z,2026-05-13
79,choinski ficovich,sports_fees_v2,0.95,2217702,atp-choinsk-ficovic-2026-05-11,https://polymarket.com/event/atp-choinsk-ficovic-2026-05-11,KXATPCHALLENGERMATCH-26MAY12CHOFIC-CHO,KXATPCHALLENGERMATCH-26MAY12CHOFIC-FIC,https://kalshi.com/markets/KXATPCHALLENGERMATCH-26MAY12CHOFIC-CHO,https://polymarket.com/event/atp-choinsk-ficovic-2026-05-11,"[""Jan Choinski"", ""Juan Pablo Ficovich""]","[""107355443117995051861218659252503021420997238441282215559583752067786322920857"", ""55656419631132297986412163786882036095805675420051002499286410854054624859746""]",Jan Choinski,2026-05-18,2026-05-26T11:00:00Z,2026-05-18
80,mikrut engel,sports_fees_v2,0.95,2217709,atp-mikrut-engel-2026-05-11,https://polymarket.com/event/atp-mikrut-engel-2026-05-11,KXATPCHALLENGERMATCH-26MAY12MIKENG-ENG,KXATPCHALLENGERMATCH-26MAY12MIKENG-MIK,https://kalshi.com/markets/KXATPCHALLENGERMATCH-26MAY12MIKENG-ENG,https://polymarket.com/event/atp-mikrut-engel-2026-05-11,"[""Justin Engel"", ""Luka Mikrut""]","[""109421387217406300733477029019627561749021166739141910130266642546743991411702"", ""73680782528740773184394922202427359738163938267557495716580708621328523642588""]",Justin Engel,2026-05-18,2026-05-26T09:10:00Z,2026-05-18
81,dostanic rodesch,sports_fees_v2,0.95,2217717,atp-dostani-rodesch-2026-05-11,https://polymarket.com/event/atp-dostani-rodesch-2026-05-11,KXATPCHALLENGERMATCH-26MAY12DOSROD-DOS,,https://kalshi.com/markets/KXATPCHALLENGERMATCH-26MAY12DOSROD-DOS,https://polymarket.com/event/atp-dostani-rodesch-2026-05-11,"[""Stefan Dostanic"", ""Chris Rodesch""]","[""101558739871284689976467822911097216100398817922850913879690250014389212210169"", ""77228798593150745213784473281273257891887927808144935251938404532288065708324""]",Stefan Dostanic,2026-05-18,2026-05-26T09:10:00Z,2026-05-18
82,dostanic rodesch,sports_fees_v2,0.95,2217718,atp-dostani-rodesch-2026-05-11-completed-match,https://polymarket.com/event/atp-dostani-rodesch-2026-05-11-completed-match,KXATPCHALLENGERMATCH-26MAY12DOSROD-ROD,,https://kalshi.com/markets/KXATPCHALLENGERMATCH-26MAY12DOSROD-ROD,https://polymarket.com/event/atp-dostani-rodesch-2026-05-11-completed-match,"[""Yes"", ""No""]","[""86340989183234568556381734326440681685752182001599304053920451722613143891560"", ""36613154022902275597135659485658087623716524843772014216660156575506638503473""]",Yes,2026-05-18,2026-05-26T09:10:00Z,2026-05-18
83,dodig holmgren,sports_fees_v2,0.95,2217732,atp-dodig-holmgre-2026-05-11,https://polymarket.com/event/atp-dodig-holmgre-2026-05-11,KXATPCHALLENGERMATCH-26MAY12DODHOL-DOD,,https://kalshi.com/markets/KXATPCHALLENGERMATCH-26MAY12DODHOL-DOD,https://polymarket.com/event/atp-dodig-holmgre-2026-05-11,"[""Matej Dodig"", ""August Holmgren""]","[""3251163078661990219231244697352256770463621548253041175420046438905173090967"", ""6045399528456993952193371193897743046418742082685758082548008247186818946117""]",Matej Dodig,2026-05-18,2026-05-26T11:00:00Z,2026-05-18
84,dodig holmgren,sports_fees_v2,0.95,2217734,atp-dodig-holmgre-2026-05-11-completed-match,https://polymarket.com/event/atp-dodig-holmgre-2026-05-11-completed-match,KXATPCHALLENGERMATCH-26MAY12DODHOL-HOL,,https://kalshi.com/markets/KXATPCHALLENGERMATCH-26MAY12DODHOL-HOL,https://polymarket.com/event/atp-dodig-holmgre-2026-05-11-completed-match,"[""Yes"", ""No""]","[""65021507464076831984221964347376460727286030940832095579821479686660254756883"", ""107268694102128827491370642760357778577322480317750610825185411569197594025811""]",Yes,2026-05-18,2026-05-26T11:00:00Z,2026-05-18
85,dedura-palomero ivanisevic,sports_fees_v2,0.95,2217763,atp-dedurap-ivanise-2026-05-11,https://polymarket.com/event/atp-dedurap-ivanise-2026-05-11,KXATPCHALLENGERMATCH-26MAY12DEDIVA-DED,KXATPCHALLENGERMATCH-26MAY12DEDIVA-IVA,https://kalshi.com/markets/KXATPCHALLENGERMATCH-26MAY12DEDIVA-DED,https://polymarket.com/event/atp-dedurap-ivanise-2026-05-11,"[""Diego Dedura-Palomero"", ""Emanuel Ivanisevic""]","[""38207574400512190161511131954845610102960051117974612052480883575516226398869"", ""63666343052048357062991846424856188301409008162325231727365746653883969757095""]",Diego Dedura-Palomero,2026-05-18,2026-05-26T11:00:00Z,2026-05-18
86,roncadelli sakamoto,sports_fees_v2,0.95,2219495,atp-roncade-sakamo-2026-05-11,https://polymarket.com/event/atp-roncade-sakamo-2026-05-11,KXATPCHALLENGERMATCH-26MAY12RONSAK-RON,KXATPCHALLENGERMATCH-26MAY12RONSAK-SAK,https://kalshi.com/markets/KXATPCHALLENGERMATCH-26MAY12RONSAK-RON,https://polymarket.com/event/atp-roncade-sakamo-2026-05-11,"[""Franco Roncadelli"", ""Pedro Sakamoto""]","[""46917153481019923295537435205750962585148242921270881005224831402444471294248"", ""29527093717069345597377832285506071157327032273819090441307678615352785361987""]",Franco Roncadelli,2026-05-18,2026-05-26T17:10:00Z,2026-05-18
87,almeida casanova,sports_fees_v2,0.95,2219499,atp-almeida-casanov-2026-05-11,https://polymarket.com/event/atp-almeida-casanov-2026-05-11,KXATPCHALLENGERMATCH-26MAY12PDACAS-PDA,,https://kalshi.com/markets/KXATPCHALLENGERMATCH-26MAY12PDACAS-PDA,https://polymarket.com/event/atp-almeida-casanov-2026-05-11,"[""Hernan Casanova"", ""Matheus Pucinelli de Almeida""]","[""83980549862190908794520891047411703116371927563086711780678465306832019573800"", ""8503152631049421263175862906439737699593993039023191611620321546322439376114""]",Hernan Casanova,2026-05-18,2026-05-26T21:00:00Z,2026-05-18
88,almeida casanova,sports_fees_v2,0.95,2219502,atp-almeida-casanov-2026-05-11-completed-match,https://polymarket.com/event/atp-almeida-casanov-2026-05-11-completed-match,KXATPCHALLENGERMATCH-26MAY12PDACAS-CAS,,https://kalshi.com/markets/KXATPCHALLENGERMATCH-26MAY12PDACAS-CAS,https://polymarket.com/event/atp-almeida-casanov-2026-05-11-completed-match,"[""Yes"", ""No""]","[""103129240818430681363726580839571776146437983947595341158237548155374264575886"", ""13300300136159186540400246506647901981111517805574711503259773252455473399230""]",Yes,2026-05-18,2026-05-26T21:00:00Z,2026-05-18
89,torres fernandez,sports_fees_v2,0.95,2219532,atp-torres-fernand-2026-05-11,https://polymarket.com/event/atp-torres-fernand-2026-05-11,KXATPCHALLENGERMATCH-26MAY12TORFER-FER,,https://kalshi.com/markets/KXATPCHALLENGERMATCH-26MAY12TORFER-FER,https://polymarket.com/event/atp-torres-fernand-2026-05-11,"[""Bruno Fernandez"", ""Juan Bautista Torres""]","[""95446960148125382711724517108607967115806200952899909497504912912694677898703"", ""97945959428076379824716817927201470803990517263592669255587290308288996909746""]",Bruno Fernandez,2026-05-18,2026-05-26T17:10:00Z,2026-05-18
90,torres fernandez,sports_fees_v2,0.95,2219533,atp-torres-fernand-2026-05-11-completed-match,https://polymarket.com/event/atp-torres-fernand-2026-05-11-completed-match,KXATPCHALLENGERMATCH-26MAY12TORFER-TOR,,https://kalshi.com/markets/KXATPCHALLENGERMATCH-26MAY12TORFER-TOR,https://polymarket.com/event/atp-torres-fernand-2026-05-11-completed-match,"[""Yes"", ""No""]","[""25713317309855669987206585703973705056763689981364679667582170101228478900716"", ""73568722976846626065386429730773818863275153054205103165203192308758157799190""]",Yes,2026-05-18,2026-05-26T17:10:00Z,2026-05-18
91,scheffler,sports_fees_v2,0.0,2234555,will-scottie-scheffler-win-the-2026-pga-championship,https://polymarket.com/event/will-scottie-scheffler-win-the-2026-pga-championship,KXPGATOUR-PGC26-SSCH,,https://kalshi.com/markets/KXPGATOUR-PGC26-SSCH,https://polymarket.com/event/will-scottie-scheffler-win-the-2026-pga-championship,"[""Yes"", ""No""]","[""69900662940343312876701770131916498645173659956503368184915538174228131756577"", ""43494702348279005302103264814381828614384280130005749348040448989248461261166""]",Yes,2026-05-18,2026-05-31T04:00:00Z,2026-05-18
92,mcilroy,sports_fees_v2,0.0,2234556,will-rory-mcilroy-win-the-2026-pga-championship,https://polymarket.com/event/will-rory-mcilroy-win-the-2026-pga-championship,KXPGATOUR-PGC26-RMCI,,https://kalshi.com/markets/KXPGATOUR-PGC26-RMCI,https://polymarket.com/event/will-rory-mcilroy-win-the-2026-pga-championship,"[""Yes"", ""No""]","[""93511018178883276549171069346588876698668579149990798781691513174194168223098"", ""19726801834393997504508239396693858538581210452513185823994458279718414863189""]",Yes,2026-05-18,2026-05-31T04:00:00Z,2026-05-18
93,young,sports_fees_v2,0.0,2234557,will-cameron-young-win-the-2026-pga-championship,https://polymarket.com/event/will-cameron-young-win-the-2026-pga-championship,KXPGATOUR-PGC26-CAME,,https://kalshi.com/markets/KXPGATOUR-PGC26-CAME,https://polymarket.com/event/will-cameron-young-win-the-2026-pga-championship,"[""Yes"", ""No""]","[""66303721662804312327035933531905540367550971757222073775471961024261265293655"", ""66237389128582333006944892968316460516164798515429506458644875243263747074064""]",Yes,2026-05-18,2026-05-31T04:00:00Z,2026-05-18
94,rahm,sports_fees_v2,0.0,2234558,will-jon-rahm-win-the-2026-pga-championship,https://polymarket.com/event/will-jon-rahm-win-the-2026-pga-championship,KXPGATOUR-PGC26-JRAH,,https://kalshi.com/markets/KXPGATOUR-PGC26-JRAH,https://polymarket.com/event/will-jon-rahm-win-the-2026-pga-championship,"[""Yes"", ""No""]","[""8941940197580646899768212990144954915540138030649404555271158023682861880663"", ""80548085368164932648896421509076259179765876960722948311700290196738450586344""]",Yes,2026-05-18,2026-05-31T04:00:00Z,2026-05-18
95,schauffele,sports_fees_v2,0.0,2234559,will-xander-schauffele-win-the-2026-pga-championship,https://polymarket.com/event/will-xander-schauffele-win-the-2026-pga-championship,KXPGATOUR-PGC26-XSCH,,https://kalshi.com/markets/KXPGATOUR-PGC26-XSCH,https://polymarket.com/event/will-xander-schauffele-win-the-2026-pga-championship,"[""Yes"", ""No""]","[""4085292184841918428182767984558301365971622301824950335302564858353851544204"", ""41335231188350012295466417461013829393910162451385584285431460862545882319900""]",Yes,2026-05-18,2026-05-31T04:00:00Z,2026-05-18
96,aberg,sports_fees_v2,0.0,2234560,will-ludvig-aberg-win-the-2026-pga-championship,https://polymarket.com/event/will-ludvig-aberg-win-the-2026-pga-championship,KXPGATOUR-PGC26-LABE,,https://kalshi.com/markets/KXPGATOUR-PGC26-LABE,https://polymarket.com/event/will-ludvig-aberg-win-the-2026-pga-championship,"[""Yes"", ""No""]","[""80167431355855825460211832467492711507701328263695042001243173905137172771466"", ""88215642211759931186831528360424543198024503735068623058325264967590564386776""]",Yes,2026-05-18,2026-05-31T04:00:00Z,2026-05-18
97,dechambeau,sports_fees_v2,0.0,2234561,will-bryson-dechambeau-win-the-2026-pga-championship,https://polymarket.com/event/will-bryson-dechambeau-win-the-2026-pga-championship,KXPGATOUR-PGC26-BDEC,,https://kalshi.com/markets/KXPGATOUR-PGC26-BDEC,https://polymarket.com/event/will-bryson-dechambeau-win-the-2026-pga-championship,"[""Yes"", ""No""]","[""96143118722395330476622440690088441793911961631370127835957502994575460323886"", ""81504783473682283262251979732769986684949551930309494235100744975349946870974""]",Yes,2026-05-18,2026-05-31T04:00:00Z,2026-05-18
98,fitzpatrick,sports_fees_v2,0.0,2234562,will-matt-fitzpatrick-win-the-2026-pga-championship,https://polymarket.com/event/will-matt-fitzpatrick-win-the-2026-pga-championship,KXPGATOUR-PGC26-AFIT,KXPGATOUR-PGC26-MFIT,https://kalshi.com/markets/KXPGATOUR-PGC26-AFIT,https://polymarket.com/event/will-matt-fitzpatrick-win-the-2026-pga-championship,"[""Yes"", ""No""]","[""67020924727132129557334419166333254626142701725409484040908710345479961871619"", ""28138668802273126551753794436999134389391415044659869578448678431280196881575""]",Yes,2026-05-18,2026-05-31T04:00:00Z,2026-05-18
99,fleetwood,sports_fees_v2,0.0,2234563,will-tommy-fleetwood-win-the-2026-pga-championship,https://polymarket.com/event/will-tommy-fleetwood-win-the-2026-pga-championship,KXPGATOUR-PGC26-TFLE,,https://kalshi.com/markets/KXPGATOUR-PGC26-TFLE,https://polymarket.com/event/will-tommy-fleetwood-win-the-2026-pga-championship,"[""Yes"", ""No""]","[""67645018206338219723594335462876167379451865835510457780505647553361485410861"", ""32787747019403844991366026293020129114985091518898739311590817807479679165132""]",Yes,2026-05-18,2026-05-31T04:00:00Z,2026-05-18
100,thomas,sports_fees_v2,0.0,2234564,will-justin-thomas-win-the-2026-pga-championship,https://polymarket.com/event/will-justin-thomas-win-the-2026-pga-championship,KXPGATOUR-PGC26-JTHO,,https://kalshi.com/markets/KXPGATOUR-PGC26-JTHO,https://polymarket.com/event/will-justin-thomas-win-the-2026-pga-championship,"[""Yes"", ""No""]","[""6738923887185137704044395543125349944596682592447916009507859233028533627811"", ""82415622109623028798665247469220973146245288425537681206279952625050260549974""]",Yes,2026-05-18,2026-05-31T04:00:00Z,2026-05-18
101,cantlay,sports_fees_v2,0.0,2234565,will-patrick-cantlay-win-the-2026-pga-championship,https://polymarket.com/event/will-patrick-cantlay-win-the-2026-pga-championship,KXPGATOUR-PGC26-PCAN,,https://kalshi.com/markets/KXPGATOUR-PGC26-PCAN,https://polymarket.com/event/will-patrick-cantlay-win-the-2026-pga-championship,"[""Yes"", ""No""]","[""17159462358454616513689470466065845179349204803649062998121108074751032100623"", ""114206923588231151007395630609838832155510847986419341162211018930601754077834""]",Yes,2026-05-18,2026-05-31T04:00:00Z,2026-05-18
102,koepka,sports_fees_v2,0.0,2234566,will-brooks-koepka-win-the-2026-pga-championship,https://polymarket.com/event/will-brooks-koepka-win-the-2026-pga-championship,KXPGATOUR-PGC26-BKOE,,https://kalshi.com/markets/KXPGATOUR-PGC26-BKOE,https://polymarket.com/event/will-brooks-koepka-win-the-2026-pga-championship,"[""Yes"", ""No""]","[""114865968828415046862307141487148960635308729706425299910216725782252489852860"", ""94483500357824108013570090162305756781606144428445057136731496368667289186410""]",Yes,2026-05-18,2026-05-31T04:00:00Z,2026-05-18
103,morikawa,sports_fees_v2,0.0,2234568,will-collin-morikawa-win-the-2026-pga-championship,https://polymarket.com/event/will-collin-morikawa-win-the-2026-pga-championship,KXPGATOUR-PGC26-CMOR,,https://kalshi.com/markets/KXPGATOUR-PGC26-CMOR,https://polymarket.com/event/will-collin-morikawa-win-the-2026-pga-championship,"[""Yes"", ""No""]","[""64038956621179727701991187361416807270912471012018780460706384774346262797962"", ""77793612424750358202845262824386887677895165950192907731242729385709731398893""]",Yes,2026-05-18,2026-05-31T04:00:00Z,2026-05-18
104,rose,sports_fees_v2,0.0,2234569,will-justin-rose-win-the-2026-pga-championship,https://polymarket.com/event/will-justin-rose-win-the-2026-pga-championship,KXPGATOUR-PGC26-JROS,,https://kalshi.com/markets/KXPGATOUR-PGC26-JROS,https://polymarket.com/event/will-justin-rose-win-the-2026-pga-championship,"[""Yes"", ""No""]","[""9294625102200104500328498335581924089467413089998555149046958216544667957826"", ""108906615073971430631123270313112601194775527492682258700595611769838862736992""]",Yes,2026-05-18,2026-05-31T04:00:00Z,2026-05-18
105,scott,sports_fees_v2,0.0,2234570,will-adam-scott-win-the-2026-pga-championship,https://polymarket.com/event/will-adam-scott-win-the-2026-pga-championship,KXPGATOUR-PGC26-ADS,,https://kalshi.com/markets/KXPGATOUR-PGC26-ADS,https://polymarket.com/event/will-adam-scott-win-the-2026-pga-championship,"[""Yes"", ""No""]","[""92191741804102175279123967277755099850194468356590751751302596701148038409378"", ""1763476504197456768478830561335683794944820166973500010877870633548619027148""]",Yes,2026-05-18,2026-05-31T04:00:00Z,2026-05-18
106,burns,sports_fees_v2,0.0,2234572,will-sam-burns-win-the-2026-pga-championship,https://polymarket.com/event/will-sam-burns-win-the-2026-pga-championship,KXPGATOUR-PGC26-SBUR,,https://kalshi.com/markets/KXPGATOUR-PGC26-SBUR,https://polymarket.com/event/will-sam-burns-win-the-2026-pga-championship,"[""Yes"", ""No""]","[""92090906151140529245269562500955536135363208165997085343008394872154703143130"", ""82495141788526758050969849601954232225364319361142555090234168758905043758436""]",Yes,2026-05-18,2026-05-31T04:00:00Z,2026-05-18
107,fowler,sports_fees_v2,0.0,2234573,will-rickie-fowler-win-the-2026-pga-championship,https://polymarket.com/event/will-rickie-fowler-win-the-2026-pga-championship,KXPGATOUR-PGC26-RFOW,,https://kalshi.com/markets/KXPGATOUR-PGC26-RFOW,https://polymarket.com/event/will-rickie-fowler-win-the-2026-pga-championship,"[""Yes"", ""No""]","[""60134837619344208725696960883877686487289894974156244808141170912261616870523"", ""52281787533830803993232583181877977835896973302501385740747707361332591829170""]",Yes,2026-05-18,2026-05-31T04:00:00Z,2026-05-18
108,gotterup,sports_fees_v2,0.0,2234574,will-chris-gotterup-win-the-2026-pga-championship,https://polymarket.com/event/will-chris-gotterup-win-the-2026-pga-championship,KXPGATOUR-PGC26-CGOT,,https://kalshi.com/markets/KXPGATOUR-PGC26-CGOT,https://polymarket.com/event/will-chris-gotterup-win-the-2026-pga-championship,"[""Yes"", ""No""]","[""40359910094345924285472172376514741064120358658289861088482557970970246601153"", ""101184121954545412696299368879733914744157372781442132160282727797481388237417""]",Yes,2026-05-18,2026-05-31T04:00:00Z,2026-05-18
109,hatton,sports_fees_v2,0.0,2234575,will-tyrrell-hatton-win-the-2026-pga-championship,https://polymarket.com/event/will-tyrrell-hatton-win-the-2026-pga-championship,KXPGATOUR-PGC26-THAT,,https://kalshi.com/markets/KXPGATOUR-PGC26-THAT,https://polymarket.com/event/will-tyrrell-hatton-win-the-2026-pga-championship,"[""Yes"", ""No""]","[""103352472708025390894431281071837663297334239827090056802945281775477126909227"", ""86946195069202095314314739878432991004909553282588920636024963147651793403637""]",Yes,2026-05-18,2026-05-31T04:00:00Z,2026-05-18
110,henley,sports_fees_v2,0.0,2234576,will-russell-henley-win-the-2026-pga-championship,https://polymarket.com/event/will-russell-henley-win-the-2026-pga-championship,KXPGATOUR-PGC26-RHEN,,https://kalshi.com/markets/KXPGATOUR-PGC26-RHEN,https://polymarket.com/event/will-russell-henley-win-the-2026-pga-championship,"[""Yes"", ""No""]","[""78454588945425260777014800364898654751806673815831782166751058746715201775862"", ""101185433244757105108775297192751333101748636485513949723508408201568013801332""]",Yes,2026-05-18,2026-05-31T04:00:00Z,2026-05-18
111,hojgaard,sports_fees_v2,0.0,2234577,will-nicolai-hojgaard-win-the-2026-pga-championship,https://polymarket.com/event/will-nicolai-hojgaard-win-the-2026-pga-championship,KXPGATOUR-PGC26-NHOJ,KXPGATOUR-PGC26-RHOJ,https://kalshi.com/markets/KXPGATOUR-PGC26-NHOJ,https://polymarket.com/event/will-nicolai-hojgaard-win-the-2026-pga-championship,"[""Yes"", ""No""]","[""22417022582144516279907806031338214262689123431997221503671550732945095091597"", ""50114021049164166249649620721645878950756248815645769153352883302912889285391""]",Yes,2026-05-18,2026-05-31T04:00:00Z,2026-05-18
112,hovland,sports_fees_v2,0.0,2234578,will-viktor-hovland-win-the-2026-pga-championship,https://polymarket.com/event/will-viktor-hovland-win-the-2026-pga-championship,KXPGATOUR-PGC26-VHOV,,https://kalshi.com/markets/KXPGATOUR-PGC26-VHOV,https://polymarket.com/event/will-viktor-hovland-win-the-2026-pga-championship,"[""Yes"", ""No""]","[""27089664774131849060525024228259063291476568522792507037595674672206029764620"", ""52542386824541066791951320052758458789760463405562748691650407175771448560655""]",Yes,2026-05-18,2026-05-31T04:00:00Z,2026-05-18
113,kim,sports_fees_v2,0.0,2234579,will-si-woo-kim-win-the-2026-pga-championship,https://polymarket.com/event/will-si-woo-kim-win-the-2026-pga-championship,KXPGATOUR-PGC26-MKIM,KXPGATOUR-PGC26-WKIM,https://kalshi.com/markets/KXPGATOUR-PGC26-MKIM,https://polymarket.com/event/will-si-woo-kim-win-the-2026-pga-championship,"[""Yes"", ""No""]","[""10852311155384267406337251756993716821311513382736917000541578389051726174528"", ""2201672037650718457190469628128053735019464620651563061178213635299244703768""]",Yes,2026-05-18,2026-05-31T04:00:00Z,2026-05-18
114,macintyre,sports_fees_v2,0.0,2234580,will-robert-macintyre-win-the-2026-pga-championship,https://polymarket.com/event/will-robert-macintyre-win-the-2026-pga-championship,KXPGATOUR-PGC26-RMAC,,https://kalshi.com/markets/KXPGATOUR-PGC26-RMAC,https://polymarket.com/event/will-robert-macintyre-win-the-2026-pga-championship,"[""Yes"", ""No""]","[""33620735217021080167207881923432116271330816993301886179292683947560124335986"", ""97725399137110607888017316469486427515211966693503960424738263985050214166423""]",Yes,2026-05-18,2026-05-31T04:00:00Z,2026-05-18
115,reed,sports_fees_v2,0.0,2234581,will-patrick-reed-win-the-2026-pga-championship,https://polymarket.com/event/will-patrick-reed-win-the-2026-pga-championship,KXPGATOUR-PGC26-PREE,,https://kalshi.com/markets/KXPGATOUR-PGC26-PREE,https://polymarket.com/event/will-patrick-reed-win-the-2026-pga-championship,"[""Yes"", ""No""]","[""21788141561313679853519377310123553601880986367748343750465002589972616839818"", ""8027704268308035066711505293783677715844307020537829467883356993770337263051""]",Yes,2026-05-18,2026-05-31T04:00:00Z,2026-05-18
116,spieth,sports_fees_v2,0.0,2234582,will-jordan-spieth-win-the-2026-pga-championship,https://polymarket.com/event/will-jordan-spieth-win-the-2026-pga-championship,KXPGATOUR-PGC26-JORD,,https://kalshi.com/markets/KXPGATOUR-PGC26-JORD,https://polymarket.com/event/will-jordan-spieth-win-the-2026-pga-championship,"[""Yes"", ""No""]","[""42396672942700907030010926743453565125712869115986530268252467597889884155443"", ""52559535932593173478234046627536228409744233937286383493945915640462647020542""]",Yes,2026-05-18,2026-05-31T04:00:00Z,2026-05-18
117,straka,sports_fees_v2,0.0,2234583,will-sepp-straka-win-the-2026-pga-championship,https://polymarket.com/event/will-sepp-straka-win-the-2026-pga-championship,KXPGATOUR-PGC26-SSTR,,https://kalshi.com/markets/KXPGATOUR-PGC26-SSTR,https://polymarket.com/event/will-sepp-straka-win-the-2026-pga-championship,"[""Yes"", ""No""]","[""29403705443403944155270736786090257314605079663126410901296456279444323653124"", ""96986943437864026378901559559166110367563350599832570918262869068112929240227""]",Yes,2026-05-18,2026-05-31T04:00:00Z,2026-05-18
118,kitayama,sports_fees_v2,0.0,2234584,will-kurt-kitayama-win-the-2026-pga-championship,https://polymarket.com/event/will-kurt-kitayama-win-the-2026-pga-championship,KXPGATOUR-PGC26-KKIT,,https://kalshi.com/markets/KXPGATOUR-PGC26-KKIT,https://polymarket.com/event/will-kurt-kitayama-win-the-2026-pga-championship,"[""Yes"", ""No""]","[""90844370406103855402716102586425856316499052404931641817569811770812825094823"", ""4607450261192302726369563553304591461958942719177370518583425349427590112256""]",Yes,2026-05-18,2026-05-31T04:00:00Z,2026-05-18
119,knapp,sports_fees_v2,0.0,2234585,will-jake-knapp-win-the-2026-pga-championship,https://polymarket.com/event/will-jake-knapp-win-the-2026-pga-championship,KXPGATOUR-PGC26-JKNA,,https://kalshi.com/markets/KXPGATOUR-PGC26-JKNA,https://polymarket.com/event/will-jake-knapp-win-the-2026-pga-championship,"[""Yes"", ""No""]","[""23983830495470223847088163485629827170337765017530393536495668875728946944160"", ""23134388087470801556855648942221413968711280622621015553075888574395707312804""]",Yes,2026-05-18,2026-05-31T04:00:00Z,2026-05-18
120,lowry,sports_fees_v2,0.0,2234586,will-shane-lowry-win-the-2026-pga-championship,https://polymarket.com/event/will-shane-lowry-win-the-2026-pga-championship,KXPGATOUR-PGC26-SLOW,,https://kalshi.com/markets/KXPGATOUR-PGC26-SLOW,https://polymarket.com/event/will-shane-lowry-win-the-2026-pga-championship,"[""Yes"", ""No""]","[""69254419389204214335696441780562356743775951551625951119803950160751456511714"", ""53317281210505001375968181304789433855525058794208635711311171303740743292824""]",Yes,2026-05-18,2026-05-31T04:00:00Z,2026-05-18
121,matsuyama,sports_fees_v2,0.0,2234587,will-hideki-matsuyama-win-the-2026-pga-championship,https://polymarket.com/event/will-hideki-matsuyama-win-the-2026-pga-championship,KXPGATOUR-PGC26-HMAT,,https://kalshi.com/markets/KXPGATOUR-PGC26-HMAT,https://polymarket.com/event/will-hideki-matsuyama-win-the-2026-pga-championship,"[""Yes"", ""No""]","[""19767798817233937736198602738428037040642258470311281342594566224099911763611"", ""28988201093796260861560141665130131642370554502278008560867536333248029559329""]",Yes,2026-05-18,2026-05-31T04:00:00Z,2026-05-18
122,mcnealy,sports_fees_v2,0.0,2234588,will-maverick-mcnealy-win-the-2026-pga-championship,https://polymarket.com/event/will-maverick-mcnealy-win-the-2026-pga-championship,KXPGATOUR-PGC26-MMCN,,https://kalshi.com/markets/KXPGATOUR-PGC26-MMCN,https://polymarket.com/event/will-maverick-mcnealy-win-the-2026-pga-championship,"[""Yes"", ""No""]","[""28735150049875135437083161453455757366593288312077455653332222586678562213847"", ""81313487552386840830798118123873677447106013455938246627590747881588433103813""]",Yes,2026-05-18,2026-05-31T04:00:00Z,2026-05-18
123,reitan,sports_fees_v2,0.0,2234589,will-kristoffer-reitan-win-the-2026-pga-championship,https://polymarket.com/event/will-kristoffer-reitan-win-the-2026-pga-championship,KXPGATOUR-PGC26-KRR,,https://kalshi.com/markets/KXPGATOUR-PGC26-KRR,https://polymarket.com/event/will-kristoffer-reitan-win-the-2026-pga-championship,"[""Yes"", ""No""]","[""80065184808991179553345681429933229883511833740152358111837894131146567410626"", ""62770238169887634521461638082199609952605914167425759320293688783838372572377""]",Yes,2026-05-18,2026-05-31T04:00:00Z,2026-05-18
124,woodland,sports_fees_v2,0.0,2234590,will-gary-woodland-win-the-2026-pga-championship,https://polymarket.com/event/will-gary-woodland-win-the-2026-pga-championship,KXPGATOUR-PGC26-GWOO,,https://kalshi.com/markets/KXPGATOUR-PGC26-GWOO,https://polymarket.com/event/will-gary-woodland-win-the-2026-pga-championship,"[""Yes"", ""No""]","[""96302140224088777590996275639620496705128608042604113385809339644495862469258"", ""100316371194376131350671231179891869291038957273668688876021006563986385010507""]",Yes,2026-05-18,2026-05-31T04:00:00Z,2026-05-18
125,bhatia,sports_fees_v2,0.0,2234591,will-akshay-bhatia-win-the-2026-pga-championship,https://polymarket.com/event/will-akshay-bhatia-win-the-2026-pga-championship,KXPGATOUR-PGC26-ABHA,,https://kalshi.com/markets/KXPGATOUR-PGC26-ABHA,https://polymarket.com/event/will-akshay-bhatia-win-the-2026-pga-championship,"[""Yes"", ""No""]","[""3710005575132264612228592735807960061333828228382118914326573299738492363640"", ""67324188194285637098552071845172854512255538728770014725086801866121803957112""]",Yes,2026-05-18,2026-05-31T04:00:00Z,2026-05-18
126,bradley,sports_fees_v2,0.0,2234592,will-keegan-bradley-win-the-2026-pga-championship,https://polymarket.com/event/will-keegan-bradley-win-the-2026-pga-championship,KXPGATOUR-PGC26-KBRA,,https://kalshi.com/markets/KXPGATOUR-PGC26-KBRA,https://polymarket.com/event/will-keegan-bradley-win-the-2026-pga-championship,"[""Yes"", ""No""]","[""54701439363842161217985489840464361537774752887438582688263847258926514988465"", ""55520292682222823665012866516950663578802473535226281097781108556705216089158""]",Yes,2026-05-18,2026-05-31T04:00:00Z,2026-05-18
127,english,sports_fees_v2,0.0,2234593,will-harris-english-win-the-2026-pga-championship,https://polymarket.com/event/will-harris-english-win-the-2026-pga-championship,KXPGATOUR-PGC26-HENG,,https://kalshi.com/markets/KXPGATOUR-PGC26-HENG,https://polymarket.com/event/will-harris-english-win-the-2026-pga-championship,"[""Yes"", ""No""]","[""44245797912050520330384015201365680474831122195150684972248003642588726587979"", ""6418859583841414431661204582842785055204197065188859763791607502329575465734""]",Yes,2026-05-18,2026-05-31T04:00:00Z,2026-05-18
128,im,sports_fees_v2,0.0,2234596,will-sungjae-im-win-the-2026-pga-championship,https://polymarket.com/event/will-sungjae-im-win-the-2026-pga-championship,KXPGATOUR-PGC26-SIM,,https://kalshi.com/markets/KXPGATOUR-PGC26-SIM,https://polymarket.com/event/will-sungjae-im-win-the-2026-pga-championship,"[""Yes"", ""No""]","[""17865583245190274506246838349521768923733499458343640196454817327652809184227"", ""22659899020367968127226250704947493324267212553444421861391611073725566084048""]",Yes,2026-05-18,2026-05-31T04:00:00Z,2026-05-18
129,niemann,sports_fees_v2,0.0,2234597,will-joaquin-niemann-win-the-2026-pga-championship,https://polymarket.com/event/will-joaquin-niemann-win-the-2026-pga-championship,KXPGATOUR-PGC26-JNIE,,https://kalshi.com/markets/KXPGATOUR-PGC26-JNIE,https://polymarket.com/event/will-joaquin-niemann-win-the-2026-pga-championship,"[""Yes"", ""No""]","[""76627186187777896867421407902357439587639824952526921408381429327020153423360"", ""23574256648430039481827085403137377751082602399024350534424087546007328087430""]",Yes,2026-05-18,2026-05-31T04:00:00Z,2026-05-18
130,noren,sports_fees_v2,0.0,2234598,will-alex-noren-win-the-2026-pga-championship,https://polymarket.com/event/will-alex-noren-win-the-2026-pga-championship,KXPGATOUR-PGC26-ANOR,,https://kalshi.com/markets/KXPGATOUR-PGC26-ANOR,https://polymarket.com/event/will-alex-noren-win-the-2026-pga-championship,"[""Yes"", ""No""]","[""87137594997975822268006150158594595110186605946139787551026960794340834729349"", ""41060115130495490388176607925135972601418790486069627457431465775372303649688""]",Yes,2026-05-18,2026-05-31T04:00:00Z,2026-05-18
131,puig,sports_fees_v2,0.0,2234599,will-david-puig-win-the-2026-pga-championship,https://polymarket.com/event/will-david-puig-win-the-2026-pga-championship,KXPGATOUR-PGC26-DPUI,,https://kalshi.com/markets/KXPGATOUR-PGC26-DPUI,https://polymarket.com/event/will-david-puig-win-the-2026-pga-championship,"[""Yes"", ""No""]","[""64608790543128617011988726813359551555197883510850654444486519627343365084134"", ""92986239437140619875253237468687598554599726847258397393659052509924844978205""]",Yes,2026-05-18,2026-05-31T04:00:00Z,2026-05-18
132,smalley,sports_fees_v2,0.0,2234600,will-alex-smalley-win-the-2026-pga-championship,https://polymarket.com/event/will-alex-smalley-win-the-2026-pga-championship,KXPGATOUR-PGC26-ASMA,,https://kalshi.com/markets/KXPGATOUR-PGC26-ASMA,https://polymarket.com/event/will-alex-smalley-win-the-2026-pga-championship,"[""Yes"", ""No""]","[""111263513153959856608587970243951603129530818033728245576658273381840509675532"", ""48244129978385430290350237700961676449662039634211612679187198780054316999585""]",Yes,2026-05-18,2026-05-31T04:00:00Z,2026-05-18
133,bridgeman,sports_fees_v2,0.0,2234601,will-jacob-bridgeman-win-the-2026-pga-championship,https://polymarket.com/event/will-jacob-bridgeman-win-the-2026-pga-championship,KXPGATOUR-PGC26-JBRI,,https://kalshi.com/markets/KXPGATOUR-PGC26-JBRI,https://polymarket.com/event/will-jacob-bridgeman-win-the-2026-pga-championship,"[""Yes"", ""No""]","[""77106298462987603895616359679163007013655371439283520128410276100524493823158"", ""94361103968162910309213108161578106518483242031388038273006260514969928156656""]",Yes,2026-05-18,2026-05-31T04:00:00Z,2026-05-18
134,conners,sports_fees_v2,0.0,2234602,will-corey-conners-win-the-2026-pga-championship,https://polymarket.com/event/will-corey-conners-win-the-2026-pga-championship,KXPGATOUR-PGC26-CCON,,https://kalshi.com/markets/KXPGATOUR-PGC26-CCON,https://polymarket.com/event/will-corey-conners-win-the-2026-pga-championship,"[""Yes"", ""No""]","[""105307149595189825246071404881997110062108035041813356927807260589537638043958"", ""90792179787352126616954134093327357452099103263550292375988131453308582787582""]",Yes,2026-05-18,2026-05-31T04:00:00Z,2026-05-18
135,day,sports_fees_v2,0.0,2234603,will-jason-day-win-the-2026-pga-championship,https://polymarket.com/event/will-jason-day-win-the-2026-pga-championship,KXPGATOUR-PGC26-JDAY,,https://kalshi.com/markets/KXPGATOUR-PGC26-JDAY,https://polymarket.com/event/will-jason-day-win-the-2026-pga-championship,"[""Yes"", ""No""]","[""43163447931974761046720586148280319278767239560666274146143869640371093548324"", ""32009514981847058875793931514324032244743719824022060232526117017368577819043""]",Yes,2026-05-18,2026-05-31T04:00:00Z,2026-05-18
136,hall,sports_fees_v2,0.0,2234604,will-harry-hall-win-the-2026-pga-championship,https://polymarket.com/event/will-harry-hall-win-the-2026-pga-championship,KXPGATOUR-PGC26-HHAL,,https://kalshi.com/markets/KXPGATOUR-PGC26-HHAL,https://polymarket.com/event/will-harry-hall-win-the-2026-pga-championship,"[""Yes"", ""No""]","[""29928276577409343434903626065223064004001472702941921530044701050154377272290"", ""4840053065474961058130974557150032555919392964386746796517080627835694744671""]",Yes,2026-05-18,2026-05-31T04:00:00Z,2026-05-18
137,mccarty,sports_fees_v2,0.0,2234605,will-matt-mccarty-win-the-2026-pga-championship,https://polymarket.com/event/will-matt-mccarty-win-the-2026-pga-championship,KXPGATOUR-PGC26-MMCC,,https://kalshi.com/markets/KXPGATOUR-PGC26-MMCC,https://polymarket.com/event/will-matt-mccarty-win-the-2026-pga-championship,"[""Yes"", ""No""]","[""50617317011504360949892426434390807143379113015827451216986516529459197535070"", ""103743627379563282524176699610112300880337751867788484698564249479347026022798""]",Yes,2026-05-18,2026-05-31T04:00:00Z,2026-05-18
138,penge,sports_fees_v2,0.0,2234606,will-marco-penge-win-the-2026-pga-championship,https://polymarket.com/event/will-marco-penge-win-the-2026-pga-championship,KXPGATOUR-PGC26-MPEN,,https://kalshi.com/markets/KXPGATOUR-PGC26-MPEN,https://polymarket.com/event/will-marco-penge-win-the-2026-pga-championship,"[""Yes"", ""No""]","[""110639684854711076231756934903188297577804967091191136945165324772604287197743"", ""53692707205863862626989758539707478105951327724407861664553658548946301507086""]",Yes,2026-05-18,2026-05-31T04:00:00Z,2026-05-18
139,rai,sports_fees_v2,0.0,2234607,will-aaron-rai-win-the-2026-pga-championship,https://polymarket.com/event/will-aaron-rai-win-the-2026-pga-championship,KXPGATOUR-PGC26-ARAI,,https://kalshi.com/markets/KXPGATOUR-PGC26-ARAI,https://polymarket.com/event/will-aaron-rai-win-the-2026-pga-championship,"[""Yes"", ""No""]","[""34152308123643256535218022049101301083988291565366046503481914813295444631320"", ""44268602255671956089723279113454555624479805399025236563752727559711260229733""]",Yes,2026-05-18,2026-05-31T04:00:00Z,2026-05-18
140,thorbjornsen,sports_fees_v2,0.0,2234608,will-michael-thorbjornsen-win-the-2026-pga-championship,https://polymarket.com/event/will-michael-thorbjornsen-win-the-2026-pga-championship,KXPGATOUR-PGC26-MTHO,,https://kalshi.com/markets/KXPGATOUR-PGC26-MTHO,https://polymarket.com/event/will-michael-thorbjornsen-win-the-2026-pga-championship,"[""Yes"", ""No""]","[""16512740167013939126839717829705225919431584702093983364916809601817806270061"", ""62447704267888217613453379838598619796635985840485233871486862299032320728297""]",Yes,2026-05-18,2026-05-31T04:00:00Z,2026-05-18
141,clark,sports_fees_v2,0.0,2234609,will-wyndham-clark-win-the-2026-pga-championship,https://polymarket.com/event/will-wyndham-clark-win-the-2026-pga-championship,KXPGATOUR-PGC26-WCLA,,https://kalshi.com/markets/KXPGATOUR-PGC26-WCLA,https://polymarket.com/event/will-wyndham-clark-win-the-2026-pga-championship,"[""Yes"", ""No""]","[""5007210958994153683243667050808720916909491460964532065362921551219201052464"", ""28653166979052249244049843554710905630599008091498910971598867764567435309709""]",Yes,2026-05-18,2026-05-31T04:00:00Z,2026-05-18
142,coody,sports_fees_v2,0.0,2234610,will-pierceson-coody-win-the-2026-pga-championship,https://polymarket.com/event/will-pierceson-coody-win-the-2026-pga-championship,KXPGATOUR-PGC26-PCOO,,https://kalshi.com/markets/KXPGATOUR-PGC26-PCOO,https://polymarket.com/event/will-pierceson-coody-win-the-2026-pga-championship,"[""Yes"", ""No""]","[""50372865108597628898440563096092333545775559172795369183689680526368072426697"", ""40529899973599925464704380129538422600504197508455981586465538090718137228145""]",Yes,2026-05-18,2026-05-31T04:00:00Z,2026-05-18
143,harman,sports_fees_v2,0.0,2234611,will-brian-harman-win-the-2026-pga-championship,https://polymarket.com/event/will-brian-harman-win-the-2026-pga-championship,KXPGATOUR-PGC26-BHAR,,https://kalshi.com/markets/KXPGATOUR-PGC26-BHAR,https://polymarket.com/event/will-brian-harman-win-the-2026-pga-championship,"[""Yes"", ""No""]","[""4686671439996699379364998170833222860540524501161302592314410474391657531250"", ""57869956869161700352269163061717456217824953883380237948821577668387827283430""]",Yes,2026-05-18,2026-05-31T04:00:00Z,2026-05-18
144,pendrith,sports_fees_v2,0.0,2234613,will-taylor-pendrith-win-the-2026-pga-championship,https://polymarket.com/event/will-taylor-pendrith-win-the-2026-pga-championship,KXPGATOUR-PGC26-TPEN,,https://kalshi.com/markets/KXPGATOUR-PGC26-TPEN,https://polymarket.com/event/will-taylor-pendrith-win-the-2026-pga-championship,"[""Yes"", ""No""]","[""10890116820531180265787050257496851709247101036865630144013848987684678352549"", ""69301501159189836052629846308187874133226963395891708474079207511979283058950""]",Yes,2026-05-18,2026-05-31T04:00:00Z,2026-05-18
145,potgieter,sports_fees_v2,0.0,2234615,will-aldrich-potgieter-win-the-2026-pga-championship,https://polymarket.com/event/will-aldrich-potgieter-win-the-2026-pga-championship,KXPGATOUR-PGC26-APOT,,https://kalshi.com/markets/KXPGATOUR-PGC26-APOT,https://polymarket.com/event/will-aldrich-potgieter-win-the-2026-pga-championship,"[""Yes"", ""No""]","[""100241961689361305829511136718880730313580577595815859165446097984901858053103"", ""87596505811584816399559725762224532434185635747480996868754065013474024326072""]",Yes,2026-05-18,2026-05-31T04:00:00Z,2026-05-18
146,smith,sports_fees_v2,0.0,2234616,will-cameron-smith-win-the-2026-pga-championship,https://polymarket.com/event/will-cameron-smith-win-the-2026-pga-championship,KXPGATOUR-PGC26-CSMI,,https://kalshi.com/markets/KXPGATOUR-PGC26-CSMI,https://polymarket.com/event/will-cameron-smith-win-the-2026-pga-championship,"[""Yes"", ""No""]","[""44778672612418800705860650409693610826323404495704279837772078215826601610830"", ""103889015428163683862844654116883104284921437357259378264216209481429602549938""]",Yes,2026-05-18,2026-05-31T04:00:00Z,2026-05-18
147,stevens,sports_fees_v2,0.0,2234618,will-sam-stevens-win-the-2026-pga-championship,https://polymarket.com/event/will-sam-stevens-win-the-2026-pga-championship,KXPGATOUR-PGC26-SSTE,,https://kalshi.com/markets/KXPGATOUR-PGC26-SSTE,https://polymarket.com/event/will-sam-stevens-win-the-2026-pga-championship,"[""Yes"", ""No""]","[""112750090081387732302745990804279600598077079494289364105435215095711310404352"", ""28362400303100859327905054212698667759995473133666008347186984296399037773110""]",Yes,2026-05-18,2026-05-31T04:00:00Z,2026-05-18
148,taylor,sports_fees_v2,0.0,2234619,will-nick-taylor-win-the-2026-pga-championship,https://polymarket.com/event/will-nick-taylor-win-the-2026-pga-championship,KXPGATOUR-PGC26-NTAY,,https://kalshi.com/markets/KXPGATOUR-PGC26-NTAY,https://polymarket.com/event/will-nick-taylor-win-the-2026-pga-championship,"[""Yes"", ""No""]","[""27649825752340574362366453979397470054732710999196695620294255539766493845064"", ""74902526952301671919246122019134473791840464361455505183211922670727618828439""]",Yes,2026-05-18,2026-05-31T04:00:00Z,2026-05-18
149,theegala,sports_fees_v2,0.0,2234620,will-sahith-theegala-win-the-2026-pga-championship,https://polymarket.com/event/will-sahith-theegala-win-the-2026-pga-championship,KXPGATOUR-PGC26-STHE,,https://kalshi.com/markets/KXPGATOUR-PGC26-STHE,https://polymarket.com/event/will-sahith-theegala-win-the-2026-pga-championship,"[""Yes"", ""No""]","[""16579291567358320068761666552706045212254404952458967075813639300478362641651"", ""95006747062155244466836493333041714887019733879105036983913880119758439785005""]",Yes,2026-05-18,2026-05-31T04:00:00Z,2026-05-18
150,wallace,sports_fees_v2,0.0,2234621,will-matt-wallace-win-the-2026-pga-championship,https://polymarket.com/event/will-matt-wallace-win-the-2026-pga-championship,KXPGATOUR-PGC26-MWAL,,https://kalshi.com/markets/KXPGATOUR-PGC26-MWAL,https://polymarket.com/event/will-matt-wallace-win-the-2026-pga-championship,"[""Yes"", ""No""]","[""66797510422996595837853682543268742301864920894155320312984075093588732653300"", ""76301411711433400010504422160603057720423159556776781513574148125936182423253""]",Yes,2026-05-18,2026-05-31T04:00:00Z,2026-05-18
151,berger,sports_fees_v2,0.0,2234623,will-daniel-berger-win-the-2026-pga-championship,https://polymarket.com/event/will-daniel-berger-win-the-2026-pga-championship,KXPGATOUR-PGC26-DBE,,https://kalshi.com/markets/KXPGATOUR-PGC26-DBE,https://polymarket.com/event/will-daniel-berger-win-the-2026-pga-championship,"[""Yes"", ""No""]","[""113563269074507428417426502653270045212341948392234254740374082970231068982698"", ""15131071688634253791706232147600786818309372219914313759905350128597094778710""]",Yes,2026-05-18,2026-05-31T04:00:00Z,2026-05-18
152,brennan,sports_fees_v2,0.0,2234624,will-michael-brennan-win-the-2026-pga-championship,https://polymarket.com/event/will-michael-brennan-win-the-2026-pga-championship,KXPGATOUR-PGC26-MBRE,,https://kalshi.com/markets/KXPGATOUR-PGC26-MBRE,https://polymarket.com/event/will-michael-brennan-win-the-2026-pga-championship,"[""Yes"", ""No""]","[""8862521001679509211764332495912822614344482465792058853823086887032571902212"", ""94641013601090400776943255147052291794408576506491012058707748630449792342350""]",Yes,2026-05-18,2026-05-31T04:00:00Z,2026-05-18
153,cauley,sports_fees_v2,0.0,2234625,will-bud-cauley-win-the-2026-pga-championship,https://polymarket.com/event/will-bud-cauley-win-the-2026-pga-championship,KXPGATOUR-PGC26-BCAU,,https://kalshi.com/markets/KXPGATOUR-PGC26-BCAU,https://polymarket.com/event/will-bud-cauley-win-the-2026-pga-championship,"[""Yes"", ""No""]","[""103990704796178416887783206614910193785783930623714105403717724624339696661403"", ""26658123069251191340207759091144114346920004066341356216148648234475176245699""]",Yes,2026-05-18,2026-05-31T04:00:00Z,2026-05-18
154,fox,sports_fees_v2,0.0,2234626,will-ryan-fox-win-the-2026-pga-championship,https://polymarket.com/event/will-ryan-fox-win-the-2026-pga-championship,KXPGATOUR-PGC26-RFOX,,https://kalshi.com/markets/KXPGATOUR-PGC26-RFOX,https://polymarket.com/event/will-ryan-fox-win-the-2026-pga-championship,"[""Yes"", ""No""]","[""91515515708163352279632333168902755599467657676040081652202581537258729766002"", ""34864968834079043507376684779755170919962274086333076877253601108222451671664""]",Yes,2026-05-18,2026-05-31T04:00:00Z,2026-05-18
155,gerard,sports_fees_v2,0.0,2234627,will-ryan-gerard-win-the-2026-pga-championship,https://polymarket.com/event/will-ryan-gerard-win-the-2026-pga-championship,KXPGATOUR-PGC26-RGER,,https://kalshi.com/markets/KXPGATOUR-PGC26-RGER,https://polymarket.com/event/will-ryan-gerard-win-the-2026-pga-championship,"[""Yes"", ""No""]","[""85667952169621736258783211548468973402659599715296674052563327696471183349923"", ""64388953631385422471482938838516993223349591753657871018531241345052153819162""]",Yes,2026-05-18,2026-05-31T04:00:00Z,2026-05-18
156,hisatsune,sports_fees_v2,0.0,2234628,will-ryo-hisatsune-win-the-2026-pga-championship,https://polymarket.com/event/will-ryo-hisatsune-win-the-2026-pga-championship,KXPGATOUR-PGC26-RHIS,,https://kalshi.com/markets/KXPGATOUR-PGC26-RHIS,https://polymarket.com/event/will-ryo-hisatsune-win-the-2026-pga-championship,"[""Yes"", ""No""]","[""23575155082273842330845926362742092706861065402353324629633659787380057835525"", ""57179597455019599016538193186118385436713821503765708299291025390629171653792""]",Yes,2026-05-18,2026-05-31T04:00:00Z,2026-05-18
157,homa,sports_fees_v2,0.0,2234630,will-max-homa-win-the-2026-pga-championship,https://polymarket.com/event/will-max-homa-win-the-2026-pga-championship,KXPGATOUR-PGC26-MHOM,,https://kalshi.com/markets/KXPGATOUR-PGC26-MHOM,https://polymarket.com/event/will-max-homa-win-the-2026-pga-championship,"[""Yes"", ""No""]","[""48193925349822736449594368303466804728911213698519126977016433299675249693285"", ""10023354028817950427993489678822019748528405783033201972113706467178501880392""]",Yes,2026-05-18,2026-05-31T04:00:00Z,2026-05-18
158,johnson,sports_fees_v2,0.0,2234631,will-dustin-johnson-win-the-2026-pga-championship,https://polymarket.com/event/will-dustin-johnson-win-the-2026-pga-championship,KXPGATOUR-PGC26-DJOH,,https://kalshi.com/markets/KXPGATOUR-PGC26-DJOH,https://polymarket.com/event/will-dustin-johnson-win-the-2026-pga-championship,"[""Yes"", ""No""]","[""99328096241354534189429977771155741211820142633003098079310870262015719600348"", ""9513511479103432234548760748973365921136719977880066685306490118936457042919""]",Yes,2026-05-18,2026-05-31T04:00:00Z,2026-05-18
159,mckibbin,sports_fees_v2,0.0,2234632,will-tom-mckibbin-win-the-2026-pga-championship,https://polymarket.com/event/will-tom-mckibbin-win-the-2026-pga-championship,KXPGATOUR-PGC26-TMCK,,https://kalshi.com/markets/KXPGATOUR-PGC26-TMCK,https://polymarket.com/event/will-tom-mckibbin-win-the-2026-pga-championship,"[""Yes"", ""No""]","[""86877844366066405300421744251606868587947803613217438432327220379231770221905"", ""111213065350902303511757751705808777909722936278442822479748310315423465749763""]",Yes,2026-05-18,2026-05-31T04:00:00Z,2026-05-18
160,mitchell,sports_fees_v2,0.0,2234633,will-keith-mitchell-win-the-2026-pga-championship,https://polymarket.com/event/will-keith-mitchell-win-the-2026-pga-championship,KXPGATOUR-PGC26-KMIT,,https://kalshi.com/markets/KXPGATOUR-PGC26-KMIT,https://polymarket.com/event/will-keith-mitchell-win-the-2026-pga-championship,"[""Yes"", ""No""]","[""1050986210076534665688343077613641967942069446536355877976525283199671247002"", ""11007369271691881849896346562557014006620292904123964002006003298543140569993""]",Yes,2026-05-18,2026-05-31T04:00:00Z,2026-05-18
161,keefer,sports_fees_v2,0.0,2234634,will-john-keefer-win-the-2026-pga-championship,https://polymarket.com/event/will-john-keefer-win-the-2026-pga-championship,KXPGATOUR-PGC26-JKEE,,https://kalshi.com/markets/KXPGATOUR-PGC26-JKEE,https://polymarket.com/event/will-john-keefer-win-the-2026-pga-championship,"[""Yes"", ""No""]","[""30496603598184212981574485307672291403417372509950699806262051737917070353771"", ""25734150828347492101551549147281252510943872441695527109088789761666647970874""]",Yes,2026-05-18,2026-05-31T04:00:00Z,2026-05-18
162,novak,sports_fees_v2,0.0,2234636,will-andrew-novak-win-the-2026-pga-championship,https://polymarket.com/event/will-andrew-novak-win-the-2026-pga-championship,KXPGATOUR-PGC26-ANOV,,https://kalshi.com/markets/KXPGATOUR-PGC26-ANOV,https://polymarket.com/event/will-andrew-novak-win-the-2026-pga-championship,"[""Yes"", ""No""]","[""74800386605873115954686479601193204884192566239911979346067900270089370685399"", ""36663411255373296060901816535800187017160657527488409784505264825134166836699""]",Yes,2026-05-18,2026-05-31T04:00:00Z,2026-05-18
163,parry,sports_fees_v2,0.0,2234637,will-john-parry-win-the-2026-pga-championship,https://polymarket.com/event/will-john-parry-win-the-2026-pga-championship,KXPGATOUR-PGC26-JOP,,https://kalshi.com/markets/KXPGATOUR-PGC26-JOP,https://polymarket.com/event/will-john-parry-win-the-2026-pga-championship,"[""Yes"", ""No""]","[""304963608115027483602757244471409452960882720224409984567777901637998214728"", ""27607555539349170266393699353713158702554087148354984682440423048515831073357""]",Yes,2026-05-18,2026-05-31T04:00:00Z,2026-05-18
164,putnam,sports_fees_v2,0.0,2234638,will-andrew-putnam-win-the-2026-pga-championship,https://polymarket.com/event/will-andrew-putnam-win-the-2026-pga-championship,KXPGATOUR-PGC26-APUT,,https://kalshi.com/markets/KXPGATOUR-PGC26-APUT,https://polymarket.com/event/will-andrew-putnam-win-the-2026-pga-championship,"[""Yes"", ""No""]","[""107934474842170957737487588241173578069250729800298033961474088061638690692218"", ""82980149941957665956798648581599710485191951029594319235454554251721225740451""]",Yes,2026-05-18,2026-05-31T04:00:00Z,2026-05-18
165,rodgers,sports_fees_v2,0.0,2234639,will-patrick-rodgers-win-the-2026-pga-championship,https://polymarket.com/event/will-patrick-rodgers-win-the-2026-pga-championship,KXPGATOUR-PGC26-PROD,,https://kalshi.com/markets/KXPGATOUR-PGC26-PROD,https://polymarket.com/event/will-patrick-rodgers-win-the-2026-pga-championship,"[""Yes"", ""No""]","[""3614068905237189304369793075720198646868283040506319892100326749142969995330"", ""95630192833832387416465697911255317553143563077924087830526065950469796219406""]",Yes,2026-05-18,2026-05-31T04:00:00Z,2026-05-18
166,schaper,sports_fees_v2,0.0,2234640,will-jayden-schaper-win-the-2026-pga-championship,https://polymarket.com/event/will-jayden-schaper-win-the-2026-pga-championship,KXPGATOUR-PGC26-JSCH,,https://kalshi.com/markets/KXPGATOUR-PGC26-JSCH,https://polymarket.com/event/will-jayden-schaper-win-the-2026-pga-championship,"[""Yes"", ""No""]","[""9027545534737656504926670005722439869933957836698901985164955444852947121535"", ""15984788458727656655618638165811044516289337579098950608237582865372288770781""]",Yes,2026-05-18,2026-05-31T04:00:00Z,2026-05-18
167,schmid,sports_fees_v2,0.0,2234641,will-matti-schmid-win-the-2026-pga-championship,https://polymarket.com/event/will-matti-schmid-win-the-2026-pga-championship,KXPGATOUR-PGC26-MSCH,,https://kalshi.com/markets/KXPGATOUR-PGC26-MSCH,https://polymarket.com/event/will-matti-schmid-win-the-2026-pga-championship,"[""Yes"", ""No""]","[""21774445772325781629704289959677150265354486024049923372060924482336335241678"", ""19165392914588440126481303529342843044683691059071039756779266054304464839963""]",Yes,2026-05-18,2026-05-31T04:00:00Z,2026-05-18
168,smotherman,sports_fees_v2,0.0,2234642,will-austin-smotherman-win-the-2026-pga-championship,https://polymarket.com/event/will-austin-smotherman-win-the-2026-pga-championship,KXPGATOUR-PGC26-ASMO,,https://kalshi.com/markets/KXPGATOUR-PGC26-ASMO,https://polymarket.com/event/will-austin-smotherman-win-the-2026-pga-championship,"[""Yes"", ""No""]","[""24654448543518926095364125481819469439212655041795321194628836646310583872415"", ""88496290830949259764719680301795027862424645451838977630747792717290842422244""]",Yes,2026-05-18,2026-05-31T04:00:00Z,2026-05-18
169,smylie,sports_fees_v2,0.0,2234643,will-elvis-smylie-win-the-2026-pga-championship,https://polymarket.com/event/will-elvis-smylie-win-the-2026-pga-championship,KXPGATOUR-PGC26-ESMY,,https://kalshi.com/markets/KXPGATOUR-PGC26-ESMY,https://polymarket.com/event/will-elvis-smylie-win-the-2026-pga-championship,"[""Yes"", ""No""]","[""93190545990003515990128840542550426622365808166747360375875344237859837039384"", ""45759585389234043118780325494457080029472306806426716922726132573711416075784""]",Yes,2026-05-18,2026-05-31T04:00:00Z,2026-05-18
170,valimaki,sports_fees_v2,0.0,2234644,will-sami-valimaki-win-the-2026-pga-championship,https://polymarket.com/event/will-sami-valimaki-win-the-2026-pga-championship,KXPGATOUR-PGC26-SVAL,,https://kalshi.com/markets/KXPGATOUR-PGC26-SVAL,https://polymarket.com/event/will-sami-valimaki-win-the-2026-pga-championship,"[""Yes"", ""No""]","[""91125043462692051970277681959638842523055274125610907146773860496978413999759"", ""105748915759110660347302491556043135747372707938646200597561254989388810189279""]",Yes,2026-05-18,2026-05-31T04:00:00Z,2026-05-18
171,wiesberger,sports_fees_v2,0.0,2234645,will-bernd-wiesberger-win-the-2026-pga-championship,https://polymarket.com/event/will-bernd-wiesberger-win-the-2026-pga-championship,KXPGATOUR-PGC26-BWIE,,https://kalshi.com/markets/KXPGATOUR-PGC26-BWIE,https://polymarket.com/event/will-bernd-wiesberger-win-the-2026-pga-championship,"[""Yes"", ""No""]","[""35098681627761928227830105011467764364359166869023258166847393503934539928804"", ""83694949254889943438278652720422168305053832463982577390545098292853184691051""]",Yes,2026-05-18,2026-05-31T04:00:00Z,2026-05-18
172,snedeker,sports_fees_v2,0.0,2234646,will-brandt-snedeker-win-the-2026-pga-championship,https://polymarket.com/event/will-brandt-snedeker-win-the-2026-pga-championship,KXPGATOUR-PGC26-BSNE,,https://kalshi.com/markets/KXPGATOUR-PGC26-BSNE,https://polymarket.com/event/will-brandt-snedeker-win-the-2026-pga-championship,"[""Yes"", ""No""]","[""105585883549479670342153532333271097282162204415459954376458126835733034675967"", ""16796360619300960012048807689509976682252818139003684164595630621223511998378""]",Yes,2026-05-18,2026-05-31T04:00:00Z,2026-05-18
173,bezuidenhout,sports_fees_v2,0.0,2234647,will-christiaan-bezuidenhout-win-the-2026-pga-championship,https://polymarket.com/event/will-christiaan-bezuidenhout-win-the-2026-pga-championship,KXPGATOUR-PGC26-CBEZ,,https://kalshi.com/markets/KXPGATOUR-PGC26-CBEZ,https://polymarket.com/event/will-christiaan-bezuidenhout-win-the-2026-pga-championship,"[""Yes"", ""No""]","[""107323437704443149325593112790254939517659059379567519239071800896860206927420"", ""54315859728711676469538167923446760525949418939703391556439183255047127464236""]",Yes,2026-05-18,2026-05-31T04:00:00Z,2026-05-18
174,brown,sports_fees_v2,0.0,2234648,will-daniel-brown-win-the-2026-pga-championship,https://polymarket.com/event/will-daniel-brown-win-the-2026-pga-championship,KXPGATOUR-PGC26-DBRO,,https://kalshi.com/markets/KXPGATOUR-PGC26-DBRO,https://polymarket.com/event/will-daniel-brown-win-the-2026-pga-championship,"[""Yes"", ""No""]","[""7371729053349606338089612088313650193668413923410781866071662287652519661971"", ""21529537059420158123246382960200726931955630111526800128656077443095955044457""]",Yes,2026-05-18,2026-05-31T04:00:00Z,2026-05-18
175,castillo,sports_fees_v2,0.0,2234649,will-ricky-castillo-win-the-2026-pga-championship,https://polymarket.com/event/will-ricky-castillo-win-the-2026-pga-championship,KXPGATOUR-PGC26-RCAS,,https://kalshi.com/markets/KXPGATOUR-PGC26-RCAS,https://polymarket.com/event/will-ricky-castillo-win-the-2026-pga-championship,"[""Yes"", ""No""]","[""106702233628680204516692895738334124352623712216812324820237323757472049235192"", ""66963015365204281804563951465483979812119302756871037210210685831496944695145""]",Yes,2026-05-18,2026-05-31T04:00:00Z,2026-05-18
176,cink,sports_fees_v2,0.0,2234650,will-stewart-cink-win-the-2026-pga-championship,https://polymarket.com/event/will-stewart-cink-win-the-2026-pga-championship,KXPGATOUR-PGC26-SCIN,,https://kalshi.com/markets/KXPGATOUR-PGC26-SCIN,https://polymarket.com/event/will-stewart-cink-win-the-2026-pga-championship,"[""Yes"", ""No""]","[""48330781745246122408355141023596879934508142729162928439018957250754658734119"", ""81816012966468601270453666379985383951834910323422439873596027430625940142286""]",Yes,2026-05-18,2026-05-31T04:00:00Z,2026-05-18
177,echavarria,sports_fees_v2,0.0,2234651,will-nicolas-echavarria-win-the-2026-pga-championship,https://polymarket.com/event/will-nicolas-echavarria-win-the-2026-pga-championship,KXPGATOUR-PGC26-NECH,,https://kalshi.com/markets/KXPGATOUR-PGC26-NECH,https://polymarket.com/event/will-nicolas-echavarria-win-the-2026-pga-championship,"[""Yes"", ""No""]","[""52238525751808706992805807580546471463865262767737972790748736742408064106588"", ""102045511048205317524172094514952685391237066707668072108531439736250537675441""]",Yes,2026-05-18,2026-05-31T04:00:00Z,2026-05-18
178,fisk,sports_fees_v2,0.0,2234652,will-steven-fisk-win-the-2026-pga-championship,https://polymarket.com/event/will-steven-fisk-win-the-2026-pga-championship,KXPGATOUR-PGC26-SFIS,,https://kalshi.com/markets/KXPGATOUR-PGC26-SFIS,https://polymarket.com/event/will-steven-fisk-win-the-2026-pga-championship,"[""Yes"", ""No""]","[""67503403693382184569059317575753985860094101227658740734494038955488389945395"", ""9581804556851251783438400007788703070927341259021903004185254647108092299398""]",Yes,2026-05-18,2026-05-31T04:00:00Z,2026-05-18
179,glover,sports_fees_v2,0.0,2234653,will-lucas-glover-win-the-2026-pga-championship,https://polymarket.com/event/will-lucas-glover-win-the-2026-pga-championship,KXPGATOUR-PGC26-LGLO,,https://kalshi.com/markets/KXPGATOUR-PGC26-LGLO,https://polymarket.com/event/will-lucas-glover-win-the-2026-pga-championship,"[""Yes"", ""No""]","[""33280913364593858843459745283956691728167308265559020299454731577875840927420"", ""63928829948209904640114893288444366874336042641514325835422608347029689220227""]",Yes,2026-05-18,2026-05-31T04:00:00Z,2026-05-18
