sport,league,confidence,shared_teams,days_apart,poly_market_id,poly_title,poly_outcome,poly_teams,poly_date,poly_url,poly_slug,poly_event_url,poly_outcomes,poly_token_ids,expiry_poly_utc,resolution_time,kalshi_event_ticker,kalshi_market_id,kalshi_title,kalshi_teams,kalshi_date,kalshi_url,expiry_kalshi_utc
Ice Hockey,NHL,high,panthers; senators,0,1576071,panthers senators,Panthers,Panthers; Senators,2026-04-09,https://polymarket.com/event/nhl-fla-ott-2026-04-09,nhl-fla-ott-2026-04-09,https://polymarket.com/event/nhl-fla-ott-2026-04-09,"[""Panthers"", ""Senators""]","[""92051254134218278128648452794819712756181892225563582260768410137660378089277"", ""99232498359201091816250336864369900831042600103477155519557357283805608148601""]",2026-04-09,2026-04-09,KXNHLGAME-26APR09FLAOTT,KXNHLGAME-26APR09FLAOTT-FLA,Florida at Ottawa Winner?,Panthers; Senators,2026-04-09,https://kalshi.com/markets/KXNHLGAME-26APR09FLAOTT-FLA,2026-04-23T23:00:00Z
Ice Hockey,NHL,high,islanders; maple leafs,0,1576082,islanders maple leafs,Islanders,Islanders; Maple Leafs,2026-04-09,https://polymarket.com/event/nhl-tor-nyi-2026-04-09,nhl-tor-nyi-2026-04-09,https://polymarket.com/event/nhl-tor-nyi-2026-04-09,"[""Islanders"", ""Maple Leafs""]","[""24708477020502080529182226975397565107450435776753302895215752821621643729536"", ""73937525228728884004780458083667740107161549259623347822421494235852556866766""]",2026-04-09,2026-04-09,KXNHLGAME-26APR09TORNYI,KXNHLGAME-26APR09TORNYI-NYI,Toronto at New York I Winner?,Maple Leafs; Islanders,2026-04-09,https://kalshi.com/markets/KXNHLGAME-26APR09TORNYI-NYI,2026-04-23T22:45:00Z
Ice Hockey,NHL,high,devils; penguins,0,1576093,devils penguins,Devils,Devils; Penguins,2026-04-09,https://polymarket.com/event/nhl-pit-nj-2026-04-09,nhl-pit-nj-2026-04-09,https://polymarket.com/event/nhl-pit-nj-2026-04-09,"[""Devils"", ""Penguins""]","[""39347799420429897761464633228018721052265458880982136758888972160283273830849"", ""9372359922810277767390340801612972188675975186959338151785685530743340548590""]",2026-04-09,2026-04-09,KXNHLGAME-26APR09PITNJ,KXNHLGAME-26APR09PITNJ-NJ,Pittsburgh at New Jersey Winner?,Penguins; Devils,2026-04-09,https://kalshi.com/markets/KXNHLGAME-26APR09PITNJ-NJ,2026-04-23T23:00:00Z
Ice Hockey,NHL,high,canadiens; lightning,0,1576098,canadiens lightning,Canadiens,Canadiens; Lightning,2026-04-09,https://polymarket.com/event/nhl-tb-mon-2026-04-09,nhl-tb-mon-2026-04-09,https://polymarket.com/event/nhl-tb-mon-2026-04-09,"[""Canadiens"", ""Lightning""]","[""48155890052329329846573688679950425827768153791797577040059148627392328032478"", ""29738267695116464990755332192732330143739943571262569690096926147578184533784""]",2026-04-09,2026-04-09,KXNHLGAME-26APR09TBMTL,KXNHLGAME-26APR09TBMTL-MTL,Tampa Bay at Montreal Winner?,Lightning; Canadiens,2026-04-09,https://kalshi.com/markets/KXNHLGAME-26APR09TBMTL-MTL,2026-04-23T23:00:00Z
Ice Hockey,NHL,high,flyers; red wings,0,1576103,flyers red wings,Flyers,Flyers; Red Wings,2026-04-09,https://polymarket.com/event/nhl-phi-det-2026-04-09,nhl-phi-det-2026-04-09,https://polymarket.com/event/nhl-phi-det-2026-04-09,"[""Flyers"", ""Red Wings""]","[""59755268972028917954021736372935805558712555153355845573457658468638305830895"", ""74026050067939017951136024271604786274916248300415419750472845107161607407889""]",2026-04-09,2026-04-09,KXNHLGAME-26APR09PHIDET,KXNHLGAME-26APR09PHIDET-PHI,Philadelphia at Detroit Winner?,Flyers; Red Wings,2026-04-09,https://kalshi.com/markets/KXNHLGAME-26APR09PHIDET-PHI,2026-04-23T23:00:00Z
Ice Hockey,NHL,high,blue jackets; sabres,0,1576108,blue jackets sabres,Blue Jackets,Blue Jackets; Sabres,2026-04-09,https://polymarket.com/event/nhl-cbj-buf-2026-04-09,nhl-cbj-buf-2026-04-09,https://polymarket.com/event/nhl-cbj-buf-2026-04-09,"[""Blue Jackets"", ""Sabres""]","[""65354679634370081601529800305535134806715798058364028360242078365296687351292"", ""19232118537612212441560996122826673343944741222476594296971221608869458105152""]",2026-04-09,2026-04-09,KXNHLGAME-26APR09CBJBUF,KXNHLGAME-26APR09CBJBUF-CBJ,Columbus at Buffalo Winner?,Blue Jackets; Sabres,2026-04-09,https://kalshi.com/markets/KXNHLGAME-26APR09CBJBUF-CBJ,2026-04-23T23:00:00Z
Baseball,KBO,high,doosan bears; kiwoom heroes,0,1844547,doosan bears kiwoom heroes,Doosan Bears,Doosan Bears; Kiwoom Heroes,2026-04-09,https://polymarket.com/event/kbo-kiw-doo-2026-04-09,kbo-kiw-doo-2026-04-09,https://polymarket.com/event/kbo-kiw-doo-2026-04-09,"[""Doosan Bears"", ""Kiwoom Heroes""]","[""27542284364283801633666454413823946381433857676456338705759282616993477952681"", ""33695597537458489774687447142916032024004638331380838600383583347776523338470""]",2026-04-16,2026-04-16,KXKBOGAME-26APR090530KIWDOO,KXKBOGAME-26APR090530KIWDOO-DOO,Kiwoom Heroes vs Doosan Bears winner?,Kiwoom Heroes; Doosan Bears,2026-04-09,https://kalshi.com/markets/KXKBOGAME-26APR090530KIWDOO-DOO,2026-04-12T14:00:00Z
Baseball,KBO,high,hanwha eagles; ssg landers,0,1844551,hanwha eagles ssg landers,Hanwha Eagles,Hanwha Eagles; SSG Landers,2026-04-09,https://polymarket.com/event/kbo-han-ssg-2026-04-09,kbo-han-ssg-2026-04-09,https://polymarket.com/event/kbo-han-ssg-2026-04-09,"[""Hanwha Eagles"", ""SSG Landers""]","[""53132685935246362650425288168769731787047037607420498691584536674843461290186"", ""86792364096019099768846705707676333982019581945654083922766727539571955637415""]",2026-04-16,2026-04-16,KXKBOGAME-26APR090530HANSSG,KXKBOGAME-26APR090530HANSSG-HAN,Hanwha Eagles vs SSG Landers winner?,Hanwha Eagles; SSG Landers,2026-04-09,https://kalshi.com/markets/KXKBOGAME-26APR090530HANSSG-HAN,2026-04-12T14:00:00Z
Baseball,KBO,high,kt wiz; lotte giants,0,1844566,kt wiz lotte giants,KT Wiz,KT Wiz; Lotte Giants,2026-04-09,https://polymarket.com/event/kbo-kt-lot-2026-04-09,kbo-kt-lot-2026-04-09,https://polymarket.com/event/kbo-kt-lot-2026-04-09,"[""KT Wiz"", ""Lotte Giants""]","[""24888214014909599341874521918542873745563139599502257377878711862794262647317"", ""100101392864487963407716623712873162186783500641236359095394159241747475529493""]",2026-04-16,2026-04-16,KXKBOGAME-26APR090530KTWLOT,KXKBOGAME-26APR090530KTWLOT-KTW,KT Wiz vs Lotte Giants winner?,KT Wiz; Lotte Giants,2026-04-09,https://kalshi.com/markets/KXKBOGAME-26APR090530KTWLOT-KTW,2026-04-12T14:00:00Z
Baseball,KBO,high,lg twins; nc dinos,0,1844575,lg twins nc dinos,LG Twins,LG Twins; NC Dinos,2026-04-09,https://polymarket.com/event/kbo-lg-nc-2026-04-09,kbo-lg-nc-2026-04-09,https://polymarket.com/event/kbo-lg-nc-2026-04-09,"[""LG Twins"", ""NC Dinos""]","[""74976443312161872685034435340784481928085151264349676805333732469233089502708"", ""25991594780672865299341461764645237946367635972066834505116597028443309689493""]",2026-04-16,2026-04-16,KXKBOGAME-26APR090530LGNCD,KXKBOGAME-26APR090530LGNCD-LG,LG Twins vs NC Dinos winner?,LG Twins; NC Dinos,2026-04-09,https://kalshi.com/markets/KXKBOGAME-26APR090530LGNCD-LG,2026-04-12T14:00:00Z
Baseball,KBO,high,kia tigers; samsung lions,0,1844590,kia tigers samsung lions,Kia Tigers,Kia Tigers; Samsung Lions,2026-04-09,https://polymarket.com/event/kbo-sam-kia-2026-04-09,kbo-sam-kia-2026-04-09,https://polymarket.com/event/kbo-sam-kia-2026-04-09,"[""Kia Tigers"", ""Samsung Lions""]","[""8021252675705540489618421713053401689926993297553107818793890213201590359631"", ""97439509830350502609195656386890720506605068961430239049231407323395177370538""]",2026-04-16,2026-04-16,KXKBOGAME-26APR090530SAMKIA,KXKBOGAME-26APR090530SAMKIA-KIA,Samsung Lions vs Kia Tigers winner?,Samsung Lions; Kia Tigers,2026-04-09,https://kalshi.com/markets/KXKBOGAME-26APR090530SAMKIA-KIA,2026-04-12T14:00:00Z
Baseball,MLB,high,blue jays; dodgers,0,1829062,dodgers blue jays,Los Angeles Dodgers,Dodgers; Blue Jays,2026-04-08,https://polymarket.com/event/mlb-lad-tor-2026-04-08,mlb-lad-tor-2026-04-08,https://polymarket.com/event/mlb-lad-tor-2026-04-08,"[""Los Angeles Dodgers"", ""Toronto Blue Jays""]","[""10740033012926709938783313673782521781576950064520308379559008722192253299507"", ""27312698338372767590576438430916913890112935519561649858092508302966023718071""]",2026-04-15,2026-04-15,KXMLBGAME-26APR081507LADTOR,KXMLBGAME-26APR081507LADTOR-LAD,Los Angeles D vs Toronto Winner?,Dodgers; Blue Jays,2026-04-08,https://kalshi.com/markets/KXMLBGAME-26APR081507LADTOR-LAD,2026-04-11T14:00:00Z
Baseball,MLB,high,astros; rockies,0,1829064,rockies astros,Colorado Rockies,Rockies; Astros,2026-04-08,https://polymarket.com/event/mlb-hou-col-2026-04-08,mlb-hou-col-2026-04-08,https://polymarket.com/event/mlb-hou-col-2026-04-08,"[""Colorado Rockies"", ""Houston Astros""]","[""13045819981597014855758403810426835157044867076059342305050197985191242485554"", ""12254842587363470857001869907989339449930878278357114511971780891158599592223""]",2026-04-15,2026-04-15,KXMLBGAME-26APR081510HOUCOL,KXMLBGAME-26APR081510HOUCOL-COL,Houston vs Colorado Winner?,Astros; Rockies,2026-04-08,https://kalshi.com/markets/KXMLBGAME-26APR081510HOUCOL-COL,2026-04-11T14:00:00Z
Baseball,MLB,high,giants; phillies,0,1829066,phillies giants,Philadelphia Phillies,Phillies; Giants,2026-04-08,https://polymarket.com/event/mlb-phi-sf-2026-04-08,mlb-phi-sf-2026-04-08,https://polymarket.com/event/mlb-phi-sf-2026-04-08,"[""Philadelphia Phillies"", ""San Francisco Giants""]","[""54371155311974402527016527742414047390700215821473125687907502141223593994241"", ""17826656592584865436834238645562708412128379611526632108121821593762814144955""]",2026-04-15,2026-04-15,KXMLBGAME-26APR081545PHISF,KXMLBGAME-26APR081545PHISF-PHI,Philadelphia vs San Francisco Winner?,Phillies; Giants,2026-04-08,https://kalshi.com/markets/KXMLBGAME-26APR081545PHISF-PHI,2026-04-11T14:00:00Z
Baseball,MLB,high,cardinals; nationals,0,1829068,cardinals nationals,St. Louis Cardinals,Cardinals; Nationals,2026-04-08,https://polymarket.com/event/mlb-stl-wsh-2026-04-08,mlb-stl-wsh-2026-04-08,https://polymarket.com/event/mlb-stl-wsh-2026-04-08,"[""St. Louis Cardinals"", ""Washington Nationals""]","[""17515607534812999041717110884278275922018698359798713178075654620361621814414"", ""59567543068353553892159045531240182005434212683238535299539218112505134680717""]",2026-04-15,2026-04-15,KXMLBGAME-26APR081605STLWSH,KXMLBGAME-26APR081605STLWSH-STL,St. Louis vs Washington Winner?,Cardinals; Nationals,2026-04-08,https://kalshi.com/markets/KXMLBGAME-26APR081605STLWSH-STL,2026-04-11T14:00:00Z
Baseball,MLB,high,angels; braves,0,1829071,braves angels,Atlanta Braves,Braves; Angels,2026-04-08,https://polymarket.com/event/mlb-atl-laa-2026-04-08,mlb-atl-laa-2026-04-08,https://polymarket.com/event/mlb-atl-laa-2026-04-08,"[""Atlanta Braves"", ""Los Angeles Angels""]","[""75293629014064770328726432885444871056971983873370487040196089123133209273926"", ""114090555141983795527345506774288181542533427944259172403974309060515774468675""]",2026-04-15,2026-04-15,KXMLBGAME-26APR081607ATLLAA,KXMLBGAME-26APR081607ATLLAA-ATL,Atlanta vs Los Angeles A Winner?,Braves; Angels,2026-04-08,https://kalshi.com/markets/KXMLBGAME-26APR081607ATLLAA-ATL,2026-04-11T14:00:00Z
Baseball,MLB,high,marlins; reds,0,1829073,reds marlins,Cincinnati Reds,Reds; Marlins,2026-04-08,https://polymarket.com/event/mlb-cin-mia-2026-04-08,mlb-cin-mia-2026-04-08,https://polymarket.com/event/mlb-cin-mia-2026-04-08,"[""Cincinnati Reds"", ""Miami Marlins""]","[""2403260698225660798210860314582701765908836710884735496045246307509277648920"", ""79107461819093791425880068345815634114537814727640228753038121071401121046010""]",2026-04-15,2026-04-15,KXMLBGAME-26APR081840CINMIA,KXMLBGAME-26APR081840CINMIA-CIN,Cincinnati vs Miami Winner?,Reds; Marlins,2026-04-08,https://kalshi.com/markets/KXMLBGAME-26APR081840CINMIA-CIN,2026-04-11T14:00:00Z
Baseball,MLB,high,marlins; reds,0,1844632,reds marlins,Cincinnati Reds,Reds; Marlins,2026-04-09,https://polymarket.com/event/mlb-cin-mia-2026-04-09,mlb-cin-mia-2026-04-09,https://polymarket.com/event/mlb-cin-mia-2026-04-09,"[""Cincinnati Reds"", ""Miami Marlins""]","[""20231811853655481545057633462480601574938055495839824387330267229179183297479"", ""101263462382582728685927173513365351357125224626256987459161918581750018137206""]",2026-04-16,2026-04-16,KXMLBGAME-26APR091210CINMIA,KXMLBGAME-26APR091210CINMIA-CIN,Cincinnati vs Miami Winner?,Reds; Marlins,2026-04-09,https://kalshi.com/markets/KXMLBGAME-26APR091210CINMIA-CIN,2026-04-12T14:00:00Z
Baseball,MLB,high,cubs; rays,0,1829075,cubs rays,Chicago Cubs,Cubs; Rays,2026-04-08,https://polymarket.com/event/mlb-chc-tb-2026-04-08,mlb-chc-tb-2026-04-08,https://polymarket.com/event/mlb-chc-tb-2026-04-08,"[""Chicago Cubs"", ""Tampa Bay Rays""]","[""71959119295560957405003494282047995051013148211901718469572324786820226993773"", ""101365194346607207215067055817443786399183615311846035818948380147143227895187""]",2026-04-15,2026-04-15,KXMLBGAME-26APR081840CHCTB,KXMLBGAME-26APR081840CHCTB-CHC,Chicago C vs Tampa Bay Winner?,Cubs; Rays,2026-04-08,https://kalshi.com/markets/KXMLBGAME-26APR081840CHCTB-CHC,2026-04-11T14:00:00Z
Baseball,MLB,high,athletics; yankees,0,1829077,athletics yankees,Athletics,Athletics; Yankees,2026-04-08,https://polymarket.com/event/mlb-oak-nyy-2026-04-08,mlb-oak-nyy-2026-04-08,https://polymarket.com/event/mlb-oak-nyy-2026-04-08,"[""Athletics"", ""New York Yankees""]","[""66020666250153010726059869334591993003150592180799527755725607319944751118103"", ""101734159661148424611658163097433426194375587895364963820133186003145158010056""]",2026-04-15,2026-04-15,KXMLBGAME-26APR081905ATHNYY,KXMLBGAME-26APR081905ATHNYY-ATH,A's vs New York Y Winner?,Athletics; Yankees,2026-04-08,https://kalshi.com/markets/KXMLBGAME-26APR081905ATHNYY-ATH,2026-04-11T14:00:00Z
Baseball,MLB,high,athletics; yankees,0,1844640,athletics yankees,Athletics,Athletics; Yankees,2026-04-09,https://polymarket.com/event/mlb-oak-nyy-2026-04-09,mlb-oak-nyy-2026-04-09,https://polymarket.com/event/mlb-oak-nyy-2026-04-09,"[""Athletics"", ""New York Yankees""]","[""71759864859740100668209622088034938301407895965841823455822383219881986406118"", ""11288746517240778598268659264990975625159771877520977852387908447518817626077""]",2026-04-16,2026-04-16,KXMLBGAME-26APR091335ATHNYY,KXMLBGAME-26APR091335ATHNYY-ATH,A's vs New York Y Winner?,Athletics; Yankees,2026-04-09,https://kalshi.com/markets/KXMLBGAME-26APR091335ATHNYY-ATH,2026-04-12T14:00:00Z
Baseball,MLB,high,diamondbacks; mets,0,1829079,diamondbacks mets,Arizona Diamondbacks,Diamondbacks; Mets,2026-04-08,https://polymarket.com/event/mlb-ari-nym-2026-04-08,mlb-ari-nym-2026-04-08,https://polymarket.com/event/mlb-ari-nym-2026-04-08,"[""Arizona Diamondbacks"", ""New York Mets""]","[""84313736410489759024004553779819783735564347752116757421023996144998058068244"", ""65071164595146990290875581339904271715704007989053085159726863725012068403553""]",2026-04-15,2026-04-15,KXMLBGAME-26APR081910AZNYM,KXMLBGAME-26APR081910AZNYM-AZ,Arizona vs New York M Winner?,Diamondbacks; Mets,2026-04-08,https://kalshi.com/markets/KXMLBGAME-26APR081910AZNYM-AZ,2026-04-11T14:00:00Z
Baseball,MLB,high,diamondbacks; mets,0,1844656,diamondbacks mets,Arizona Diamondbacks,Diamondbacks; Mets,2026-04-09,https://polymarket.com/event/mlb-ari-nym-2026-04-09,mlb-ari-nym-2026-04-09,https://polymarket.com/event/mlb-ari-nym-2026-04-09,"[""Arizona Diamondbacks"", ""New York Mets""]","[""96865446836511074755141084742965162260333541096125568519119670608459909407235"", ""101584700976566705915577054434133318776000459916198459401597172930566080209537""]",2026-04-16,2026-04-16,KXMLBGAME-26APR091910AZNYM,KXMLBGAME-26APR091910AZNYM-AZ,Arizona vs New York M Winner?,Diamondbacks; Mets,2026-04-09,https://kalshi.com/markets/KXMLBGAME-26APR091910AZNYM-AZ,2026-04-12T14:00:00Z
Baseball,MLB,high,tigers; twins,0,1829082,tigers twins,Detroit Tigers,Tigers; Twins,2026-04-08,https://polymarket.com/event/mlb-det-min-2026-04-08,mlb-det-min-2026-04-08,https://polymarket.com/event/mlb-det-min-2026-04-08,"[""Detroit Tigers"", ""Minnesota Twins""]","[""52774742416775258046069749257693567003840440274153054914257642275411021219153"", ""64988321953274939722599083739199610755160400967677975204450839702204652209346""]",2026-04-15,2026-04-15,KXMLBGAME-26APR081940DETMIN,KXMLBGAME-26APR081940DETMIN-DET,Detroit vs Minnesota Winner?,Tigers; Twins,2026-04-08,https://kalshi.com/markets/KXMLBGAME-26APR081940DETMIN-DET,2026-04-11T14:00:00Z
Baseball,MLB,high,tigers; twins,0,1844645,tigers twins,Detroit Tigers,Tigers; Twins,2026-04-09,https://polymarket.com/event/mlb-det-min-2026-04-09,mlb-det-min-2026-04-09,https://polymarket.com/event/mlb-det-min-2026-04-09,"[""Detroit Tigers"", ""Minnesota Twins""]","[""105684741723504950912453789025809250312687578664604464888858117271048958482613"", ""6901197405744318411024371827416794704291062039530470932995510190491470072833""]",2026-04-16,2026-04-16,KXMLBGAME-26APR091340DETMIN,KXMLBGAME-26APR091340DETMIN-DET,Detroit vs Minnesota Winner?,Tigers; Twins,2026-04-09,https://kalshi.com/markets/KXMLBGAME-26APR091340DETMIN-DET,2026-04-12T14:00:00Z
Cricket,IPL,high,kolkata knight riders; lucknow super giants,0,1831591,kolkata knight riders lucknow super giants luciano,Kolkata Knight Riders,Kolkata Knight Riders; Lucknow Super Giants; Luciano,2026-04-09,https://polymarket.com/event/cricipl-kol-luc-2026-04-09,cricipl-kol-luc-2026-04-09,https://polymarket.com/event/cricipl-kol-luc-2026-04-09,"[""Kolkata Knight Riders"", ""Lucknow Super Giants""]","[""20994999450418646625607343049053915187661854374961490789349968414006072201453"", ""114069619728365717365213547758236037233539614349096135240391410683869625477794""]",2026-04-16,2026-04-16,KXIPLGAME-26APR09LSGKKR,KXIPLGAME-26APR09LSGKKR-KKR,Kolkata Knight Riders vs Lucknow Super Giants Winner?,Kolkata Knight Riders; Lucknow Super Giants,2026-04-09,https://kalshi.com/markets/KXIPLGAME-26APR09LSGKKR-KKR,2026-04-12T14:00:00Z
Baseball,MLB,high,royals; white sox,0,1844659,white sox royals,Chicago White Sox,White Sox; Royals,2026-04-09,https://polymarket.com/event/mlb-cws-kc-2026-04-09,mlb-cws-kc-2026-04-09,https://polymarket.com/event/mlb-cws-kc-2026-04-09,"[""Chicago White Sox"", ""Kansas City Royals""]","[""76921274349506388473295442356174539284508355393950052200977011245462170430944"", ""64180758420403940125231427650567208001670427815180847795046115766117517921948""]",2026-04-16,2026-04-16,KXMLBGAME-26APR091940CWSKC,KXMLBGAME-26APR091940CWSKC-CWS,Chicago WS vs Kansas City Winner?,White Sox; Royals,2026-04-09,https://kalshi.com/markets/KXMLBGAME-26APR091940CWSKC-CWS,2026-04-12T14:00:00Z
Basketball,NBA,high,heat; raptors,0,1845072,heat raptors,Heat,Heat; Raptors,2026-04-09,https://polymarket.com/event/nba-mia-tor-2026-04-09,nba-mia-tor-2026-04-09,https://polymarket.com/event/nba-mia-tor-2026-04-09,"[""Heat"", ""Raptors""]","[""82506333760611483179732369193455560279149278232502962279546169055720542387779"", ""56684995951168725399816788934032659636752975650671046458864745059862659793150""]",2026-04-09,2026-04-09,KXNBAGAME-26APR09MIATOR,KXNBAGAME-26APR09MIATOR-MIA,Miami at Toronto Winner?,Heat; Raptors,2026-04-09,https://kalshi.com/markets/KXNBAGAME-26APR09MIATOR-MIA,2026-04-23T23:00:00Z
Basketball,NBA,high,bulls; wizards,0,1845077,bulls wizards,Bulls,Bulls; Wizards,2026-04-09,https://polymarket.com/event/nba-chi-was-2026-04-09,nba-chi-was-2026-04-09,https://polymarket.com/event/nba-chi-was-2026-04-09,"[""Bulls"", ""Wizards""]","[""40603584547664761921909395349739403904321738822043017992948197051472379015626"", ""78108883873731751444585823432571874375565409313122849324303960320208551479629""]",2026-04-09,2026-04-09,KXNBAGAME-26APR09CHIWAS,KXNBAGAME-26APR09CHIWAS-CHI,Chicago at Washington Winner?,Bulls; Wizards,2026-04-09,https://kalshi.com/markets/KXNBAGAME-26APR09CHIWAS-CHI,2026-04-23T23:00:00Z
Basketball,EuroLeague,high,fenerbahce; real madrid,0,1845078,fenerbahce real madrid,Fenerbahce,Fenerbahce; Real Madrid,2026-04-09,https://polymarket.com/event/euroleague-fenerbah-madrid-2026-04-09,euroleague-fenerbah-madrid-2026-04-09,https://polymarket.com/event/euroleague-fenerbah-madrid-2026-04-09,"[""Fenerbahce"", ""Real Madrid""]","[""3296792131792464344598522625861221413533683727500514610417579382452648432033"", ""77644279453091689845355526734554017981687544815966903933256799933143764878219""]",2026-04-09,2026-04-09,KXEUROLEAGUEGAME-26APR091345RMAFEN,KXEUROLEAGUEGAME-26APR091345RMAFEN-FEN,Real Madrid vs Fenerbahce Istanbul Winner?,Real Madrid; Fenerbahce,2026-04-09,https://kalshi.com/markets/KXEUROLEAGUEGAME-26APR091345RMAFEN-FEN,2026-04-23T17:45:00Z
Basketball,NBA,high,nets; pacers,0,1845079,nets pacers,Nets,Nets; Pacers,2026-04-09,https://polymarket.com/event/nba-ind-bkn-2026-04-09,nba-ind-bkn-2026-04-09,https://polymarket.com/event/nba-ind-bkn-2026-04-09,"[""Nets"", ""Pacers""]","[""75533750246992257522013257219499883680506746985989467252686761266233298739199"", ""6460667114431731882055653182420728838553076575777805713340638474901223136490""]",2026-04-09,2026-04-09,KXNBAGAME-26APR09INDBKN,KXNBAGAME-26APR09INDBKN-BKN,Indiana at Brooklyn Winner?,Pacers; Nets,2026-04-09,https://kalshi.com/markets/KXNBAGAME-26APR09INDBKN-BKN,2026-04-23T23:30:00Z
Basketball,NBA,high,celtics; knicks,0,1845082,celtics knicks,Celtics,Celtics; Knicks,2026-04-09,https://polymarket.com/event/nba-bos-nyk-2026-04-09,nba-bos-nyk-2026-04-09,https://polymarket.com/event/nba-bos-nyk-2026-04-09,"[""Celtics"", ""Knicks""]","[""25946669941678183837816571264821521722930283358279904323956470333574941837672"", ""114899244034762314725145374616924156991726556731010069112830364242142101348051""]",2026-04-09,2026-04-09,KXNBAGAME-26APR09BOSNYK,KXNBAGAME-26APR09BOSNYK-BOS,Boston at New York Winner?,Celtics; Knicks,2026-04-09,https://kalshi.com/markets/KXNBAGAME-26APR09BOSNYK-BOS,2026-04-23T23:30:00Z
Esports,LoL,high,bnk fearx; dn soopers,0,1866903,bnk fearx dn soopers,BNK FearX Youth,BNK FEARX; DN SOOPers,2026-04-09,https://polymarket.com/event/lol-dnsc-foxy-2026-04-09,lol-dnsc-foxy-2026-04-09,https://polymarket.com/event/lol-dnsc-foxy-2026-04-09,"[""BNK FearX Youth"", ""DN SOOPers Challengers""]","[""100000054846742019641724922581570527176772353193197687499854399449058493266658"", ""99461562326640014226528375293089128827449143060388219901914705465687375757856""]",2026-04-09,2026-04-09,KXLOLGAME-26APR090100FOXYDNSC,KXLOLGAME-26APR090100FOXYDNSC-DNSC,Will DN SOOPers Challengers win the BNK FearX Youth vs. DN SOOPers Challengers League of Legends match?,DN SOOPers; BNK FEARX,2026-04-09,https://kalshi.com/markets/KXLOLGAME-26APR090100FOXYDNSC-DNSC,2026-04-23T05:00:00Z
Ice Hockey,AHL,high,islanders; penguins,0,1891712,islanders wilkes-barre/scranton penguins penguins,Bridgeport Islanders,Islanders; Wilkes-Barre/Scranton Penguins; Penguins,2026-04-09,https://polymarket.com/event/ahl-wil-bri-2026-04-09,ahl-wil-bri-2026-04-09,https://polymarket.com/event/ahl-wil-bri-2026-04-09,"[""Bridgeport Islanders"", ""Wilkes-Barre/Scranton Penguins""]","[""63830074904162381382667204315808990101410121713087552436942760456828567129372"", ""82275951902590534210469854805785542767169715660337721603890973029470787080877""]",2026-04-09,2026-04-09,KXAHLGAME-26APR091900WILBRI,KXAHLGAME-26APR091900WILBRI-BRI,Wilkes Barre-Scranton Penguins vs Bridgeport Islanders Winner?,Penguins; Islanders,2026-04-09,https://kalshi.com/markets/KXAHLGAME-26APR091900WILBRI-BRI,2026-04-23T23:00:00Z
Tennis,ATP,high,dostanic; rybakov,0,1901487,dostanic rybakov,Alex Rybakov,Dostanic; Rybakov,2026-04-08,https://polymarket.com/event/atp-dostani-rybakov-2026-04-08,atp-dostani-rybakov-2026-04-08,https://polymarket.com/event/atp-dostani-rybakov-2026-04-08,"[""Alex Rybakov"", ""Stefan Dostanic""]","[""83061699529426141142924051428100570353538419662456230235706187426854881244894"", ""94136234153876808970649045039398872756294825833028894995510702137834402253368""]",2026-04-15,2026-04-15,KXATPCHALLENGERMATCH-26APR08DOSRYB,KXATPCHALLENGERMATCH-26APR08DOSRYB-RYB,Will Alex Rybakov win the Dostanic vs Rybakov : Round Of 16 match?,Dostanic; Rybakov,2026-04-08,https://kalshi.com/markets/KXATPCHALLENGERMATCH-26APR08DOSRYB-RYB,2026-04-22T22:00:00Z
Tennis,WTA,high,ribera; yuan,0,1908687,yuan ribera,Yue Yuan,Yuan; Ribera,2026-04-09,https://polymarket.com/event/wta-yuan-ribera-2026-04-08,wta-yuan-ribera-2026-04-08,https://polymarket.com/event/wta-yuan-ribera-2026-04-08,"[""Yue Yuan"", ""Marina Bassols Ribera""]","[""55161043065907018307528798084092629856044922098400087595197331361088693283829"", ""50074654471087809804906995981199117317492915273966108742823311729275014170315""]",2026-04-15,2026-04-15,KXWTACHALLENGERMATCH-26APR09YUABAS,KXWTACHALLENGERMATCH-26APR09YUABAS-BAS,Will Marina Bassols Ribera win the Yuan vs Bassols Ribera : Round Of 16 match?,Yuan; Ribera,2026-04-09,https://kalshi.com/markets/KXWTACHALLENGERMATCH-26APR09YUABAS-BAS,2026-04-23T09:00:00Z
Tennis,WTA,high,pigato; samson,0,1908703,pigato samson,Laura Samson,Pigato; Samson,2026-04-09,https://polymarket.com/event/wta-pigato-samson-2026-04-08,wta-pigato-samson-2026-04-08,https://polymarket.com/event/wta-pigato-samson-2026-04-08,"[""Laura Samson"", ""Lisa Pigato""]","[""95658319409429623570595265391604790202719119750502183297446035326169190367809"", ""108751888486642289515149818346748108682430174277575678660688910052740034043935""]",2026-04-15,2026-04-15,KXWTACHALLENGERMATCH-26APR09PIGSAM,KXWTACHALLENGERMATCH-26APR09PIGSAM-SAM,Will Laura Samson win the Pigato vs Samson : Round Of 16 match?,Pigato; Samson,2026-04-09,https://kalshi.com/markets/KXWTACHALLENGERMATCH-26APR09PIGSAM-SAM,2026-04-23T09:00:00Z
Tennis,ATP,high,meza; sakamoto,0,1908799,sakamoto meza,Pedro Sakamoto,Sakamoto; Meza,2026-04-08,https://polymarket.com/event/atp-sakamo-meza-2026-04-08,atp-sakamo-meza-2026-04-08,https://polymarket.com/event/atp-sakamo-meza-2026-04-08,"[""Pedro Sakamoto"", ""Alvaro Guillen Meza""]","[""1759887648034172721227207621127376822432490272972311302345061287740168272921"", ""83096698459169010745186082755346191442345057320916756643103408116631788967790""]",2026-04-15,2026-04-15,KXATPCHALLENGERMATCH-26APR08SAKGUI,KXATPCHALLENGERMATCH-26APR08SAKGUI-GUI,Will Alvaro Guillen Meza win the Sakamoto vs Guillen Meza : Round Of 16 match?,Sakamoto; Meza,2026-04-08,https://kalshi.com/markets/KXATPCHALLENGERMATCH-26APR08SAKGUI-GUI,2026-04-22T18:10:00Z
Tennis,ATP,high,chidekh; gadamauri,0,1908803,chidekh gadamauri,Buvaysar Gadamauri,Chidekh; Gadamauri,2026-04-09,https://polymarket.com/event/atp-chidekh-gadamau-2026-04-08,atp-chidekh-gadamau-2026-04-08,https://polymarket.com/event/atp-chidekh-gadamau-2026-04-08,"[""Buvaysar Gadamauri"", ""Clement Chidekh""]","[""52004185331012115144895832312059334845373268235240413038704539513869058027537"", ""36437270221034753610639830039217176708578807949561753379312389224983500769034""]",2026-04-16,2026-04-16,KXATPCHALLENGERMATCH-26APR09CHIGAD,KXATPCHALLENGERMATCH-26APR09CHIGAD-GAD,Will Buvaysar Gadamauri win the Chidekh vs Gadamauri : Round Of 16 match?,Chidekh; Gadamauri,2026-04-09,https://kalshi.com/markets/KXATPCHALLENGERMATCH-26APR09CHIGAD-GAD,2026-04-23T04:10:00Z
Tennis,ATP,high,fomin; wendelken,0,1908806,fomin wendelken,Harry Wendelken,Fomin; Wendelken,2026-04-09,https://polymarket.com/event/atp-fomin-wendelk-2026-04-08,atp-fomin-wendelk-2026-04-08,https://polymarket.com/event/atp-fomin-wendelk-2026-04-08,"[""Harry Wendelken"", ""Sergey Fomin""]","[""49368307387899756668779758913062005515729927532978796043246022811824074738846"", ""94360762418378071132868584636476473411983113983707309366059023046650450264635""]",2026-04-16,2026-04-16,KXATPCHALLENGERMATCH-26APR09FOMWEN,KXATPCHALLENGERMATCH-26APR09FOMWEN-WEN,Will Harry Wendelken win the Fomin vs Wendelken : Round Of 16 match?,Fomin; Wendelken,2026-04-09,https://kalshi.com/markets/KXATPCHALLENGERMATCH-26APR09FOMWEN-WEN,2026-04-23T04:10:00Z
Tennis,WTA,high,samsonova; tagger,0,1912526,tagger samsonova,Lilli Tagger,Tagger; Samsonova,2026-04-09,https://polymarket.com/event/wta-tagger-samsono-2026-04-09,wta-tagger-samsono-2026-04-09,https://polymarket.com/event/wta-tagger-samsono-2026-04-09,"[""Lilli Tagger"", ""Liudmila Samsonova""]","[""89928900430683957453093933605697605308241135457650839903744812190690784364585"", ""65626230145602080958407790636056780057121092689751697797040151112382279743837""]",2026-04-16,2026-04-16,KXWTAMATCH-26APR09TAGSAM,KXWTAMATCH-26APR09TAGSAM-TAG,Will Lilli Tagger win the Tagger vs Samsonova : Round Of 16 match?,Tagger; Samsonova,2026-04-09,https://kalshi.com/markets/KXWTAMATCH-26APR09TAGSAM-TAG,2026-04-23T10:00:00Z
Tennis,WTA,high,kalieva; osuigwe,0,1912533,kalieva osuigwe,Elvina Kalieva,Kalieva; Osuigwe,2026-04-09,https://polymarket.com/event/wta-kalieva-osuigwe-2026-04-09,wta-kalieva-osuigwe-2026-04-09,https://polymarket.com/event/wta-kalieva-osuigwe-2026-04-09,"[""Elvina Kalieva"", ""Whitney Osuigwe""]","[""95158412638123207345264015759331271686662426153931901692145738163434506241990"", ""55426407318038280857282663048709565862910451993520762527471498742442407367572""]",2026-04-16,2026-04-16,KXWTACHALLENGERMATCH-26APR09KALOSU,KXWTACHALLENGERMATCH-26APR09KALOSU-KAL,Will Elvina Kalieva win the Kalieva vs Osuigwe : Round Of 16 match?,Kalieva; Osuigwe,2026-04-09,https://kalshi.com/markets/KXWTACHALLENGERMATCH-26APR09KALOSU-KAL,2026-04-23T09:00:00Z
Tennis,WTA,high,alexandrova; pliskova,0,1912545,pliskova alexandrova,Ekaterina Alexandrova,Pliskova; Alexandrova,2026-04-09,https://polymarket.com/event/wta-pliskov-alexand-2026-04-09,wta-pliskov-alexand-2026-04-09,https://polymarket.com/event/wta-pliskov-alexand-2026-04-09,"[""Ekaterina Alexandrova"", ""Karolina Pliskova""]","[""35071640074407058444399859193230048789771507936218571540275450522869222544059"", ""51676411472531421880613917897010089977707689491535507982493132762739902822689""]",2026-04-16,2026-04-16,KXWTAMATCH-26APR09PLIALE,KXWTAMATCH-26APR09PLIALE-ALE,Will Ekaterina Alexandrova win the Pliskova vs Alexandrova : Round Of 16 match?,Pliskova; Alexandrova,2026-04-09,https://kalshi.com/markets/KXWTAMATCH-26APR09PLIALE-ALE,2026-04-23T10:00:00Z
Tennis,ATP,high,dellien; dias,0,1912556,dias dellien,Murkel Dellien,Dias; Dellien,2026-04-08,https://polymarket.com/event/atp-dias-dellie-2026-04-08,atp-dias-dellie-2026-04-08,https://polymarket.com/event/atp-dias-dellie-2026-04-08,"[""Murkel Dellien"", ""Pedro Boscardin Dias""]","[""98915004439394081839887433869084930766152518427880948934035958949823466291169"", ""109256479834901337540370316376963560699899180682172956397673624872881604988371""]",2026-04-15,2026-04-15,KXATPCHALLENGERMATCH-26APR08BOSDEV,KXATPCHALLENGERMATCH-26APR08BOSDEV-DEV,Will Murkel Dellien win the Boscardin Dias vs Dellien : Round Of 16 match?,Dias; Dellien,2026-04-08,https://kalshi.com/markets/KXATPCHALLENGERMATCH-26APR08BOSDEV-DEV,2026-04-22T21:00:00Z
Tennis,ATP,high,duckworth; kozlov,0,1912567,duckworth kozlov,James Duckworth,Duckworth; Kozlov,2026-04-08,https://polymarket.com/event/atp-duckwor-kozlov-2026-04-08,atp-duckwor-kozlov-2026-04-08,https://polymarket.com/event/atp-duckwor-kozlov-2026-04-08,"[""James Duckworth"", ""Stefan Kozlov""]","[""79241467740501059216774939793477265834442969027322337301966299539850945522400"", ""20517653558395960625048929080621238266790038422232193673386951561844200899281""]",2026-04-15,2026-04-15,KXATPCHALLENGERMATCH-26APR08DUCKOZ,KXATPCHALLENGERMATCH-26APR08DUCKOZ-DUC,Will James Duckworth win the Duckworth vs Kozlov : Round Of 16 match?,Duckworth; Kozlov,2026-04-08,https://kalshi.com/markets/KXATPCHALLENGERMATCH-26APR08DUCKOZ-DUC,2026-04-22T22:00:00Z
Esports,Rainbow Six,high,fnatic; g2 esports,0,1915408,fnatic g2 esports,Fnatic,Fnatic; G2 Esports,2026-04-08,https://polymarket.com/event/r6siege-g2-fnc-2026-04-08,r6siege-g2-fnc-2026-04-08,https://polymarket.com/event/r6siege-g2-fnc-2026-04-08,"[""Fnatic"", ""G2 Esports""]","[""86437129000967399954263711369265136172244026181452419635101461827008855724787"", ""88454509514650909259068239754808902382777167425030347484622979237675269432742""]",2026-04-09,2026-04-09,KXR6GAME-26APR081400FNCG2,KXR6GAME-26APR081400FNCG2-FNC,Will Fnatic win the Fnatic vs. G2 Esports R6 match?,Fnatic; G2 Esports,2026-04-08,https://kalshi.com/markets/KXR6GAME-26APR081400FNCG2-FNC,2026-04-22T18:00:00Z
Tennis,ATP,high,bublik; lehecka,0,1919269,lehecka bublik,Alexander Bublik,Lehecka; Bublik,2026-04-09,https://polymarket.com/event/atp-lehecka-bublik-2026-04-09,atp-lehecka-bublik-2026-04-09,https://polymarket.com/event/atp-lehecka-bublik-2026-04-09,"[""Alexander Bublik"", ""Jiri Lehecka""]","[""77664109793197211047821044731695697480289028919513551316402345217716460692337"", ""85667568752580099193056938137396871845555694021410623986448691516450064319043""]",2026-04-16,2026-04-16,KXATPMATCH-26APR09LEHBUB,KXATPMATCH-26APR09LEHBUB-BUB,Will Alexander Bublik win the Lehecka vs Bublik : Round Of 16 match?,Lehecka; Bublik,2026-04-09,https://kalshi.com/markets/KXATPMATCH-26APR09LEHBUB-BUB,2026-04-23T09:00:00Z
Tennis,WTA,high,kalinina; vekic,0,1919270,kalinina vekic,Anhelina Kalinina,Kalinina; Vekic,2026-04-09,https://polymarket.com/event/wta-kalinin-vekic-2026-04-09,wta-kalinin-vekic-2026-04-09,https://polymarket.com/event/wta-kalinin-vekic-2026-04-09,"[""Anhelina Kalinina"", ""Donna Vekic""]","[""94842633490886901866053185255132788018689309306660687744299250720850554379311"", ""58951341031706224467185501599319966869124743361059427027232166079018600073640""]",2026-04-16,2026-04-16,KXWTAMATCH-26APR09KALVEK,KXWTAMATCH-26APR09KALVEK-KAL,Will Anhelina Kalinina win the Kalinina vs Vekic : Round Of 16 match?,Kalinina; Vekic,2026-04-09,https://kalshi.com/markets/KXWTAMATCH-26APR09KALVEK-KAL,2026-04-23T10:00:00Z
Tennis,ATP,high,bergs; zverev,0,1919273,bergs zverev,Alexander Zverev,Bergs; Zverev,2026-04-09,https://polymarket.com/event/atp-bergs-zverev-2026-04-09,atp-bergs-zverev-2026-04-09,https://polymarket.com/event/atp-bergs-zverev-2026-04-09,"[""Alexander Zverev"", ""Zizou Bergs""]","[""104622827157390084325194137243648617058030006885752627036097149680955655025115"", ""71016539419299593960743661370734928761593092195071064101089778653523702798997""]",2026-04-16,2026-04-16,KXATPMATCH-26APR09BERZVE,KXATPMATCH-26APR09BERZVE-ZVE,Will Alexander Zverev win the Bergs vs Zverev : Round Of 16 match?,Bergs; Zverev,2026-04-09,https://kalshi.com/markets/KXATPMATCH-26APR09BERZVE-ZVE,2026-04-23T09:00:00Z
Tennis,ATP,high,berrettini; fonseca,0,1919276,berrettini fonseca,Joao Fonseca,Berrettini; Fonseca,2026-04-09,https://polymarket.com/event/atp-berrett-fonseca-2026-04-09,atp-berrett-fonseca-2026-04-09,https://polymarket.com/event/atp-berrett-fonseca-2026-04-09,"[""Joao Fonseca"", ""Matteo Berrettini""]","[""5913294557059950312916244260036138604214697877985546419537633202723775680945"", ""38516106082185494217853487201152302563891464745820183317773697681415805383158""]",2026-04-16,2026-04-16,KXATPMATCH-26APR09BERFON,KXATPMATCH-26APR09BERFON-FON,Will Joao Fonseca win the Berrettini vs Fonseca : Round Of 16 match?,Berrettini; Fonseca,2026-04-09,https://kalshi.com/markets/KXATPMATCH-26APR09BERFON-FON,2026-04-23T09:00:00Z
Tennis,ATP,high,machac; sinner,0,1919297,machac sinner,Jannik Sinner,Machac; Sinner,2026-04-09,https://polymarket.com/event/atp-machac-sinner-2026-04-09,atp-machac-sinner-2026-04-09,https://polymarket.com/event/atp-machac-sinner-2026-04-09,"[""Jannik Sinner"", ""Tomas Machac""]","[""50582451324592802551594869133874991793075182560841111416227155861979411203510"", ""97151331407132672198326855200170235167994367588619923325665170829027569707947""]",2026-04-16,2026-04-16,KXATPMATCH-26APR09MACSIN,KXATPMATCH-26APR09MACSIN-SIN,Will Jannik Sinner win the Machac vs Sinner : Round Of 16 match?,Machac; Sinner,2026-04-09,https://kalshi.com/markets/KXATPMATCH-26APR09MACSIN-SIN,2026-04-23T10:10:00Z
Tennis,ATP,high,auger-aliassime; ruud,0,1919310,auger-aliassime ruud,Casper Ruud,Auger-Aliassime; Ruud,2026-04-09,https://polymarket.com/event/atp-augeral-ruud-2026-04-09,atp-augeral-ruud-2026-04-09,https://polymarket.com/event/atp-augeral-ruud-2026-04-09,"[""Casper Ruud"", ""Felix Auger-Aliassime""]","[""101729394898991564864741562354522297652070544305179698436316972253029223435916"", ""61341373044078978374488246121991969695548030320501450945191647078788337167723""]",2026-04-16,2026-04-16,KXATPMATCH-26APR09AUGRUU,KXATPMATCH-26APR09AUGRUU-RUU,Will Casper Ruud win the Auger-Aliassime vs Ruud : Round Of 16 match?,Auger-Aliassime; Ruud,2026-04-09,https://kalshi.com/markets/KXATPMATCH-26APR09AUGRUU-RUU,2026-04-23T09:00:00Z
Ice Hockey,NHL,high,oilers; sharks,1,1568679,oilers sharks,Oilers,Oilers; Sharks,2026-04-09,https://polymarket.com/event/nhl-edm-sj-2026-04-08,nhl-edm-sj-2026-04-08,https://polymarket.com/event/nhl-edm-sj-2026-04-08,"[""Oilers"", ""Sharks""]","[""114716556753110336374738974480072985030561673879507964360374817702332273879231"", ""95954076575663496795787986700096906707914239624489503836908310188907102592566""]",2026-04-09,2026-04-09,KXNHLGAME-26APR08EDMSJ,KXNHLGAME-26APR08EDMSJ-EDM,Edmonton at San Jose Winner?,Oilers; Sharks,2026-04-08,https://kalshi.com/markets/KXNHLGAME-26APR08EDMSJ-EDM,2026-04-23T02:00:00Z
Ice Hockey,NHL,high,blues; jets,1,1576113,blues jets,Blues,Blues; Jets,2026-04-10,https://polymarket.com/event/nhl-wpg-stl-2026-04-09,nhl-wpg-stl-2026-04-09,https://polymarket.com/event/nhl-wpg-stl-2026-04-09,"[""Blues"", ""Jets""]","[""82575091764988739617393724035384279113840379962918559890028215096517594337734"", ""54141431940537232558544270921898563431805819407573589528084482567011002281393""]",2026-04-10,2026-04-10,KXNHLGAME-26APR09WPGSTL,KXNHLGAME-26APR09WPGSTL-STL,Winnipeg at St. Louis Winner?,Blues; Jets,2026-04-09,https://kalshi.com/markets/KXNHLGAME-26APR09WPGSTL-STL,2026-04-24T00:00:00Z
Ice Hockey,NHL,high,stars; wild,1,1576118,stars wild,Stars,Stars; Wild,2026-04-10,https://polymarket.com/event/nhl-min-dal-2026-04-09,nhl-min-dal-2026-04-09,https://polymarket.com/event/nhl-min-dal-2026-04-09,"[""Stars"", ""Wild""]","[""95800901458524599867898978416154580621119658765543267104492864916030652273288"", ""93908304217079648023886308491960159490420869129988374438313182735569991511533""]",2026-04-10,2026-04-10,KXNHLGAME-26APR09MINDAL,KXNHLGAME-26APR09MINDAL-DAL,Minnesota at Dallas Winner?,Wild; Stars,2026-04-09,https://kalshi.com/markets/KXNHLGAME-26APR09MINDAL-DAL,2026-04-24T01:00:00Z
Ice Hockey,NHL,high,blackhawks; hurricanes,1,1576123,blackhawks hurricanes,Blackhawks,Blackhawks; Hurricanes,2026-04-10,https://polymarket.com/event/nhl-car-chi-2026-04-09,nhl-car-chi-2026-04-09,https://polymarket.com/event/nhl-car-chi-2026-04-09,"[""Blackhawks"", ""Hurricanes""]","[""99914132397194218426260131696016875244063676505302847150231905921706388580723"", ""26486895320999276956765936025409416508147555849666649097484486115617177139935""]",2026-04-10,2026-04-10,KXNHLGAME-26APR09CARCHI,KXNHLGAME-26APR09CARCHI-CHI,Carolina at Chicago Winner?,Blackhawks; Hurricanes,2026-04-09,https://kalshi.com/markets/KXNHLGAME-26APR09CARCHI-CHI,2026-04-24T00:30:00Z
Ice Hockey,NHL,high,avalanche; flames,1,1576133,avalanche flames,Avalanche,Avalanche; Flames,2026-04-10,https://polymarket.com/event/nhl-cal-col-2026-04-09,nhl-cal-col-2026-04-09,https://polymarket.com/event/nhl-cal-col-2026-04-09,"[""Avalanche"", ""Flames""]","[""114083166707905231612258582219197675862786258492914806412981676602520193399572"", ""65494455036359873781257004689394678342762242856967026877580929671994633561885""]",2026-04-10,2026-04-10,KXNHLGAME-26APR09CGYCOL,KXNHLGAME-26APR09CGYCOL-COL,Calgary at Colorado Winner?,Avalanche; Flames,2026-04-09,https://kalshi.com/markets/KXNHLGAME-26APR09CGYCOL-COL,2026-04-24T01:00:00Z
Ice Hockey,NHL,high,golden knights; kraken,1,1576138,golden knights kraken,Golden Knights,Golden Knights; Kraken,2026-04-10,https://polymarket.com/event/nhl-las-sea-2026-04-09,nhl-las-sea-2026-04-09,https://polymarket.com/event/nhl-las-sea-2026-04-09,"[""Golden Knights"", ""Kraken""]","[""29995412011803511963079488373524211929219641254634030888557268395871852419816"", ""3867926091901682092840530792616715100252300763178400080280791910262644713795""]",2026-04-10,2026-04-10,KXNHLGAME-26APR09VGKSEA,KXNHLGAME-26APR09VGKSEA-VGK,Vegas at Seattle Winner?,Kraken; Golden Knights,2026-04-09,https://kalshi.com/markets/KXNHLGAME-26APR09VGKSEA-VGK,2026-04-24T02:00:00Z
Ice Hockey,NHL,high,ducks; sharks,1,1576143,ducks sharks,Ducks,Ducks; Sharks,2026-04-10,https://polymarket.com/event/nhl-sj-ana-2026-04-09,nhl-sj-ana-2026-04-09,https://polymarket.com/event/nhl-sj-ana-2026-04-09,"[""Ducks"", ""Sharks""]","[""6195767071138868644697375000738544352571690007430535310303040619786117124907"", ""107119325189011265655299254904885556574397353221757701778587111841623416713204""]",2026-04-10,2026-04-10,KXNHLGAME-26APR09SJANA,KXNHLGAME-26APR09SJANA-ANA,San Jose at Anaheim Winner?,Sharks; Ducks,2026-04-09,https://kalshi.com/markets/KXNHLGAME-26APR09SJANA-ANA,2026-04-24T02:00:00Z
Ice Hockey,NHL,high,canucks; kings,1,1576148,canucks kings,Canucks,Canucks; Kings,2026-04-10,https://polymarket.com/event/nhl-van-lak-2026-04-09,nhl-van-lak-2026-04-09,https://polymarket.com/event/nhl-van-lak-2026-04-09,"[""Canucks"", ""Kings""]","[""63433971196699161752521166293224687020061705833279453992212935001936563723478"", ""13238006603449402449783889227311146482753012752771844568179777152669384729821""]",2026-04-10,2026-04-10,KXNHLGAME-26APR09VANLA,KXNHLGAME-26APR09VANLA-VAN,Vancouver at Los Angeles Winner?,Kings; Canucks,2026-04-09,https://kalshi.com/markets/KXNHLGAME-26APR09VANLA-VAN,2026-04-24T02:30:00Z
Basketball,NBA,high,spurs; trail blazers,1,1829491,spurs trail blazers,Spurs,Spurs; Trail Blazers,2026-04-09,https://polymarket.com/event/nba-por-sas-2026-04-08,nba-por-sas-2026-04-08,https://polymarket.com/event/nba-por-sas-2026-04-08,"[""Spurs"", ""Trail Blazers""]","[""65857307265337909409838935281770675258090608153093105272486565798110429744325"", ""17442293791569302494771138739322429763385479019571459597461188457454521639201""]",2026-04-09,2026-04-09,KXNBAGAME-26APR08PORSAS,KXNBAGAME-26APR08PORSAS-SAS,Portland at San Antonio Winner?,Trail Blazers; Spurs,2026-04-08,https://kalshi.com/markets/KXNBAGAME-26APR08PORSAS-SAS,2026-04-23T01:30:00Z
Basketball,NBA,high,grizzlies; nuggets,1,1829493,grizzlies nuggets,Grizzlies,Grizzlies; Nuggets,2026-04-09,https://polymarket.com/event/nba-mem-den-2026-04-08,nba-mem-den-2026-04-08,https://polymarket.com/event/nba-mem-den-2026-04-08,"[""Grizzlies"", ""Nuggets""]","[""95907061626091542693313210475393050579036583294893817862361618387611561437254"", ""66375521906671118879664234022835556143977196344688745847209232032074522283510""]",2026-04-09,2026-04-09,KXNBAGAME-26APR08MEMDEN,KXNBAGAME-26APR08MEMDEN-MEM,Memphis at Denver Winner?,Grizzlies; Nuggets,2026-04-08,https://kalshi.com/markets/KXNBAGAME-26APR08MEMDEN-MEM,2026-04-23T01:00:00Z
Basketball,NBA,high,clippers; thunder,1,1829494,clippers thunder,Clippers,Clippers; Thunder,2026-04-09,https://polymarket.com/event/nba-okc-lac-2026-04-08,nba-okc-lac-2026-04-08,https://polymarket.com/event/nba-okc-lac-2026-04-08,"[""Clippers"", ""Thunder""]","[""45966769085320742148494643482368245242288899309236171661387664252284716473709"", ""57671111904343297017035559331206968340219293155722507171442770347401653986711""]",2026-04-09,2026-04-09,KXNBAGAME-26APR08OKCLAC,KXNBAGAME-26APR08OKCLAC-LAC,Oklahoma City at Los Angeles C Winner?,Thunder; Clippers,2026-04-08,https://kalshi.com/markets/KXNBAGAME-26APR08OKCLAC-LAC,2026-04-23T02:00:00Z
Basketball,NBA,high,mavericks; suns,1,1829495,mavericks suns,Mavericks,Mavericks; Suns,2026-04-09,https://polymarket.com/event/nba-dal-phx-2026-04-08,nba-dal-phx-2026-04-08,https://polymarket.com/event/nba-dal-phx-2026-04-08,"[""Mavericks"", ""Suns""]","[""72170269487357606240819635880172395851717032762892196983031147740368402263632"", ""24329568841442649969439549537809623851722646137666259392375644000212364195785""]",2026-04-09,2026-04-09,KXNBAGAME-26APR08DALPHX,KXNBAGAME-26APR08DALPHX-DAL,Dallas at Phoenix Winner?,Mavericks; Suns,2026-04-08,https://kalshi.com/markets/KXNBAGAME-26APR08DALPHX-DAL,2026-04-23T02:00:00Z
Baseball,MLB,high,padres; rockies,1,1844662,rockies padres,Colorado Rockies,Rockies; Padres,2026-04-10,https://polymarket.com/event/mlb-col-sd-2026-04-09,mlb-col-sd-2026-04-09,https://polymarket.com/event/mlb-col-sd-2026-04-09,"[""Colorado Rockies"", ""San Diego Padres""]","[""92794253746799737460139341505593291185529532455646996016205709084649609199823"", ""106274300010558684330740090135137119906609258939417170586228238423534623815348""]",2026-04-17,2026-04-17,KXMLBGAME-26APR092140COLSD,KXMLBGAME-26APR092140COLSD-COL,Colorado vs San Diego Winner?,Rockies; Padres,2026-04-09,https://kalshi.com/markets/KXMLBGAME-26APR092140COLSD-COL,2026-04-12T14:00:00Z
Basketball,NBA,high,lakers; warriors,1,1845085,lakers warriors,Lakers,Lakers; Warriors,2026-04-10,https://polymarket.com/event/nba-lal-gsw-2026-04-09,nba-lal-gsw-2026-04-09,https://polymarket.com/event/nba-lal-gsw-2026-04-09,"[""Lakers"", ""Warriors""]","[""34286628775251176805881370367491338250001648754005636119077973863541416971569"", ""629141331311597132126203711296817444995587587145758909367475602375498987010""]",2026-04-10,2026-04-10,KXNBAGAME-26APR09LALGSW,KXNBAGAME-26APR09LALGSW-LAL,Los Angeles L at Golden State Winner?,Lakers; Warriors,2026-04-09,https://kalshi.com/markets/KXNBAGAME-26APR09LALGSW-LAL,2026-04-24T02:00:00Z
Ice Hockey,AHL,high,iowa wild; texas stars,1,1891708,iowa wild texas stars rangers,Iowa Wild,Iowa Wild; Texas Stars; Rangers,2026-04-09,https://polymarket.com/event/ahl-iow-tex-2026-04-09,ahl-iow-tex-2026-04-09,https://polymarket.com/event/ahl-iow-tex-2026-04-09,"[""Iowa Wild"", ""Texas Stars""]","[""60273674843629961717821819579506019958585963926125048931156223308641226206448"", ""51486158551266953574570907972368947131607135687571907752064979700039447805680""]",2026-04-09,2026-04-09,KXAHLGAME-26APR082000IOWTEX,KXAHLGAME-26APR082000IOWTEX-IOW,Iowa Wild vs Texas Stars Winner?,Iowa Wild; Texas Stars,2026-04-08,https://kalshi.com/markets/KXAHLGAME-26APR082000IOWTEX-IOW,2026-04-23T00:00:00Z
Tennis,ATP,high,pearson; zhou,1,1908804,zhou pearson,Kody Pearson,Zhou; Pearson,2026-04-09,https://polymarket.com/event/atp-zhou-pearson-2026-04-08,atp-zhou-pearson-2026-04-08,https://polymarket.com/event/atp-zhou-pearson-2026-04-08,"[""Kody Pearson"", ""Yi Zhou""]","[""90450523543641601321391892738905756033473591361495189976868120049724975168487"", ""1014655263405368544808526293536748123577364625143672822634310714257889831787""]",2026-04-16,2026-04-16,KXATPCHALLENGERMATCH-26APR08ZHOPEA,KXATPCHALLENGERMATCH-26APR08ZHOPEA-PEA,Will Kody Pearson win the Zhou vs Pearson : Round Of 16 match?,Zhou; Pearson,2026-04-08,https://kalshi.com/markets/KXATPCHALLENGERMATCH-26APR08ZHOPEA-PEA,2026-04-23T03:00:00Z
Basketball,NBA,high,mavericks; suns,1,1915544,mavericks suns,Mavericks,Mavericks; Suns,2026-04-09,https://polymarket.com/event/nba-dal-phx-2026-04-08-1h-moneyline,nba-dal-phx-2026-04-08-1h-moneyline,https://polymarket.com/event/nba-dal-phx-2026-04-08-1h-moneyline,"[""Mavericks"", ""Suns""]","[""31910806284819990174803170346595885442396765440403783301946777016297034844593"", ""88819032727007333724169877467065739725520120483521147295102193965729689465138""]",2026-04-09,2026-04-09,KXNBA1HWINNER-26APR08DALPHX,KXNBA1HWINNER-26APR08DALPHX-DAL,Dallas vs Phoenix: First Half Winner?,Mavericks; Suns,2026-04-08,https://kalshi.com/markets/KXNBA1HWINNER-26APR08DALPHX-DAL,2026-04-23T02:00:00Z
Basketball,NBA,high,spurs; trail blazers,1,1916252,spurs trail blazers,Spurs,Spurs; Trail Blazers,2026-04-09,https://polymarket.com/event/nba-por-sas-2026-04-08-1h-moneyline,nba-por-sas-2026-04-08-1h-moneyline,https://polymarket.com/event/nba-por-sas-2026-04-08-1h-moneyline,"[""Spurs"", ""Trail Blazers""]","[""115163273527325816064777205804609091715388829538782908560138751840621913182068"", ""41717150045724414585955424268497989698264442451531952599995013273860556396423""]",2026-04-09,2026-04-09,KXNBA1HWINNER-26APR08PORSAS,KXNBA1HWINNER-26APR08PORSAS-SAS,Portland vs San Antonio: First Half Winner?,Trail Blazers; Spurs,2026-04-08,https://kalshi.com/markets/KXNBA1HWINNER-26APR08PORSAS-SAS,2026-04-23T01:30:00Z
Basketball,NBA,high,grizzlies; nuggets,1,1916255,grizzlies nuggets,Grizzlies,Grizzlies; Nuggets,2026-04-09,https://polymarket.com/event/nba-mem-den-2026-04-08-1h-moneyline,nba-mem-den-2026-04-08-1h-moneyline,https://polymarket.com/event/nba-mem-den-2026-04-08-1h-moneyline,"[""Grizzlies"", ""Nuggets""]","[""23376457165043490589945667128107231444043827211782807703215678245937660424682"", ""1590760785202139117301109829569554239770134798869982234280058695692835821370""]",2026-04-09,2026-04-09,KXNBA1HWINNER-26APR08MEMDEN,KXNBA1HWINNER-26APR08MEMDEN-MEM,Memphis vs Denver: First Half Winner?,Grizzlies; Nuggets,2026-04-08,https://kalshi.com/markets/KXNBA1HWINNER-26APR08MEMDEN-MEM,2026-04-23T01:00:00Z
Basketball,NBA,high,clippers; thunder,1,1916258,clippers thunder,Clippers,Clippers; Thunder,2026-04-09,https://polymarket.com/event/nba-okc-lac-2026-04-08-1h-moneyline,nba-okc-lac-2026-04-08-1h-moneyline,https://polymarket.com/event/nba-okc-lac-2026-04-08-1h-moneyline,"[""Clippers"", ""Thunder""]","[""491252873048470080290823452765177612332444614394498524755921881961085700397"", ""83342407278073302755503019849450611500294823556195552102772878350416317799891""]",2026-04-09,2026-04-09,KXNBA1HWINNER-26APR08OKCLAC,KXNBA1HWINNER-26APR08OKCLAC-LAC,Oklahoma City vs Los Angeles C: First Half Winner?,Thunder; Clippers,2026-04-08,https://kalshi.com/markets/KXNBA1HWINNER-26APR08OKCLAC-LAC,2026-04-23T02:00:00Z
Tennis,WTA,high,ostapenko; ruse,1,1919284,ostapenko ruse,Gabriela Ruse,Ostapenko; Ruse,2026-04-10,https://polymarket.com/event/wta-ostapen-ruse-2026-04-10,wta-ostapen-ruse-2026-04-10,https://polymarket.com/event/wta-ostapen-ruse-2026-04-10,"[""Gabriela Ruse"", ""Jelena Ostapenko""]","[""63715672859541468131152965525041675913281093050518615073265439383214498497540"", ""37060027026934705447616231995876280456665987131016503438526026478803998170996""]",2026-04-17,2026-04-17,KXWTAMATCH-26APR09OSTRUS,KXWTAMATCH-26APR09OSTRUS-RUS,Will Elena-Gabriela Ruse win the Ostapenko vs Ruse : Quarterfinal match?,Ostapenko; Ruse,2026-04-09,https://kalshi.com/markets/KXWTAMATCH-26APR09OSTRUS-RUS,2026-04-23T12:00:00Z
Golf,PGA Tour,high,aberg,1,1899828,aberg,Yes,Aberg,2026-04-13,https://polymarket.com/event/will-ludvig-aberg-shoot-the-lowest-round-at-the-2026-masters,will-ludvig-aberg-shoot-the-lowest-round-at-the-2026-masters,https://polymarket.com/event/will-ludvig-aberg-shoot-the-lowest-round-at-the-2026-masters,"[""Yes"", ""No""]","[""77803535547686772625864094159603606775751225433711735737198643717306325990695"", ""52498249793332812807952039202586593734629496543529275062389615511953850333347""]",2026-04-13,2026-04-13,KXPGATOUR-MAST26-LABE,KXPGATOUR-MAST26-LABE,Will Ludvig Aberg win the Masters Tournament?,Aberg,2026-04-12,https://kalshi.com/markets/KXPGATOUR-MAST26-LABE,2026-04-26T23:00:00Z
Golf,PGA Tour,high,gotterup,1,1899829,gotterup,Yes,Gotterup,2026-04-13,https://polymarket.com/event/will-chris-gotterup-shoot-the-lowest-round-at-the-2026-masters,will-chris-gotterup-shoot-the-lowest-round-at-the-2026-masters,https://polymarket.com/event/will-chris-gotterup-shoot-the-lowest-round-at-the-2026-masters,"[""Yes"", ""No""]","[""28571716847064718359872685609407040195885964271810540048029302417969511351749"", ""7932436808470691624963517892312210074364037924767917645507708637627946805750""]",2026-04-13,2026-04-13,KXPGATOUR-MAST26-CGOT,KXPGATOUR-MAST26-CGOT,Will Chris Gotterup win the Masters Tournament?,Gotterup,2026-04-12,https://kalshi.com/markets/KXPGATOUR-MAST26-CGOT,2026-04-26T23:00:00Z
Golf,PGA Tour,high,bhatia,1,1899830,bhatia,Yes,Bhatia,2026-04-13,https://polymarket.com/event/will-akshay-bhatia-shoot-the-lowest-round-at-the-2026-masters,will-akshay-bhatia-shoot-the-lowest-round-at-the-2026-masters,https://polymarket.com/event/will-akshay-bhatia-shoot-the-lowest-round-at-the-2026-masters,"[""Yes"", ""No""]","[""16420770620518711020875085374474529732082337733423376285277593592169602451447"", ""96624682118121135131585986211395872807370702788693936003900492651811739825479""]",2026-04-13,2026-04-13,KXPGATOUR-MAST26-ABHA,KXPGATOUR-MAST26-ABHA,Will Akshay Bhatia win the Masters Tournament?,Bhatia,2026-04-12,https://kalshi.com/markets/KXPGATOUR-MAST26-ABHA,2026-04-26T23:00:00Z
Golf,PGA Tour,high,bradley,1,1899831,bradley,Yes,Bradley,2026-04-13,https://polymarket.com/event/will-keegan-bradley-shoot-the-lowest-round-at-the-2026-masters,will-keegan-bradley-shoot-the-lowest-round-at-the-2026-masters,https://polymarket.com/event/will-keegan-bradley-shoot-the-lowest-round-at-the-2026-masters,"[""Yes"", ""No""]","[""59986102033750868261482493227117465189034850992947030984852275988222915913297"", ""31026843280343141815677718104301805894390107239434910088540734295837070707476""]",2026-04-13,2026-04-13,KXPGATOUR-MAST26-KBRA,KXPGATOUR-MAST26-KBRA,Will Keegan Bradley win the Masters Tournament?,Bradley,2026-04-12,https://kalshi.com/markets/KXPGATOUR-MAST26-KBRA,2026-04-26T23:00:00Z
Golf,PGA Tour,high,kim,1,1899832,kim,Yes,Kim,2026-04-13,https://polymarket.com/event/will-si-woo-kim-shoot-the-lowest-round-at-the-2026-masters,will-si-woo-kim-shoot-the-lowest-round-at-the-2026-masters,https://polymarket.com/event/will-si-woo-kim-shoot-the-lowest-round-at-the-2026-masters,"[""Yes"", ""No""]","[""102628574732599551765696375999804631796256598311365615325667858938974724735"", ""66581705829859827274851859025955041557816318798351209747022771126524162074518""]",2026-04-13,2026-04-13,KXPGATOUR-MAST26-MKIM,KXPGATOUR-MAST26-MKIM,Will Michael Kim win the Masters Tournament?,Kim,2026-04-12,https://kalshi.com/markets/KXPGATOUR-MAST26-MKIM,2026-04-26T23:00:00Z
Golf,PGA Tour,high,bridgeman,1,1899833,bridgeman,Yes,Bridgeman,2026-04-13,https://polymarket.com/event/will-jacob-bridgeman-shoot-the-lowest-round-at-the-2026-masters,will-jacob-bridgeman-shoot-the-lowest-round-at-the-2026-masters,https://polymarket.com/event/will-jacob-bridgeman-shoot-the-lowest-round-at-the-2026-masters,"[""Yes"", ""No""]","[""42807079241055349417161900248672746718709518511363151520951203115738934542595"", ""68753514202667227056370555885586912594626586639317024484600364272130139725188""]",2026-04-13,2026-04-13,KXPGATOUR-MAST26-JBRI,KXPGATOUR-MAST26-JBRI,Will Jacob Bridgeman win the Masters Tournament?,Bridgeman,2026-04-12,https://kalshi.com/markets/KXPGATOUR-MAST26-JBRI,2026-04-26T23:00:00Z
Golf,PGA Tour,high,burns,1,1899834,burns,Yes,Burns,2026-04-13,https://polymarket.com/event/will-sam-burns-shoot-the-lowest-round-at-the-2026-masters,will-sam-burns-shoot-the-lowest-round-at-the-2026-masters,https://polymarket.com/event/will-sam-burns-shoot-the-lowest-round-at-the-2026-masters,"[""Yes"", ""No""]","[""46583221618100337694164570387288313176347858148461787741293456596975768331963"", ""97192946922656651960843480868470780037639171276224934102854581599821340103543""]",2026-04-13,2026-04-13,KXPGATOUR-MAST26-SBUR,KXPGATOUR-MAST26-SBUR,Will Sam Burns win the Masters Tournament?,Burns,2026-04-12,https://kalshi.com/markets/KXPGATOUR-MAST26-SBUR,2026-04-26T23:00:00Z
Golf,PGA Tour,high,penge,1,1899836,penge,Yes,Penge,2026-04-13,https://polymarket.com/event/will-marco-penge-shoot-the-lowest-round-at-the-2026-masters,will-marco-penge-shoot-the-lowest-round-at-the-2026-masters,https://polymarket.com/event/will-marco-penge-shoot-the-lowest-round-at-the-2026-masters,"[""Yes"", ""No""]","[""94420645140439344989123571512483669063221591151113126942854592194182838704642"", ""68647723313716189821074624320935919163945311588018334187134505307400219056487""]",2026-04-13,2026-04-13,KXPGATOUR-MAST26-MPEN,KXPGATOUR-MAST26-MPEN,Will Marco Penge win the Masters Tournament?,Penge,2026-04-12,https://kalshi.com/markets/KXPGATOUR-MAST26-MPEN,2026-04-26T23:00:00Z
Golf,PGA Tour,high,cantlay,1,1899837,cantlay,Yes,Cantlay,2026-04-13,https://polymarket.com/event/will-patrick-cantlay-shoot-the-lowest-round-at-the-2026-masters,will-patrick-cantlay-shoot-the-lowest-round-at-the-2026-masters,https://polymarket.com/event/will-patrick-cantlay-shoot-the-lowest-round-at-the-2026-masters,"[""Yes"", ""No""]","[""104046486237327733441840375508510601629825327697020902602037024999611134305352"", ""74368845768369786876339888214846685970238902037958449032321351579216908441361""]",2026-04-13,2026-04-13,KXPGATOUR-MAST26-PCAN,KXPGATOUR-MAST26-PCAN,Will Patrick Cantlay win the Masters Tournament?,Cantlay,2026-04-12,https://kalshi.com/markets/KXPGATOUR-MAST26-PCAN,2026-04-26T23:00:00Z
Golf,PGA Tour,high,clark,1,1899838,clark,Yes,Clark,2026-04-13,https://polymarket.com/event/will-wyndham-clark-shoot-the-lowest-round-at-the-2026-masters,will-wyndham-clark-shoot-the-lowest-round-at-the-2026-masters,https://polymarket.com/event/will-wyndham-clark-shoot-the-lowest-round-at-the-2026-masters,"[""Yes"", ""No""]","[""75129815037089455361806327549259348062009887853623373275950524965571148829152"", ""14216437397570955499422791100720770903739137391705988373105149355359430655520""]",2026-04-13,2026-04-13,KXPGATOUR-MAST26-WCLA,KXPGATOUR-MAST26-WCLA,Will Wyndham Clark win the Masters Tournament?,Clark,2026-04-12,https://kalshi.com/markets/KXPGATOUR-MAST26-WCLA,2026-04-26T23:00:00Z
Golf,PGA Tour,high,conners,1,1899839,conners,Yes,Conners,2026-04-13,https://polymarket.com/event/will-corey-conners-shoot-the-lowest-round-at-the-2026-masters,will-corey-conners-shoot-the-lowest-round-at-the-2026-masters,https://polymarket.com/event/will-corey-conners-shoot-the-lowest-round-at-the-2026-masters,"[""Yes"", ""No""]","[""78512784347840289712467669979905781716888130368786892476388350812245723141978"", ""20999219059366811994633282843411069240585029714341869781057339188826905765438""]",2026-04-13,2026-04-13,KXPGATOUR-MAST26-CCOR,KXPGATOUR-MAST26-CCOR,Will Corey Conners win the Masters Tournament?,Conners,2026-04-12,https://kalshi.com/markets/KXPGATOUR-MAST26-CCOR,2026-04-26T23:00:00Z
Golf,PGA Tour,high,couples,1,1899840,couples,Yes,Couples,2026-04-13,https://polymarket.com/event/will-fred-couples-shoot-the-lowest-round-at-the-2026-masters,will-fred-couples-shoot-the-lowest-round-at-the-2026-masters,https://polymarket.com/event/will-fred-couples-shoot-the-lowest-round-at-the-2026-masters,"[""Yes"", ""No""]","[""78842634275378290909932109062764381526760364237332477848836142831466295676955"", ""33940593650868182581332556594827792808946166008912678893616713829656464404168""]",2026-04-13,2026-04-13,KXPGATOUR-MAST26-FCOU,KXPGATOUR-MAST26-FCOU,Will Fred Couples win the Masters Tournament?,Couples,2026-04-12,https://kalshi.com/markets/KXPGATOUR-MAST26-FCOU,2026-04-26T23:00:00Z
Golf,PGA Tour,high,day,1,1899841,day,Yes,Day,2026-04-13,https://polymarket.com/event/will-jason-day-shoot-the-lowest-round-at-the-2026-masters,will-jason-day-shoot-the-lowest-round-at-the-2026-masters,https://polymarket.com/event/will-jason-day-shoot-the-lowest-round-at-the-2026-masters,"[""Yes"", ""No""]","[""20153853250483790643925205121444343117337597760850422685653937022402451026205"", ""53184314438528034045378529938166605654200650414624464786637464367989424452830""]",2026-04-13,2026-04-13,KXPGATOUR-MAST26-JDAY,KXPGATOUR-MAST26-JDAY,Will Jason Day win the Masters Tournament?,Day,2026-04-12,https://kalshi.com/markets/KXPGATOUR-MAST26-JDAY,2026-04-26T23:00:00Z
Golf,PGA Tour,high,dechambeau,1,1899842,dechambeau,Yes,DeChambeau,2026-04-13,https://polymarket.com/event/will-bryson-dechambeau-shoot-the-lowest-round-at-the-2026-masters,will-bryson-dechambeau-shoot-the-lowest-round-at-the-2026-masters,https://polymarket.com/event/will-bryson-dechambeau-shoot-the-lowest-round-at-the-2026-masters,"[""Yes"", ""No""]","[""64174301909585870432409569882974494158761968897203050323993406890851796036545"", ""23585010777607635957796413988705267417449140210978102124217784667723011009949""]",2026-04-13,2026-04-13,KXPGATOUR-MAST26-BDEC,KXPGATOUR-MAST26-BDEC,Will Bryson DeChambeau win the Masters Tournament?,DeChambeau,2026-04-12,https://kalshi.com/markets/KXPGATOUR-MAST26-BDEC,2026-04-26T23:00:00Z
Golf,PGA Tour,high,im,1,1899843,im,Yes,Im,2026-04-13,https://polymarket.com/event/will-sung-jae-im-shoot-the-lowest-round-at-the-2026-masters,will-sung-jae-im-shoot-the-lowest-round-at-the-2026-masters,https://polymarket.com/event/will-sung-jae-im-shoot-the-lowest-round-at-the-2026-masters,"[""Yes"", ""No""]","[""4905407898003703186921163007800354242900012337015792729629299486747798164423"", ""59496427015392494604776563413477213463460053166774000598991682909022734781536""]",2026-04-13,2026-04-13,KXPGATOUR-MAST26-SJIM,KXPGATOUR-MAST26-SJIM,Will Sungjae Im win the Masters Tournament?,Im,2026-04-12,https://kalshi.com/markets/KXPGATOUR-MAST26-SJIM,2026-04-26T23:00:00Z
Golf,PGA Tour,high,english,1,1899844,english,Yes,English,2026-04-13,https://polymarket.com/event/will-harris-english-shoot-the-lowest-round-at-the-2026-masters,will-harris-english-shoot-the-lowest-round-at-the-2026-masters,https://polymarket.com/event/will-harris-english-shoot-the-lowest-round-at-the-2026-masters,"[""Yes"", ""No""]","[""94604278505042609672689322762293892063976854763169936899758689558976433044346"", ""28247124786791592994467771457669962075431220742012348327508289106726375636361""]",2026-04-13,2026-04-13,KXPGATOUR-MAST26-HENG,KXPGATOUR-MAST26-HENG,Will Harris English win the Masters Tournament?,English,2026-04-12,https://kalshi.com/markets/KXPGATOUR-MAST26-HENG,2026-04-26T23:00:00Z
Golf,PGA Tour,high,woodland,1,1899845,woodland,Yes,Woodland,2026-04-13,https://polymarket.com/event/will-gary-woodland-shoot-the-lowest-round-at-the-2026-masters,will-gary-woodland-shoot-the-lowest-round-at-the-2026-masters,https://polymarket.com/event/will-gary-woodland-shoot-the-lowest-round-at-the-2026-masters,"[""Yes"", ""No""]","[""84759945530115327860606290044480694213943567358844443959707410973113991208490"", ""9616116764976839872017225093998071438708678798754332980258760232386845394432""]",2026-04-13,2026-04-13,KXPGATOUR-MAST26-GWOO,KXPGATOUR-MAST26-GWOO,Will Gary Woodland win the Masters Tournament?,Woodland,2026-04-12,https://kalshi.com/markets/KXPGATOUR-MAST26-GWOO,2026-04-26T23:00:00Z
Golf,PGA Tour,high,fitzpatrick,1,1899846,fitzpatrick,Yes,Fitzpatrick,2026-04-13,https://polymarket.com/event/will-matt-fitzpatrick-shoot-the-lowest-round-at-the-2026-masters,will-matt-fitzpatrick-shoot-the-lowest-round-at-the-2026-masters,https://polymarket.com/event/will-matt-fitzpatrick-shoot-the-lowest-round-at-the-2026-masters,"[""Yes"", ""No""]","[""90528973628998891184663887027284790046957571696902116869132313799040012102412"", ""112779878778623102564777780812424366512397466550762068889513146065816958915513""]",2026-04-13,2026-04-13,KXPGATOUR-MAST26-MFIT,KXPGATOUR-MAST26-MFIT,Will Matt Fitzpatrick win the Masters Tournament?,Fitzpatrick,2026-04-12,https://kalshi.com/markets/KXPGATOUR-MAST26-MFIT,2026-04-26T23:00:00Z
Golf,PGA Tour,high,fleetwood,1,1899847,fleetwood,Yes,Fleetwood,2026-04-13,https://polymarket.com/event/will-tommy-fleetwood-shoot-the-lowest-round-at-the-2026-masters,will-tommy-fleetwood-shoot-the-lowest-round-at-the-2026-masters,https://polymarket.com/event/will-tommy-fleetwood-shoot-the-lowest-round-at-the-2026-masters,"[""Yes"", ""No""]","[""52531456045968301795183625634701526055489400523360510961006488204801195297905"", ""7589469225638578576447238390317292534754535993977678251538357534988728917708""]",2026-04-13,2026-04-13,KXPGATOUR-MAST26-TFLE,KXPGATOUR-MAST26-TFLE,Will Tommy Fleetwood win the Masters Tournament?,Fleetwood,2026-04-12,https://kalshi.com/markets/KXPGATOUR-MAST26-TFLE,2026-04-26T23:00:00Z
Golf,PGA Tour,high,berger,1,1899848,berger,Yes,Berger,2026-04-13,https://polymarket.com/event/will-daniel-berger-shoot-the-lowest-round-at-the-2026-masters,will-daniel-berger-shoot-the-lowest-round-at-the-2026-masters,https://polymarket.com/event/will-daniel-berger-shoot-the-lowest-round-at-the-2026-masters,"[""Yes"", ""No""]","[""27429819815651224249419102480523369109231064535994276798191395390203021960988"", ""17254050987602624697004396808219430473932126086288326503284098029015214823828""]",2026-04-13,2026-04-13,KXPGATOUR-MAST26-DBER,KXPGATOUR-MAST26-DBER,Will Daniel Berger win the The Masters?,Berger,2026-04-12,https://kalshi.com/markets/KXPGATOUR-MAST26-DBER,2026-04-26T23:00:00Z
Golf,PGA Tour,high,garcia,1,1899849,garcia,Yes,Garcia,2026-04-13,https://polymarket.com/event/will-sergio-garcia-shoot-the-lowest-round-at-the-2026-masters,will-sergio-garcia-shoot-the-lowest-round-at-the-2026-masters,https://polymarket.com/event/will-sergio-garcia-shoot-the-lowest-round-at-the-2026-masters,"[""Yes"", ""No""]","[""103356636188846424622766996220701013581955569234632772492064206476571860274405"", ""6428197273338558218253373964591521378529071760498984836602456069208247523728""]",2026-04-13,2026-04-13,KXPGATOUR-MAST26-SGAR,KXPGATOUR-MAST26-SGAR,Will Sergio Garcia win the Masters Tournament?,Garcia,2026-04-12,https://kalshi.com/markets/KXPGATOUR-MAST26-SGAR,2026-04-26T23:00:00Z
Golf,PGA Tour,high,kitayama,1,1899851,kitayama,Yes,Kitayama,2026-04-13,https://polymarket.com/event/will-kurt-kitayama-shoot-the-lowest-round-at-the-2026-masters,will-kurt-kitayama-shoot-the-lowest-round-at-the-2026-masters,https://polymarket.com/event/will-kurt-kitayama-shoot-the-lowest-round-at-the-2026-masters,"[""Yes"", ""No""]","[""58726236219396353449122937361639888893089803548459464826565814687171439410876"", ""55860166381349424170191755932013757808958122000757245644969439219130933179280""]",2026-04-13,2026-04-13,KXPGATOUR-MAST26-KKIT,KXPGATOUR-MAST26-KKIT,Will Kurt Kitayama win the Masters Tournament?,Kitayama,2026-04-12,https://kalshi.com/markets/KXPGATOUR-MAST26-KKIT,2026-04-26T23:00:00Z
Golf,PGA Tour,high,fox,1,1899852,fox,Yes,Fox,2026-04-13,https://polymarket.com/event/will-ryan-fox-shoot-the-lowest-round-at-the-2026-masters,will-ryan-fox-shoot-the-lowest-round-at-the-2026-masters,https://polymarket.com/event/will-ryan-fox-shoot-the-lowest-round-at-the-2026-masters,"[""Yes"", ""No""]","[""108123913681551406058065992030816681414984410654611971081962503024130357211024"", ""57067957332399666534051296042388660521073835911650593025944576117630452711688""]",2026-04-13,2026-04-13,KXPGATOUR-MAST26-RFOX,KXPGATOUR-MAST26-RFOX,Will Ryan Fox win the Masters Tournament?,Fox,2026-04-12,https://kalshi.com/markets/KXPGATOUR-MAST26-RFOX,2026-04-26T23:00:00Z
Golf,PGA Tour,high,jarvis,1,1899853,jarvis,Yes,Jarvis,2026-04-13,https://polymarket.com/event/will-casey-jarvis-shoot-the-lowest-round-at-the-2026-masters,will-casey-jarvis-shoot-the-lowest-round-at-the-2026-masters,https://polymarket.com/event/will-casey-jarvis-shoot-the-lowest-round-at-the-2026-masters,"[""Yes"", ""No""]","[""73189198926092704242941554398817011839523442415303954599087420618219126329872"", ""40831397496898032349197007446007571828427827365764166229821894587739271221957""]",2026-04-13,2026-04-13,KXPGATOUR-MAST26-CJAR,KXPGATOUR-MAST26-CJAR,Will Casey Jarvis win the The Masters?,Jarvis,2026-04-12,https://kalshi.com/markets/KXPGATOUR-MAST26-CJAR,2026-04-26T23:00:00Z
Golf,PGA Tour,high,greyserman,1,1899854,greyserman,Yes,Greyserman,2026-04-13,https://polymarket.com/event/will-max-greyserman-shoot-the-lowest-round-at-the-2026-masters,will-max-greyserman-shoot-the-lowest-round-at-the-2026-masters,https://polymarket.com/event/will-max-greyserman-shoot-the-lowest-round-at-the-2026-masters,"[""Yes"", ""No""]","[""68927635504119590171472231095868113685177990655481717855925503095187762393653"", ""46467892193691705709225033708594636738904369933300693487155702589449222861445""]",2026-04-13,2026-04-13,KXPGATOUR-MAST26-MGRE,KXPGATOUR-MAST26-MGRE,Will Max Greyserman win the Masters Tournament?,Greyserman,2026-04-12,https://kalshi.com/markets/KXPGATOUR-MAST26-MGRE,2026-04-26T23:00:00Z
Golf,PGA Tour,high,harman,1,1899855,harman,Yes,Harman,2026-04-13,https://polymarket.com/event/will-brian-harman-shoot-the-lowest-round-at-the-2026-masters,will-brian-harman-shoot-the-lowest-round-at-the-2026-masters,https://polymarket.com/event/will-brian-harman-shoot-the-lowest-round-at-the-2026-masters,"[""Yes"", ""No""]","[""109241046476780651844810638488032564395591605201107484456182986454813830073524"", ""35540349776128395558577525325738844150805246857275842821062985980484433651624""]",2026-04-13,2026-04-13,KXPGATOUR-MAST26-BHAR,KXPGATOUR-MAST26-BHAR,Will Brian Harman win the Masters Tournament?,Harman,2026-04-12,https://kalshi.com/markets/KXPGATOUR-MAST26-BHAR,2026-04-26T23:00:00Z
Golf,PGA Tour,high,hatton,1,1899856,hatton,Yes,Hatton,2026-04-13,https://polymarket.com/event/will-tyrrell-hatton-shoot-the-lowest-round-at-the-2026-masters,will-tyrrell-hatton-shoot-the-lowest-round-at-the-2026-masters,https://polymarket.com/event/will-tyrrell-hatton-shoot-the-lowest-round-at-the-2026-masters,"[""Yes"", ""No""]","[""94790593734007385312275762629719549332038525958159687080272100489303703965132"", ""60764388053331270172912577178976479524244555422335394450126340233977350206821""]",2026-04-13,2026-04-13,KXPGATOUR-MAST26-THAT,KXPGATOUR-MAST26-THAT,Will Tyrrell Hatton win the Masters Tournament?,Hatton,2026-04-12,https://kalshi.com/markets/KXPGATOUR-MAST26-THAT,2026-04-26T23:00:00Z
Golf,PGA Tour,high,henley,1,1899857,henley,Yes,Henley,2026-04-13,https://polymarket.com/event/will-russell-henley-shoot-the-lowest-round-at-the-2026-masters,will-russell-henley-shoot-the-lowest-round-at-the-2026-masters,https://polymarket.com/event/will-russell-henley-shoot-the-lowest-round-at-the-2026-masters,"[""Yes"", ""No""]","[""11888438592052065683639841187505658253040480453522692535092935241555923787380"", ""76140351364300209481348740134433757937517044473430600558468380120371011641253""]",2026-04-13,2026-04-13,KXPGATOUR-MAST26-RHEN,KXPGATOUR-MAST26-RHEN,Will Russell Henley win the Masters Tournament?,Henley,2026-04-12,https://kalshi.com/markets/KXPGATOUR-MAST26-RHEN,2026-04-26T23:00:00Z
Golf,PGA Tour,high,taylor,1,1899858,taylor,Yes,Taylor,2026-04-13,https://polymarket.com/event/will-nick-taylor-shoot-the-lowest-round-at-the-2026-masters,will-nick-taylor-shoot-the-lowest-round-at-the-2026-masters,https://polymarket.com/event/will-nick-taylor-shoot-the-lowest-round-at-the-2026-masters,"[""Yes"", ""No""]","[""100827399996688418659456875540261677112839093716328780369379273983554947091069"", ""62977406491714766471438762979615882495494026104481903241933256002144743928205""]",2026-04-13,2026-04-13,KXPGATOUR-MAST26-NTAY,KXPGATOUR-MAST26-NTAY,Will Nick Taylor win the Masters Tournament?,Taylor,2026-04-12,https://kalshi.com/markets/KXPGATOUR-MAST26-NTAY,2026-04-26T23:00:00Z
Golf,PGA Tour,high,hojgaard,1,1899859,hojgaard,Yes,Hojgaard,2026-04-13,https://polymarket.com/event/will-nicolai-hojgaard-shoot-the-lowest-round-at-the-2026-masters,will-nicolai-hojgaard-shoot-the-lowest-round-at-the-2026-masters,https://polymarket.com/event/will-nicolai-hojgaard-shoot-the-lowest-round-at-the-2026-masters,"[""Yes"", ""No""]","[""50447124753881706500870355964809866245261084712707675809364120073155548060564"", ""36750095280131018828215391858659141161141715513768999573722343542104795514490""]",2026-04-13,2026-04-13,KXPGATOUR-MAST26-NHOJ,KXPGATOUR-MAST26-NHOJ,Will Nicolai Hojgaard win the The Masters?,Hojgaard,2026-04-12,https://kalshi.com/markets/KXPGATOUR-MAST26-NHOJ,2026-04-26T23:00:00Z
Golf,PGA Tour,high,potgieter,1,1899861,potgieter,Yes,Potgieter,2026-04-13,https://polymarket.com/event/will-aldrich-potgieter-shoot-the-lowest-round-at-the-2026-masters,will-aldrich-potgieter-shoot-the-lowest-round-at-the-2026-masters,https://polymarket.com/event/will-aldrich-potgieter-shoot-the-lowest-round-at-the-2026-masters,"[""Yes"", ""No""]","[""22089176205396742990799455682035592865756292924392346501182484250699860051019"", ""96572682423893239601653283383567720852749572499792843759198377807296277920970""]",2026-04-13,2026-04-13,KXPGATOUR-MAST26-APOT,KXPGATOUR-MAST26-APOT,Will Aldrich Potgieter win the Masters Tournament?,Potgieter,2026-04-12,https://kalshi.com/markets/KXPGATOUR-MAST26-APOT,2026-04-26T23:00:00Z
Golf,PGA Tour,high,homa,1,1899862,homa,Yes,Homa,2026-04-13,https://polymarket.com/event/will-max-homa-shoot-the-lowest-round-at-the-2026-masters,will-max-homa-shoot-the-lowest-round-at-the-2026-masters,https://polymarket.com/event/will-max-homa-shoot-the-lowest-round-at-the-2026-masters,"[""Yes"", ""No""]","[""60136497476055988103360626764552991688355199507095149294090416932244073540565"", ""109978924927344425837313995946973106006025289204416278431062145316255617594978""]",2026-04-13,2026-04-13,KXPGATOUR-MAST26-MHOM,KXPGATOUR-MAST26-MHOM,Will Max Homa win the Masters Tournament?,Homa,2026-04-12,https://kalshi.com/markets/KXPGATOUR-MAST26-MHOM,2026-04-26T23:00:00Z
Golf,PGA Tour,high,hovland,1,1899863,hovland,Yes,Hovland,2026-04-13,https://polymarket.com/event/will-viktor-hovland-shoot-the-lowest-round-at-the-2026-masters,will-viktor-hovland-shoot-the-lowest-round-at-the-2026-masters,https://polymarket.com/event/will-viktor-hovland-shoot-the-lowest-round-at-the-2026-masters,"[""Yes"", ""No""]","[""27162094223102854949580644770280762037521727110971264843690744741959604125757"", ""80827256155381220532736634184329497996961195470191222935941365748002151924473""]",2026-04-13,2026-04-13,KXPGATOUR-MAST26-VHOV,KXPGATOUR-MAST26-VHOV,Will Viktor Hovland win the Masters Tournament?,Hovland,2026-04-12,https://kalshi.com/markets/KXPGATOUR-MAST26-VHOV,2026-04-26T23:00:00Z
Golf,PGA Tour,high,echavarria,1,1899864,echavarria,Yes,Echavarria,2026-04-13,https://polymarket.com/event/will-nicolas-echavarria-shoot-the-lowest-round-at-the-2026-masters,will-nicolas-echavarria-shoot-the-lowest-round-at-the-2026-masters,https://polymarket.com/event/will-nicolas-echavarria-shoot-the-lowest-round-at-the-2026-masters,"[""Yes"", ""No""]","[""11830681373789245635594727031220471026542834097908678122087100773444971620985"", ""16124902183706329562758609454104368021611838650114123135215309594017521892643""]",2026-04-13,2026-04-13,KXPGATOUR-MAST26-NECH,KXPGATOUR-MAST26-NECH,Will Nicolas Echavarria win the The Masters?,Echavarria,2026-04-12,https://kalshi.com/markets/KXPGATOUR-MAST26-NECH,2026-04-26T23:00:00Z
Golf,PGA Tour,high,mccarty,1,1899865,mccarty,Yes,McCarty,2026-04-13,https://polymarket.com/event/will-matt-mccarty-shoot-the-lowest-round-at-the-2026-masters,will-matt-mccarty-shoot-the-lowest-round-at-the-2026-masters,https://polymarket.com/event/will-matt-mccarty-shoot-the-lowest-round-at-the-2026-masters,"[""Yes"", ""No""]","[""3552196676409431256058321264726632856457742136928123304011974993547282975714"", ""68968556688574061075175567377701482153188507579441093788107154645584960439465""]",2026-04-13,2026-04-13,KXPGATOUR-MAST26-MMCC,KXPGATOUR-MAST26-MMCC,Will Matthew McCarty win the The Masters?,McCarty,2026-04-12,https://kalshi.com/markets/KXPGATOUR-MAST26-MMCC,2026-04-26T23:00:00Z
Golf,PGA Tour,high,gerard,1,1899866,gerard,Yes,Gerard,2026-04-13,https://polymarket.com/event/will-ryan-gerard-shoot-the-lowest-round-at-the-2026-masters,will-ryan-gerard-shoot-the-lowest-round-at-the-2026-masters,https://polymarket.com/event/will-ryan-gerard-shoot-the-lowest-round-at-the-2026-masters,"[""Yes"", ""No""]","[""445870183154446188738431939202704465752561339716080567523202758257637685320"", ""112598035721692835132388874245276074141307230386014896510465785414627953581878""]",2026-04-13,2026-04-13,KXPGATOUR-MAST26-RGER,KXPGATOUR-MAST26-RGER,Will Ryan Gerard win the Masters Tournament?,Gerard,2026-04-12,https://kalshi.com/markets/KXPGATOUR-MAST26-RGER,2026-04-26T23:00:00Z
Golf,PGA Tour,high,johnson,1,1899867,johnson,Yes,Johnson,2026-04-13,https://polymarket.com/event/will-dustin-johnson-shoot-the-lowest-round-at-the-2026-masters,will-dustin-johnson-shoot-the-lowest-round-at-the-2026-masters,https://polymarket.com/event/will-dustin-johnson-shoot-the-lowest-round-at-the-2026-masters,"[""Yes"", ""No""]","[""58351814654710126501902898959550409230845873545394362824325679416238996634136"", ""7010281782609756656063765347319208080826948200590527877495587298673623703663""]",2026-04-13,2026-04-13,KXPGATOUR-MAST26-DJOH,KXPGATOUR-MAST26-DJOH,Will Dustin Johnson win the Masters Tournament?,Johnson,2026-04-12,https://kalshi.com/markets/KXPGATOUR-MAST26-DJOH,2026-04-26T23:00:00Z
Golf,PGA Tour,high,stevens,1,1899869,stevens,Yes,Stevens,2026-04-13,https://polymarket.com/event/will-sam-stevens-shoot-the-lowest-round-at-the-2026-masters,will-sam-stevens-shoot-the-lowest-round-at-the-2026-masters,https://polymarket.com/event/will-sam-stevens-shoot-the-lowest-round-at-the-2026-masters,"[""Yes"", ""No""]","[""33423367654905390680807722955981242202760307016401629444044919630361460667172"", ""108727995012997401903754156107935533939939107975611727454709071814873718940543""]",2026-04-13,2026-04-13,KXPGATOUR-MAST26-SSTE,KXPGATOUR-MAST26-SSTE,Will Sam Stevens win the Masters Tournament?,Stevens,2026-04-12,https://kalshi.com/markets/KXPGATOUR-MAST26-SSTE,2026-04-26T23:00:00Z
Golf,PGA Tour,high,hall,1,1899870,hall,Yes,Hall,2026-04-13,https://polymarket.com/event/will-harry-hall-shoot-the-lowest-round-at-the-2026-masters,will-harry-hall-shoot-the-lowest-round-at-the-2026-masters,https://polymarket.com/event/will-harry-hall-shoot-the-lowest-round-at-the-2026-masters,"[""Yes"", ""No""]","[""19711082794544634454804873937360494716353170335142624403032072667198991679317"", ""17841487279023118542051403590689921017544236437513373341333607871471842990240""]",2026-04-13,2026-04-13,KXPGATOUR-MAST26-HHAL,KXPGATOUR-MAST26-HHAL,Will Harry Hall win the Masters Tournament?,Hall,2026-04-12,https://kalshi.com/markets/KXPGATOUR-MAST26-HHAL,2026-04-26T23:00:00Z
Golf,PGA Tour,high,mckibbin,1,1899871,mckibbin,Yes,McKibbin,2026-04-13,https://polymarket.com/event/will-tom-mckibbin-shoot-the-lowest-round-at-the-2026-masters,will-tom-mckibbin-shoot-the-lowest-round-at-the-2026-masters,https://polymarket.com/event/will-tom-mckibbin-shoot-the-lowest-round-at-the-2026-masters,"[""Yes"", ""No""]","[""47864640788775298414955741467595456979598707117033341185779682479120158608591"", ""62708985437059731262474763951294792131343552186112893882682825093410725969839""]",2026-04-13,2026-04-13,KXPGATOUR-MAST26-TMCK,KXPGATOUR-MAST26-TMCK,Will Tom McKibbin win the Masters Tournament?,McKibbin,2026-04-12,https://kalshi.com/markets/KXPGATOUR-MAST26-TMCK,2026-04-26T23:00:00Z
Golf,PGA Tour,high,keefer,1,1899874,keefer,Yes,Keefer,2026-04-13,https://polymarket.com/event/will-johnny-keefer-shoot-the-lowest-round-at-the-2026-masters,will-johnny-keefer-shoot-the-lowest-round-at-the-2026-masters,https://polymarket.com/event/will-johnny-keefer-shoot-the-lowest-round-at-the-2026-masters,"[""Yes"", ""No""]","[""78489757992502494400728216937252646777563969029789493127456239061770611337153"", ""54783242447878694764588811839632960059105145481056055955844238685246866144920""]",2026-04-13,2026-04-13,KXPGATOUR-MAST26-JKEE,KXPGATOUR-MAST26-JKEE,Will John Keefer win the Masters Tournament?,Keefer,2026-04-12,https://kalshi.com/markets/KXPGATOUR-MAST26-JKEE,2026-04-26T23:00:00Z
Golf,PGA Tour,high,koepka,1,1899875,koepka,Yes,Koepka,2026-04-13,https://polymarket.com/event/will-brooks-koepka-shoot-the-lowest-round-at-the-2026-masters,will-brooks-koepka-shoot-the-lowest-round-at-the-2026-masters,https://polymarket.com/event/will-brooks-koepka-shoot-the-lowest-round-at-the-2026-masters,"[""Yes"", ""No""]","[""97828126602860558078976822448809128293200518101147475828495170779779802533815"", ""20822563364785474420911612951179352130335879567176589157426981230648344211829""]",2026-04-13,2026-04-13,KXPGATOUR-MAST26-BKOE,KXPGATOUR-MAST26-BKOE,Will Brooks Koepka win the Masters Tournament?,Koepka,2026-04-12,https://kalshi.com/markets/KXPGATOUR-MAST26-BKOE,2026-04-26T23:00:00Z
Golf,PGA Tour,high,novak,1,1899878,novak,Yes,Novak,2026-04-13,https://polymarket.com/event/will-andrew-novak-shoot-the-lowest-round-at-the-2026-masters,will-andrew-novak-shoot-the-lowest-round-at-the-2026-masters,https://polymarket.com/event/will-andrew-novak-shoot-the-lowest-round-at-the-2026-masters,"[""Yes"", ""No""]","[""46433188398395070766371043522583089798867084863649273624206647776112680057513"", ""110072215034083260895915991134274632509339551352530203793404726108122887529289""]",2026-04-13,2026-04-13,KXPGATOUR-MAST26-ANOV,KXPGATOUR-MAST26-ANOV,Will Andrew Novak win the Masters Tournament?,Novak,2026-04-12,https://kalshi.com/markets/KXPGATOUR-MAST26-ANOV,2026-04-26T23:00:00Z
Golf,PGA Tour,high,lowry,1,1899879,lowry,Yes,Lowry,2026-04-13,https://polymarket.com/event/will-shane-lowry-shoot-the-lowest-round-at-the-2026-masters,will-shane-lowry-shoot-the-lowest-round-at-the-2026-masters,https://polymarket.com/event/will-shane-lowry-shoot-the-lowest-round-at-the-2026-masters,"[""Yes"", ""No""]","[""38595547415554214235697365797097035563526457859771309885901908180064307730349"", ""66325787370826454735897084752609951117944527573809848761953700587792283874388""]",2026-04-13,2026-04-13,KXPGATOUR-MAST26-SLOW,KXPGATOUR-MAST26-SLOW,Will Shane Lowry win the Masters Tournament?,Lowry,2026-04-12,https://kalshi.com/markets/KXPGATOUR-MAST26-SLOW,2026-04-26T23:00:00Z
Golf,PGA Tour,high,macintyre,1,1899880,macintyre,Yes,MacIntyre,2026-04-13,https://polymarket.com/event/will-robert-macintyre-shoot-the-lowest-round-at-the-2026-masters,will-robert-macintyre-shoot-the-lowest-round-at-the-2026-masters,https://polymarket.com/event/will-robert-macintyre-shoot-the-lowest-round-at-the-2026-masters,"[""Yes"", ""No""]","[""71541691088460573564509646014055127477386170471973305386740205334223990167886"", ""81951367253144491137848470975140917278991803919284844420125976319343026314575""]",2026-04-13,2026-04-13,KXPGATOUR-MAST26-RMAC,KXPGATOUR-MAST26-RMAC,Will Robert MacIntyre win the Masters Tournament?,MacIntyre,2026-04-12,https://kalshi.com/markets/KXPGATOUR-MAST26-RMAC,2026-04-26T23:00:00Z
Golf,PGA Tour,high,matsuyama,1,1899881,matsuyama,Yes,Matsuyama,2026-04-13,https://polymarket.com/event/will-hideki-matsuyama-shoot-the-lowest-round-at-the-2026-masters,will-hideki-matsuyama-shoot-the-lowest-round-at-the-2026-masters,https://polymarket.com/event/will-hideki-matsuyama-shoot-the-lowest-round-at-the-2026-masters,"[""Yes"", ""No""]","[""45488515071331118940489522034517690752761554282950890804906068654065504664505"", ""359068472745936748665241692975111459534006189377420646688445820159170415259""]",2026-04-13,2026-04-13,KXPGATOUR-MAST26-HMAT,KXPGATOUR-MAST26-HMAT,Will Hideki Matsuyama win the Masters Tournament?,Matsuyama,2026-04-12,https://kalshi.com/markets/KXPGATOUR-MAST26-HMAT,2026-04-26T23:00:00Z
Golf,PGA Tour,high,brennan,1,1899882,brennan,Yes,Brennan,2026-04-13,https://polymarket.com/event/will-michael-brennan-shoot-the-lowest-round-at-the-2026-masters,will-michael-brennan-shoot-the-lowest-round-at-the-2026-masters,https://polymarket.com/event/will-michael-brennan-shoot-the-lowest-round-at-the-2026-masters,"[""Yes"", ""No""]","[""100773124870779675604757830292885804708817523129414635144856187269379325098224"", ""81935432093817556372780234620613385974640908980161822134013042108992058548726""]",2026-04-13,2026-04-13,KXPGATOUR-MAST26-MBRE,KXPGATOUR-MAST26-MBRE,Will Michael Brennan win the Masters Tournament?,Brennan,2026-04-12,https://kalshi.com/markets/KXPGATOUR-MAST26-MBRE,2026-04-26T23:00:00Z
Golf,PGA Tour,high,mcilroy,1,1899883,mcilroy,Yes,McIlroy,2026-04-13,https://polymarket.com/event/will-rory-mcilroy-shoot-the-lowest-round-at-the-2026-masters,will-rory-mcilroy-shoot-the-lowest-round-at-the-2026-masters,https://polymarket.com/event/will-rory-mcilroy-shoot-the-lowest-round-at-the-2026-masters,"[""Yes"", ""No""]","[""11060580019857432439767527827056071834796564075894090357922264108787196791492"", ""49276027453163105870075881392673138765099885465363092929845363263525752351291""]",2026-04-13,2026-04-13,KXPGATOUR-MAST26-RMCI,KXPGATOUR-MAST26-RMCI,Will Rory McIlroy win the Masters Tournament?,McIlroy,2026-04-12,https://kalshi.com/markets/KXPGATOUR-MAST26-RMCI,2026-04-26T23:00:00Z
Golf,PGA Tour,high,reitan,1,1899884,reitan,Yes,Reitan,2026-04-13,https://polymarket.com/event/will-kristoffer-reitan-shoot-the-lowest-round-at-the-2026-masters,will-kristoffer-reitan-shoot-the-lowest-round-at-the-2026-masters,https://polymarket.com/event/will-kristoffer-reitan-shoot-the-lowest-round-at-the-2026-masters,"[""Yes"", ""No""]","[""30924052573690363735651523586596920043170350014979156480539227623126858973170"", ""28858947412100272443980170110428232180092511499795480922949920082967276362938""]",2026-04-13,2026-04-13,KXPGATOUR-MAST26-KREI,KXPGATOUR-MAST26-KREI,Will Kristoffer Reitan win the Masters Tournament?,Reitan,2026-04-12,https://kalshi.com/markets/KXPGATOUR-MAST26-KREI,2026-04-26T23:00:00Z
Golf,PGA Tour,high,mcnealy,1,1899885,mcnealy,Yes,McNealy,2026-04-13,https://polymarket.com/event/will-maverick-mcnealy-shoot-the-lowest-round-at-the-2026-masters,will-maverick-mcnealy-shoot-the-lowest-round-at-the-2026-masters,https://polymarket.com/event/will-maverick-mcnealy-shoot-the-lowest-round-at-the-2026-masters,"[""Yes"", ""No""]","[""7047120047319478832512565884520805013930301413394420621078841842375448115785"", ""29742418000128656424022327873235089330441976534311924298489973506476525490460""]",2026-04-13,2026-04-13,KXPGATOUR-MAST26-MMCN,KXPGATOUR-MAST26-MMCN,Will Maverick McNealy win the Masters Tournament?,McNealy,2026-04-12,https://kalshi.com/markets/KXPGATOUR-MAST26-MMCN,2026-04-26T23:00:00Z
Golf,PGA Tour,high,morikawa,1,1899886,morikawa,Yes,Morikawa,2026-04-13,https://polymarket.com/event/will-collin-morikawa-shoot-the-lowest-round-at-the-2026-masters,will-collin-morikawa-shoot-the-lowest-round-at-the-2026-masters,https://polymarket.com/event/will-collin-morikawa-shoot-the-lowest-round-at-the-2026-masters,"[""Yes"", ""No""]","[""89518717832964751134717190874249535141540597044674723001853517472308909638599"", ""29993288960498111252099189359232607459372250858500210847698222032263473609396""]",2026-04-13,2026-04-13,KXPGATOUR-MAST26-CMOR,KXPGATOUR-MAST26-CMOR,Will Collin Morikawa win the Masters Tournament?,Morikawa,2026-04-12,https://kalshi.com/markets/KXPGATOUR-MAST26-CMOR,2026-04-26T23:00:00Z
Golf,PGA Tour,high,riley,1,1899887,riley,Yes,Riley,2026-04-13,https://polymarket.com/event/will-davis-riley-shoot-the-lowest-round-at-the-2026-masters,will-davis-riley-shoot-the-lowest-round-at-the-2026-masters,https://polymarket.com/event/will-davis-riley-shoot-the-lowest-round-at-the-2026-masters,"[""Yes"", ""No""]","[""39249336843433814471695950803321859901435136694459697311264506902132253356462"", ""53588780207714569482085408134085846311189155651759561936963512692644863830261""]",2026-04-13,2026-04-13,KXPGATOUR-MAST26-DRIL,KXPGATOUR-MAST26-DRIL,Will Davis Riley win the Masters Tournament?,Riley,2026-04-12,https://kalshi.com/markets/KXPGATOUR-MAST26-DRIL,2026-04-26T23:00:00Z
Golf,PGA Tour,high,noren,1,1899888,noren,Yes,Noren,2026-04-13,https://polymarket.com/event/will-alexander-noren-shoot-the-lowest-round-at-the-2026-masters,will-alexander-noren-shoot-the-lowest-round-at-the-2026-masters,https://polymarket.com/event/will-alexander-noren-shoot-the-lowest-round-at-the-2026-masters,"[""Yes"", ""No""]","[""49425677879995059643168233184836831725401238344371821273946508959655526793838"", ""10332009234549963044708223285310467630329900533361972854265634698307864770165""]",2026-04-13,2026-04-13,KXPGATOUR-MAST26-ANOR,KXPGATOUR-MAST26-ANOR,Will Alex Noren win the Masters Tournament?,Noren,2026-04-12,https://kalshi.com/markets/KXPGATOUR-MAST26-ANOR,2026-04-26T23:00:00Z
Golf,PGA Tour,high,campbell,1,1899889,campbell,Yes,Campbell,2026-04-13,https://polymarket.com/event/will-brian-campbell-shoot-the-lowest-round-at-the-2026-masters,will-brian-campbell-shoot-the-lowest-round-at-the-2026-masters,https://polymarket.com/event/will-brian-campbell-shoot-the-lowest-round-at-the-2026-masters,"[""Yes"", ""No""]","[""53437898702882955876189272981496459519403691284415285875724975001227332064468"", ""92496869740370196842591044713011621861658883914699212446934415639802163953985""]",2026-04-13,2026-04-13,KXPGATOUR-MAST26-BCAM,KXPGATOUR-MAST26-BCAM,Will Brian Campbell win the Masters Tournament?,Campbell,2026-04-12,https://kalshi.com/markets/KXPGATOUR-MAST26-BCAM,2026-04-26T23:00:00Z
Golf,PGA Tour,high,fang,1,1899890,fang,Yes,Fang,2026-04-13,https://polymarket.com/event/will-ethan-fang-shoot-the-lowest-round-at-the-2026-masters,will-ethan-fang-shoot-the-lowest-round-at-the-2026-masters,https://polymarket.com/event/will-ethan-fang-shoot-the-lowest-round-at-the-2026-masters,"[""Yes"", ""No""]","[""112039677982920760333796700425398197027165182588232608898872956242213300028065"", ""87573997398422317947455117979388419136746040235815544139542042300224370585289""]",2026-04-13,2026-04-13,KXPGATOUR-MAST26-EFAN,KXPGATOUR-MAST26-EFAN,Will Ethan Fang win the Masters Tournament?,Fang,2026-04-12,https://kalshi.com/markets/KXPGATOUR-MAST26-EFAN,2026-04-26T23:00:00Z
Golf,PGA Tour,high,laopakdee,1,1899891,laopakdee,Yes,Laopakdee,2026-04-13,https://polymarket.com/event/will-pongsapak-laopakdee-shoot-the-lowest-round-at-the-2026-masters,will-pongsapak-laopakdee-shoot-the-lowest-round-at-the-2026-masters,https://polymarket.com/event/will-pongsapak-laopakdee-shoot-the-lowest-round-at-the-2026-masters,"[""Yes"", ""No""]","[""97496782844903860238704959224577214491150076383486457254430663473499454184906"", ""22439250511766640072163736651479617645079458252560206827683710889260454519986""]",2026-04-13,2026-04-13,KXPGATOUR-MAST26-FLAO,KXPGATOUR-MAST26-FLAO,Will Fifa Laopakdee win the The Masters?,Laopakdee,2026-04-12,https://kalshi.com/markets/KXPGATOUR-MAST26-FLAO,2026-04-26T23:00:00Z
Golf,PGA Tour,high,kataoka,1,1899892,kataoka,Yes,Kataoka,2026-04-13,https://polymarket.com/event/will-naoyuki-kataoka-shoot-the-lowest-round-at-the-2026-masters,will-naoyuki-kataoka-shoot-the-lowest-round-at-the-2026-masters,https://polymarket.com/event/will-naoyuki-kataoka-shoot-the-lowest-round-at-the-2026-masters,"[""Yes"", ""No""]","[""81279251579007366893825811084133101303839353544537087707691299719056847401821"", ""7594129849055170652940582534535215183622104856678640599204571645993224903358""]",2026-04-13,2026-04-13,KXPGATOUR-MAST26-NKAT,KXPGATOUR-MAST26-NKAT,Will Naoyuki Kataoka win the The Masters?,Kataoka,2026-04-12,https://kalshi.com/markets/KXPGATOUR-MAST26-NKAT,2026-04-26T23:00:00Z
Golf,PGA Tour,high,howell,1,1899893,howell,Yes,Howell,2026-04-13,https://polymarket.com/event/will-mason-howell-shoot-the-lowest-round-at-the-2026-masters,will-mason-howell-shoot-the-lowest-round-at-the-2026-masters,https://polymarket.com/event/will-mason-howell-shoot-the-lowest-round-at-the-2026-masters,"[""Yes"", ""No""]","[""106423193100685389354901672795447816573289204155320210426812275163568052892399"", ""102097786205407700037957661369564383195937102431215873660750691354323036016839""]",2026-04-13,2026-04-13,KXPGATOUR-MAST26-MHOW,KXPGATOUR-MAST26-MHOW,Will Mason Howell win the Masters Tournament?,Howell,2026-04-12,https://kalshi.com/markets/KXPGATOUR-MAST26-MHOW,2026-04-26T23:00:00Z
Golf,PGA Tour,high,pulcini,1,1899894,pulcini,Yes,Pulcini,2026-04-13,https://polymarket.com/event/will-mateo-pulcini-shoot-the-lowest-round-at-the-2026-masters,will-mateo-pulcini-shoot-the-lowest-round-at-the-2026-masters,https://polymarket.com/event/will-mateo-pulcini-shoot-the-lowest-round-at-the-2026-masters,"[""Yes"", ""No""]","[""36349356824136248626932263103982922903624527359047202388734769974808134270473"", ""73537294553147141150033064213802844842513131889430755274723959275951292830811""]",2026-04-13,2026-04-13,KXPGATOUR-MAST26-MPUL,KXPGATOUR-MAST26-MPUL,Will Mateo Pulcini win the The Masters?,Pulcini,2026-04-12,https://kalshi.com/markets/KXPGATOUR-MAST26-MPUL,2026-04-26T23:00:00Z
Golf,PGA Tour,high,rahm,1,1899895,rahm,Yes,Rahm,2026-04-13,https://polymarket.com/event/will-jon-rahm-shoot-the-lowest-round-at-the-2026-masters,will-jon-rahm-shoot-the-lowest-round-at-the-2026-masters,https://polymarket.com/event/will-jon-rahm-shoot-the-lowest-round-at-the-2026-masters,"[""Yes"", ""No""]","[""98327137116037719519558028325983391537604164083670979339371612981472625240509"", ""41649093465052979995957887957125466390854568938259588270236201675999524998227""]",2026-04-13,2026-04-13,KXPGATOUR-MAST26-JRAH,KXPGATOUR-MAST26-JRAH,Will Jon Rahm win the Masters Tournament?,Rahm,2026-04-12,https://kalshi.com/markets/KXPGATOUR-MAST26-JRAH,2026-04-26T23:00:00Z
Golf,PGA Tour,high,rai,1,1899896,rai,Yes,Rai,2026-04-13,https://polymarket.com/event/will-aaron-rai-shoot-the-lowest-round-at-the-2026-masters,will-aaron-rai-shoot-the-lowest-round-at-the-2026-masters,https://polymarket.com/event/will-aaron-rai-shoot-the-lowest-round-at-the-2026-masters,"[""Yes"", ""No""]","[""70384119420565231483818053923646703188433132451036375882481569910954652267864"", ""30842373541255147999301400509133802529485569908653837058418775446216192050853""]",2026-04-13,2026-04-13,KXPGATOUR-MAST26-ARAI,KXPGATOUR-MAST26-ARAI,Will Aaron Rai win the Masters Tournament?,Rai,2026-04-12,https://kalshi.com/markets/KXPGATOUR-MAST26-ARAI,2026-04-26T23:00:00Z
Golf,PGA Tour,high,reed,1,1899897,reed,Yes,Reed,2026-04-13,https://polymarket.com/event/will-patrick-reed-shoot-the-lowest-round-at-the-2026-masters,will-patrick-reed-shoot-the-lowest-round-at-the-2026-masters,https://polymarket.com/event/will-patrick-reed-shoot-the-lowest-round-at-the-2026-masters,"[""Yes"", ""No""]","[""2618916165296341626800981492229064303723047716558745591341004087808563691644"", ""32824104793267468104132722799426828796746491065854932083728341883081511031520""]",2026-04-13,2026-04-13,KXPGATOUR-MAST26-PREE,KXPGATOUR-MAST26-PREE,Will Patrick Reed win the Masters Tournament?,Reed,2026-04-12,https://kalshi.com/markets/KXPGATOUR-MAST26-PREE,2026-04-26T23:00:00Z
Golf,PGA Tour,high,herrington,1,1899898,herrington,Yes,Herrington,2026-04-13,https://polymarket.com/event/will-jackson-herrington-shoot-the-lowest-round-at-the-2026-masters,will-jackson-herrington-shoot-the-lowest-round-at-the-2026-masters,https://polymarket.com/event/will-jackson-herrington-shoot-the-lowest-round-at-the-2026-masters,"[""Yes"", ""No""]","[""109393654792952740308121834645006850075645215454755660458787674482767779531894"", ""97710628350688010819071016924156590019287982922944726627361747492289226715293""]",2026-04-13,2026-04-13,KXPGATOUR-MAST26-JHER,KXPGATOUR-MAST26-JHER,Will Jackson Herrington win the The Masters?,Herrington,2026-04-12,https://kalshi.com/markets/KXPGATOUR-MAST26-JHER,2026-04-26T23:00:00Z
Golf,PGA Tour,high,cabrera,1,1899899,cabrera,Yes,Cabrera,2026-04-13,https://polymarket.com/event/will-angel-cabrera-shoot-the-lowest-round-at-the-2026-masters,will-angel-cabrera-shoot-the-lowest-round-at-the-2026-masters,https://polymarket.com/event/will-angel-cabrera-shoot-the-lowest-round-at-the-2026-masters,"[""Yes"", ""No""]","[""3490140812749923473118491660921267058412566383757061105409434020308890755358"", ""15817196109656706444012762240429772406085027867565764838108439232401867078165""]",2026-04-13,2026-04-13,KXPGATOUR-MAST26-ACAB,KXPGATOUR-MAST26-ACAB,Will Angel Cabrera win the Masters Tournament?,Cabrera,2026-04-12,https://kalshi.com/markets/KXPGATOUR-MAST26-ACAB,2026-04-26T23:00:00Z
Golf,PGA Tour,high,rose,1,1899900,rose,Yes,Rose,2026-04-13,https://polymarket.com/event/will-justin-rose-shoot-the-lowest-round-at-the-2026-masters,will-justin-rose-shoot-the-lowest-round-at-the-2026-masters,https://polymarket.com/event/will-justin-rose-shoot-the-lowest-round-at-the-2026-masters,"[""Yes"", ""No""]","[""108996911071802284361118719288178024384279278195731190677566912070735244251296"", ""66487988901901414883341204296146355024120241778829369977870090627824880813737""]",2026-04-13,2026-04-13,KXPGATOUR-MAST26-JROS,KXPGATOUR-MAST26-JROS,Will Justin Rose win the Masters Tournament?,Rose,2026-04-12,https://kalshi.com/markets/KXPGATOUR-MAST26-JROS,2026-04-26T23:00:00Z
Golf,PGA Tour,high,schauffele,1,1899901,schauffele,Yes,Schauffele,2026-04-13,https://polymarket.com/event/will-xander-schauffele-shoot-the-lowest-round-at-the-2026-masters,will-xander-schauffele-shoot-the-lowest-round-at-the-2026-masters,https://polymarket.com/event/will-xander-schauffele-shoot-the-lowest-round-at-the-2026-masters,"[""Yes"", ""No""]","[""4587461050698173451051800527546400370759859650890473828821225821810936181835"", ""96732648553960930707028207483147451749171598090582396795486637747788398173368""]",2026-04-13,2026-04-13,KXPGATOUR-MAST26-XSCH,KXPGATOUR-MAST26-XSCH,Will Xander Schauffele win the Masters Tournament?,Schauffele,2026-04-12,https://kalshi.com/markets/KXPGATOUR-MAST26-XSCH,2026-04-26T23:00:00Z
Golf,PGA Tour,high,scheffler,1,1899902,scheffler,Yes,Scheffler,2026-04-13,https://polymarket.com/event/will-scottie-scheffler-shoot-the-lowest-round-at-the-2026-masters,will-scottie-scheffler-shoot-the-lowest-round-at-the-2026-masters,https://polymarket.com/event/will-scottie-scheffler-shoot-the-lowest-round-at-the-2026-masters,"[""Yes"", ""No""]","[""42513187605194924056125585696296314173230516432085248565432535115147468842009"", ""27659498950978035075884719177398185471677546990976670744423676026626155700520""]",2026-04-13,2026-04-13,KXPGATOUR-MAST26-SSCH,KXPGATOUR-MAST26-SSCH,Will Scottie Scheffler win the Masters Tournament?,Scheffler,2026-04-12,https://kalshi.com/markets/KXPGATOUR-MAST26-SSCH,2026-04-26T23:00:00Z
Golf,PGA Tour,high,schwartzel,1,1899903,schwartzel,Yes,Schwartzel,2026-04-13,https://polymarket.com/event/will-charl-schwartzel-shoot-the-lowest-round-at-the-2026-masters,will-charl-schwartzel-shoot-the-lowest-round-at-the-2026-masters,https://polymarket.com/event/will-charl-schwartzel-shoot-the-lowest-round-at-the-2026-masters,"[""Yes"", ""No""]","[""21450812418257031994046920474256707688001114186081935459496138072840905643306"", ""73038558545284389473341316743356311608313564407026474602618929196300287722593""]",2026-04-13,2026-04-13,KXPGATOUR-MAST26-CSCH,KXPGATOUR-MAST26-CSCH,Will Charl Schwartzel win the Masters Tournament?,Schwartzel,2026-04-12,https://kalshi.com/markets/KXPGATOUR-MAST26-CSCH,2026-04-26T23:00:00Z
Golf,PGA Tour,high,scott,1,1899904,scott,Yes,Scott,2026-04-13,https://polymarket.com/event/will-adam-scott-shoot-the-lowest-round-at-the-2026-masters,will-adam-scott-shoot-the-lowest-round-at-the-2026-masters,https://polymarket.com/event/will-adam-scott-shoot-the-lowest-round-at-the-2026-masters,"[""Yes"", ""No""]","[""65796718475043324117635525421568314567104320585580400274000584534799405756035"", ""107137571869225191910365528428509087171183316140323546732535093821550060518097""]",2026-04-13,2026-04-13,KXPGATOUR-MAST26-ASCO,KXPGATOUR-MAST26-ASCO,Will Adam Scott win the Masters Tournament?,Scott,2026-04-12,https://kalshi.com/markets/KXPGATOUR-MAST26-ASCO,2026-04-26T23:00:00Z
Golf,PGA Tour,high,ortiz,1,1899905,ortiz,Yes,Ortiz,2026-04-13,https://polymarket.com/event/will-carlos-ortiz-shoot-the-lowest-round-at-the-2026-masters,will-carlos-ortiz-shoot-the-lowest-round-at-the-2026-masters,https://polymarket.com/event/will-carlos-ortiz-shoot-the-lowest-round-at-the-2026-masters,"[""Yes"", ""No""]","[""84598295579613379548520950213790527903531646548358342567077755266737941409536"", ""54107016233477498214636670145954737598343006497613248850491785191268351428365""]",2026-04-13,2026-04-13,KXPGATOUR-MAST26-CORT,KXPGATOUR-MAST26-CORT,Will Carlos Ortiz win the Masters Tournament?,Ortiz,2026-04-12,https://kalshi.com/markets/KXPGATOUR-MAST26-CORT,2026-04-26T23:00:00Z
Golf,PGA Tour,high,smith,1,1899906,smith,Yes,Smith,2026-04-13,https://polymarket.com/event/will-cameron-smith-shoot-the-lowest-round-at-the-2026-masters,will-cameron-smith-shoot-the-lowest-round-at-the-2026-masters,https://polymarket.com/event/will-cameron-smith-shoot-the-lowest-round-at-the-2026-masters,"[""Yes"", ""No""]","[""87320320097663366003576258285609507311240577816079175021713682851680209852455"", ""102833745211353553385714109467213289524080331929113770583435778890188798718040""]",2026-04-13,2026-04-13,KXPGATOUR-MAST26-CSMI,KXPGATOUR-MAST26-CSMI,Will Cameron Smith win the Masters Tournament?,Smith,2026-04-12,https://kalshi.com/markets/KXPGATOUR-MAST26-CSMI,2026-04-26T23:00:00Z
Golf,PGA Tour,high,knapp,1,1899907,knapp,Yes,Knapp,2026-04-13,https://polymarket.com/event/will-jake-knapp-shoot-the-lowest-round-at-the-2026-masters,will-jake-knapp-shoot-the-lowest-round-at-the-2026-masters,https://polymarket.com/event/will-jake-knapp-shoot-the-lowest-round-at-the-2026-masters,"[""Yes"", ""No""]","[""45857057534014175020559919840339812794773999096159492734852571885620577987577"", ""107655227423751471390209393962066370784369775222240655084394332455200893353381""]",2026-04-13,2026-04-13,KXPGATOUR-MAST26-JKNA,KXPGATOUR-MAST26-JKNA,Will Jake Knapp win the The Masters?,Knapp,2026-04-12,https://kalshi.com/markets/KXPGATOUR-MAST26-JKNA,2026-04-26T23:00:00Z
Golf,PGA Tour,high,spieth,1,1899908,spieth,Yes,Spieth,2026-04-13,https://polymarket.com/event/will-jordan-spieth-shoot-the-lowest-round-at-the-2026-masters,will-jordan-spieth-shoot-the-lowest-round-at-the-2026-masters,https://polymarket.com/event/will-jordan-spieth-shoot-the-lowest-round-at-the-2026-masters,"[""Yes"", ""No""]","[""54225502977625986922374864767410315993085096483249850102236883750282712768191"", ""84835591761562731082287273523288269879109995194176060277552401709413509237994""]",2026-04-13,2026-04-13,KXPGATOUR-MAST26-JSPI,KXPGATOUR-MAST26-JSPI,Will Jordan Spieth win the Masters Tournament?,Spieth,2026-04-12,https://kalshi.com/markets/KXPGATOUR-MAST26-JSPI,2026-04-26T23:00:00Z
Golf,PGA Tour,high,holtz,1,1899909,holtz,Yes,Holtz,2026-04-13,https://polymarket.com/event/will-brandon-holtz-shoot-the-lowest-round-at-the-2026-masters,will-brandon-holtz-shoot-the-lowest-round-at-the-2026-masters,https://polymarket.com/event/will-brandon-holtz-shoot-the-lowest-round-at-the-2026-masters,"[""Yes"", ""No""]","[""60834302970821238003863340689076660371831434909313310229039290997686311526847"", ""90685306199674529076922528760369035827545546986354198130509495422826489999264""]",2026-04-13,2026-04-13,KXPGATOUR-MAST26-BHOL,KXPGATOUR-MAST26-BHOL,Will Brandon Holtz win the The Masters?,Holtz,2026-04-12,https://kalshi.com/markets/KXPGATOUR-MAST26-BHOL,2026-04-26T23:00:00Z
Golf,PGA Tour,high,straka,1,1899910,straka,Yes,Straka,2026-04-13,https://polymarket.com/event/will-sepp-straka-shoot-the-lowest-round-at-the-2026-masters,will-sepp-straka-shoot-the-lowest-round-at-the-2026-masters,https://polymarket.com/event/will-sepp-straka-shoot-the-lowest-round-at-the-2026-masters,"[""Yes"", ""No""]","[""70938952005109010472879341326634196824545562693055422391531628553764845179869"", ""46831983789091010246174909470086187893267953278337719432454775713892090915371""]",2026-04-13,2026-04-13,KXPGATOUR-MAST26-SSTR,KXPGATOUR-MAST26-SSTR,Will Sepp Straka win the Masters Tournament?,Straka,2026-04-12,https://kalshi.com/markets/KXPGATOUR-MAST26-SSTR,2026-04-26T23:00:00Z
Golf,PGA Tour,high,weir,1,1899911,weir,Yes,Weir,2026-04-13,https://polymarket.com/event/will-mike-weir-shoot-the-lowest-round-at-the-2026-masters,will-mike-weir-shoot-the-lowest-round-at-the-2026-masters,https://polymarket.com/event/will-mike-weir-shoot-the-lowest-round-at-the-2026-masters,"[""Yes"", ""No""]","[""91747218741761409174528866101945472984192113946701587671473332298316131571946"", ""90528822620622786179407738297817325015075463072270093230954663964552739632419""]",2026-04-13,2026-04-13,KXPGATOUR-MAST26-MWEI,KXPGATOUR-MAST26-MWEI,Will Mike Weir win the Masters Tournament?,Weir,2026-04-12,https://kalshi.com/markets/KXPGATOUR-MAST26-MWEI,2026-04-26T23:00:00Z
Golf,PGA Tour,high,thomas,1,1899912,thomas,Yes,Thomas,2026-04-13,https://polymarket.com/event/will-justin-thomas-shoot-the-lowest-round-at-the-2026-masters,will-justin-thomas-shoot-the-lowest-round-at-the-2026-masters,https://polymarket.com/event/will-justin-thomas-shoot-the-lowest-round-at-the-2026-masters,"[""Yes"", ""No""]","[""10972217508652251528059472482722592709614665876519326800282424051184498858730"", ""25928215407316763009764332358577331414921698960732189832523003452999145889348""]",2026-04-13,2026-04-13,KXPGATOUR-MAST26-JTHO,KXPGATOUR-MAST26-JTHO,Will Justin Thomas win the Masters Tournament?,Thomas,2026-04-12,https://kalshi.com/markets/KXPGATOUR-MAST26-JTHO,2026-04-26T23:00:00Z
Golf,PGA Tour,high,singh,1,1899913,singh,Yes,Singh,2026-04-13,https://polymarket.com/event/will-vijay-singh-shoot-the-lowest-round-at-the-2026-masters,will-vijay-singh-shoot-the-lowest-round-at-the-2026-masters,https://polymarket.com/event/will-vijay-singh-shoot-the-lowest-round-at-the-2026-masters,"[""Yes"", ""No""]","[""72133619097998482514279008594466707689580057390514349875668335576136254183534"", ""109496616417318625024614269167835452861582930403210681562439080235802443607937""]",2026-04-13,2026-04-13,KXPGATOUR-MAST26-VSIN,KXPGATOUR-MAST26-VSIN,Will Vijay Singh win the Masters Tournament?,Singh,2026-04-12,https://kalshi.com/markets/KXPGATOUR-MAST26-VSIN,2026-04-26T23:00:00Z
Golf,PGA Tour,high,watson,1,1899914,watson,Yes,Watson,2026-04-13,https://polymarket.com/event/will-bubba-watson-shoot-the-lowest-round-at-the-2026-masters,will-bubba-watson-shoot-the-lowest-round-at-the-2026-masters,https://polymarket.com/event/will-bubba-watson-shoot-the-lowest-round-at-the-2026-masters,"[""Yes"", ""No""]","[""72862737212311627552876178921734967101352496381519181393533856375036978900241"", ""7042565594062603490764126350172082698548492271067579619719821012005515421841""]",2026-04-13,2026-04-13,KXPGATOUR-MAST26-BWAT,KXPGATOUR-MAST26-BWAT,Will Bubba Watson win the Masters Tournament?,Watson,2026-04-12,https://kalshi.com/markets/KXPGATOUR-MAST26-BWAT,2026-04-26T23:00:00Z
Golf,PGA Tour,high,olazabal,1,1899915,olazabal,Yes,Olazabal,2026-04-13,https://polymarket.com/event/will-jose-maria-olazabal-shoot-the-lowest-round-at-the-2026-masters,will-jose-maria-olazabal-shoot-the-lowest-round-at-the-2026-masters,https://polymarket.com/event/will-jose-maria-olazabal-shoot-the-lowest-round-at-the-2026-masters,"[""Yes"", ""No""]","[""6952751510780024295008053174157949833129189037099795971772794863278828250806"", ""6203115965091800559190912130412999731636632649152554506878116061854501550791""]",2026-04-13,2026-04-13,KXPGATOUR-MAST26-JMAR,KXPGATOUR-MAST26-JMAR,Will Jose Maria Olazabal win the Masters Tournament?,Olazabal,2026-04-12,https://kalshi.com/markets/KXPGATOUR-MAST26-JMAR,2026-04-26T23:00:00Z
Golf,PGA Tour,high,willett,1,1899916,willett,Yes,Willett,2026-04-13,https://polymarket.com/event/will-danny-willett-shoot-the-lowest-round-at-the-2026-masters,will-danny-willett-shoot-the-lowest-round-at-the-2026-masters,https://polymarket.com/event/will-danny-willett-shoot-the-lowest-round-at-the-2026-masters,"[""Yes"", ""No""]","[""15560088064303884429296883530296930594306129555440556963634821432005314373292"", ""87730517813467341701603939229727137979843492223360080616422054940035815111068""]",2026-04-13,2026-04-13,KXPGATOUR-MAST26-DWIL,KXPGATOUR-MAST26-DWIL,Will Danny Willett win the Masters Tournament?,Willett,2026-04-12,https://kalshi.com/markets/KXPGATOUR-MAST26-DWIL,2026-04-26T23:00:00Z
Golf,PGA Tour,high,valimaki,1,1899917,valimaki,Yes,Valimaki,2026-04-13,https://polymarket.com/event/will-sami-valimaki-shoot-the-lowest-round-at-the-2026-masters,will-sami-valimaki-shoot-the-lowest-round-at-the-2026-masters,https://polymarket.com/event/will-sami-valimaki-shoot-the-lowest-round-at-the-2026-masters,"[""Yes"", ""No""]","[""65425703510658876215262208785677240905251062456964551386572132652453387055771"", ""52271573572226033567305790226709645639463670000129604645609359985243262444895""]",2026-04-13,2026-04-13,KXPGATOUR-MAST26-SVAL,KXPGATOUR-MAST26-SVAL,Will Sami Valimaki win the Masters Tournament?,Valimaki,2026-04-12,https://kalshi.com/markets/KXPGATOUR-MAST26-SVAL,2026-04-26T23:00:00Z
Golf,PGA Tour,high,young,1,1899918,young,Yes,Young,2026-04-13,https://polymarket.com/event/will-cameron-young-shoot-the-lowest-round-at-the-2026-masters,will-cameron-young-shoot-the-lowest-round-at-the-2026-masters,https://polymarket.com/event/will-cameron-young-shoot-the-lowest-round-at-the-2026-masters,"[""Yes"", ""No""]","[""776097764161114244445074852983007199663985275805965428674003976232698940753"", ""105407544884368507434760504335843055396806047153027728182370778447455551783034""]",2026-04-13,2026-04-13,KXPGATOUR-MAST26-CYOU,KXPGATOUR-MAST26-CYOU,Will Cameron Young win the Masters Tournament?,Young,2026-04-12,https://kalshi.com/markets/KXPGATOUR-MAST26-CYOU,2026-04-26T23:00:00Z
Golf,PGA Tour,high,niemann,1,568642,niemann,Yes,Niemann,2026-04-13,https://polymarket.com/event/will-joaquin-niemann-win-the-2026-masters-tournament,will-joaquin-niemann-win-the-2026-masters-tournament,https://polymarket.com/event/will-joaquin-niemann-win-the-2026-masters-tournament,"[""Yes"", ""No""]","[""83360540896905087600548853429761530969228643655022594733071150690995680679249"", ""24042023869585474249999457702023653392679144881767280047492435446375998534308""]",2026-04-13,2026-04-13,KXPGATOUR-MAST26-JNIE,KXPGATOUR-MAST26-JNIE,Will Joaquin Niemann win the Masters Tournament?,Niemann,2026-04-12,https://kalshi.com/markets/KXPGATOUR-MAST26-JNIE,2026-04-26T23:00:00Z
Golf,PGA Tour,high,zalatoris,1,568645,zalatoris,Yes,Zalatoris,2026-04-13,https://polymarket.com/event/will-will-zalatoris-win-the-2026-masters-tournament,will-will-zalatoris-win-the-2026-masters-tournament,https://polymarket.com/event/will-will-zalatoris-win-the-2026-masters-tournament,"[""Yes"", ""No""]","[""77812790549132939690993888941951548180750291519986108611117830406428000933119"", ""49203025198786785193518852910290148357068872410934571431410170328565962083215""]",2026-04-13,2026-04-13,KXPGATOUR-MAST26-WZAL,KXPGATOUR-MAST26-WZAL,Will Will Zalatoris win the Masters Tournament?,Zalatoris,2026-04-12,https://kalshi.com/markets/KXPGATOUR-MAST26-WZAL,2026-04-26T23:00:00Z
Golf,PGA Tour,high,finau,1,568660,finau,Yes,Finau,2026-04-13,https://polymarket.com/event/will-tony-finau-win-the-2026-masters-tournament,will-tony-finau-win-the-2026-masters-tournament,https://polymarket.com/event/will-tony-finau-win-the-2026-masters-tournament,"[""Yes"", ""No""]","[""5084644917838758166953593686061478405232057617441956638924457857519915794168"", ""79144514108742252712490584341762621599872480033361249463630234099152442806601""]",2026-04-13,2026-04-13,KXPGATOUR-MAST26-TFIN,KXPGATOUR-MAST26-TFIN,Will Tony Finau win the Masters Tournament?,Finau,2026-04-12,https://kalshi.com/markets/KXPGATOUR-MAST26-TFIN,2026-04-26T23:00:00Z
Golf,PGA Tour,high,theegala,1,568662,theegala,Yes,Theegala,2026-04-13,https://polymarket.com/event/will-sahith-theegala-win-the-2026-masters-tournament,will-sahith-theegala-win-the-2026-masters-tournament,https://polymarket.com/event/will-sahith-theegala-win-the-2026-masters-tournament,"[""Yes"", ""No""]","[""77401656422821380278262135285909162148574034355979914183344765602533632962793"", ""115761586840235429590959087122963744673047498143129670067671031881977994505852""]",2026-04-13,2026-04-13,KXPGATOUR-MAST26-STHE,KXPGATOUR-MAST26-STHE,Will Sahith Theegala win the Masters Tournament?,Theegala,2026-04-12,https://kalshi.com/markets/KXPGATOUR-MAST26-STHE,2026-04-26T23:00:00Z
Golf,PGA Tour,high,mickelson,1,568674,mickelson,Yes,Mickelson,2026-04-13,https://polymarket.com/event/will-phil-mickelson-win-the-2026-masters-tournament,will-phil-mickelson-win-the-2026-masters-tournament,https://polymarket.com/event/will-phil-mickelson-win-the-2026-masters-tournament,"[""Yes"", ""No""]","[""108311455176683099202905046499402768573101530184810388446810486799250584771402"", ""18163278346910829991910633826841927141192479200147134684441386423987895947215""]",2026-04-13,2026-04-13,KXPGATOUR-MAST26-PMIC,KXPGATOUR-MAST26-PMIC,Will Phil Mickelson win the Masters Tournament?,Mickelson,2026-04-12,https://kalshi.com/markets/KXPGATOUR-MAST26-PMIC,2026-04-26T23:00:00Z
Golf,PGA Tour,high,woods,1,568675,woods,Yes,Woods,2026-04-13,https://polymarket.com/event/will-tiger-woods-win-the-2026-masters-tournament,will-tiger-woods-win-the-2026-masters-tournament,https://polymarket.com/event/will-tiger-woods-win-the-2026-masters-tournament,"[""Yes"", ""No""]","[""98782060245269132022255017782190073226700363893840516759631809543479868679857"", ""102274269137461535869157070040627461365578230580393881791526611113194051355965""]",2026-04-13,2026-04-13,KXPGATOUR-MAST26-TWOO,KXPGATOUR-MAST26-TWOO,Will Tiger Woods win the Masters Tournament?,Woods,2026-04-12,https://kalshi.com/markets/KXPGATOUR-MAST26-TWOO,2026-04-26T23:00:00Z
