pair_id,title_clean,category_tag,similarity_score,poly_market_id,poly_slug,poly_url,kalshi_market_id,kalshi_url,poly_event_url,poly_outcomes_json,poly_token_ids_json,poly_primary_outcome,expiry_poly_utc,expiry_kalshi_utc,resolution_time_utc
1,capitals penguins,sports_fees_v2,1.0,1607459,nhl-pit-wsh-2026-04-12,https://polymarket.com/event/nhl-pit-wsh-2026-04-12,KXNHLGAME-26APR12PITWSH-WSH,https://kalshi.com/markets/KXNHLGAME-26APR12PITWSH-WSH,https://polymarket.com/event/nhl-pit-wsh-2026-04-12,"[""Capitals"", ""Penguins""]","[""4645132624141931563897526226956867157863058588979979940670412030942624127997"", ""19058675150026891410741666625093583489666697217498780787466461274860829803045""]",Capitals,2026-04-12,2026-04-26T19:00:00Z,2026-04-12
2,blue jackets bruins,sports_fees_v2,1.0,1607464,nhl-bos-cbj-2026-04-12,https://polymarket.com/event/nhl-bos-cbj-2026-04-12,KXNHLGAME-26APR12BOSCBJ-CBJ,https://kalshi.com/markets/KXNHLGAME-26APR12BOSCBJ-CBJ,https://polymarket.com/event/nhl-bos-cbj-2026-04-12,"[""Blue Jackets"", ""Bruins""]","[""37643639610061651955997759763016896490612258488492280059008299835546981891564"", ""53984265676129789286953967843216133559044716012721119285634509861824567008115""]",Blue Jackets,2026-04-12,2026-04-26T22:00:00Z,2026-04-12
3,canadiens islanders,sports_fees_v2,1.0,1607469,nhl-mon-nyi-2026-04-12,https://polymarket.com/event/nhl-mon-nyi-2026-04-12,KXNHLGAME-26APR12MTLNYI-MTL,https://kalshi.com/markets/KXNHLGAME-26APR12MTLNYI-MTL,https://polymarket.com/event/nhl-mon-nyi-2026-04-12,"[""Canadiens"", ""Islanders""]","[""90337444501364335927325126502244353052970409421867619390450599180760571824460"", ""37283524370418107716845734693982755497746888379206527457966791861946438648636""]",Canadiens,2026-04-12,2026-04-26T22:00:00Z,2026-04-12
4,devils senators,sports_fees_v2,1.0,1607474,nhl-ott-nj-2026-04-12,https://polymarket.com/event/nhl-ott-nj-2026-04-12,KXNHLGAME-26APR12OTTNJ-NJ,https://kalshi.com/markets/KXNHLGAME-26APR12OTTNJ-NJ,https://polymarket.com/event/nhl-ott-nj-2026-04-12,"[""Devils"", ""Senators""]","[""21922328667229249416592472082196566118551160530474232327297692882664315529558"", ""54279836789978604195624406825996533151642314679610618024927593963180688548609""]",Devils,2026-04-12,2026-04-26T23:00:00Z,2026-04-12
5,cloud9 leviatan esports valentin bayer leverkusen,sports_fees_v2,1.0,1700801,val-c9-lev1-2026-04-12,https://polymarket.com/event/val-c9-lev1-2026-04-12,KXVALORANTGAME-26APR121700LEVC9-C9,https://kalshi.com/markets/KXVALORANTGAME-26APR121700LEVC9-C9,https://polymarket.com/event/val-c9-lev1-2026-04-12,"[""Cloud9"", ""Leviat\u00e1n Esports""]","[""22857921000622385995940539269549464587304217497730044339578261329919998819734"", ""63767421704783462614534417404247857545846937996242126282531639248699219357929""]",Cloud9,2026-04-13,2026-04-26T21:00:00Z,2026-04-13
6,parma seattle sounders napoli,sports_fees_v2,1.0,1784020,sea-par-nap-2026-04-12-par,https://polymarket.com/event/sea-par-nap-2026-04-12-par,KXSERIEAGAME-26APR12PARNAP-NAP,https://kalshi.com/markets/KXSERIEAGAME-26APR12PARNAP-NAP,https://polymarket.com/event/sea-par-nap-2026-04-12-par,"[""Yes"", ""No""]","[""10353546877650568586722037600681418196305935999639496401269912515865353451921"", ""100570949666966549782722888365100702851876960681156356119196581914581006855871""]",Yes,2026-04-12,2026-04-26T13:00:00Z,2026-04-12
7,chelsea manchester city,sports_fees_v2,1.0,1787202,epl-che-mac-2026-04-12-btts,https://polymarket.com/event/epl-che-mac-2026-04-12-btts,KXEPLBTTS-26APR12CFCMCI,https://kalshi.com/markets/KXEPLBTTS-26APR12CFCMCI,https://polymarket.com/event/epl-che-mac-2026-04-12-btts,"[""Yes"", ""No""]","[""14781225159713140259090003837686835144832312662889180974865166283435210667126"", ""111385254363922323688440938267107827349577029102829652886388041522124644855104""]",Yes,2026-04-12,2026-04-26T15:30:00Z,2026-04-12
8,mainz freiburg,sports_fees_v2,1.0,1787223,bun-mai-fre-2026-04-12-btts,https://polymarket.com/event/bun-mai-fre-2026-04-12-btts,KXBUNDESLIGABTTS-26APR12M05SCF,https://kalshi.com/markets/KXBUNDESLIGABTTS-26APR12M05SCF,https://polymarket.com/event/bun-mai-fre-2026-04-12-btts,"[""Yes"", ""No""]","[""4152537012213670517628214635962996369021472468540007069263951936245750802955"", ""64754215509002060533340542817815089088599235731119621170548915001095652135122""]",Yes,2026-04-12,2026-04-26T17:30:00Z,2026-04-12
9,nice le havre,sports_fees_v2,1.0,1787261,fl1-ogc-hac-2026-04-12-btts,https://polymarket.com/event/fl1-ogc-hac-2026-04-12-btts,KXLIGUE1BTTS-26APR12NICHAC,https://kalshi.com/markets/KXLIGUE1BTTS-26APR12NICHAC,https://polymarket.com/event/fl1-ogc-hac-2026-04-12-btts,"[""Yes"", ""No""]","[""27619367175500106111742101576873299609526638237964206645621109463684944930646"", ""105524066329590739834519571936428141725914634502446464241985310312777801414769""]",Yes,2026-04-12,2026-04-26T15:15:00Z,2026-04-12
10,bologna lecce seattle sounders,sports_fees_v2,1.0,1787270,sea-bol-lec-2026-04-12-btts,https://polymarket.com/event/sea-bol-lec-2026-04-12-btts,KXSERIEABTTS-26APR12BFCLEC,https://kalshi.com/markets/KXSERIEABTTS-26APR12BFCLEC,https://polymarket.com/event/sea-bol-lec-2026-04-12-btts,"[""Yes"", ""No""]","[""70662057280761066173856962586262942151862770477905611079986993852081760606171"", ""22320481512295801309873723769088247561730306328047873725265587934762867973690""]",Yes,2026-04-12,2026-04-26T16:00:00Z,2026-04-12
11,toulouse lille,sports_fees_v2,1.0,1787307,fl1-tou-lil-2026-04-12-btts,https://polymarket.com/event/fl1-tou-lil-2026-04-12-btts,KXLIGUE1BTTS-26APR12TFCLIL,https://kalshi.com/markets/KXLIGUE1BTTS-26APR12TFCLIL,https://polymarket.com/event/fl1-tou-lil-2026-04-12-btts,"[""Yes"", ""No""]","[""37154090029414730717634764457903144272666838871063149863043033060433085161425"", ""102982399767345883674513615936192127662588366422042503635045877782504659352145""]",Yes,2026-04-12,2026-04-26T15:15:00Z,2026-04-12
12,parma napoli seattle sounders,sports_fees_v2,1.0,1787314,sea-par-nap-2026-04-12-btts,https://polymarket.com/event/sea-par-nap-2026-04-12-btts,KXSERIEABTTS-26APR12PARNAP,https://kalshi.com/markets/KXSERIEABTTS-26APR12PARNAP,https://polymarket.com/event/sea-par-nap-2026-04-12-btts,"[""Yes"", ""No""]","[""12916114056960873564076017097154745596688994380229571590028222034631705563769"", ""11770768690759424247030784014766473782279784861889254518361666819532345475880""]",Yes,2026-04-12,2026-04-26T13:00:00Z,2026-04-12
13,osasuna real betis,sports_fees_v2,1.0,1788225,lal-osa-bet-2026-04-12-btts,https://polymarket.com/event/lal-osa-bet-2026-04-12-btts,KXLALIGABTTS-26APR12OSARBB,https://kalshi.com/markets/KXLALIGABTTS-26APR12OSARBB,https://polymarket.com/event/lal-osa-bet-2026-04-12-btts,"[""Yes"", ""No""]","[""28074538402449923729649872756433849629754184533566599471981056681641353343978"", ""35688840804739378565104429926568347162570968490702504709111403264624804723344""]",Yes,2026-04-12,2026-04-26T12:00:00Z,2026-04-12
14,bilibili gaming weibo gaming,sports_fees_v2,1.0,1844502,lol-wb-blg-2026-04-12,https://polymarket.com/event/lol-wb-blg-2026-04-12,KXLOLGAME-26APR120700BLGWB-BLG,https://kalshi.com/markets/KXLOLGAME-26APR120700BLGWB-BLG,https://polymarket.com/event/lol-wb-blg-2026-04-12,"[""Bilibili Gaming"", ""Weibo Gaming""]","[""73810631745213750563939870086525236580919495073438702300371536584526746049189"", ""47936117871589624460866569053956787212483127827669722728899965125625930865735""]",Bilibili Gaming,2026-04-12,2026-04-26T11:00:00Z,2026-04-12
15,rockies padres,sports_fees_v2,1.0,1860431,mlb-col-sd-2026-04-10-nrfi,https://polymarket.com/event/mlb-col-sd-2026-04-10-nrfi,KXMLBGAME-26APR112040COLSD-COL,https://kalshi.com/markets/KXMLBGAME-26APR112040COLSD-COL,https://polymarket.com/event/mlb-col-sd-2026-04-10-nrfi,"[""Yes"", ""No""]","[""88692325802581779510785743696314615669078027141907827138640859797328922778104"", ""30239555993559953172722000659218126125038030650690189538048131396374408635992""]",Yes,2026-04-18,2026-04-14T14:00:00Z,2026-04-18
16,rockies padres,sports_fees_v2,1.0,1877603,mlb-col-sd-2026-04-11,https://polymarket.com/event/mlb-col-sd-2026-04-11,KXMLBGAME-26APR121610COLSD-COL,https://kalshi.com/markets/KXMLBGAME-26APR121610COLSD-COL,https://polymarket.com/event/mlb-col-sd-2026-04-11,"[""Colorado Rockies"", ""San Diego Padres""]","[""8875639021176165951333448065003914234613628544926519460240489303064597387561"", ""34638135596489373093901783782657610203972744591032336089834216358121253257837""]",Colorado Rockies,2026-04-19,2026-04-15T14:00:00Z,2026-04-19
17,punjab kings sunrisers hyderabad,sports_fees_v2,1.0,1862662,cricipl-pun-sun-2026-04-11,https://polymarket.com/event/cricipl-pun-sun-2026-04-11,KXIPLGAME-26APR11SRHPBKS-PBKS,https://kalshi.com/markets/KXIPLGAME-26APR11SRHPBKS-PBKS,https://polymarket.com/event/cricipl-pun-sun-2026-04-11,"[""Punjab Kings"", ""Sunrisers Hyderabad""]","[""10648324313356734184408668122297191619496712453974096521255892725895256959781"", ""48283432360872020302710271429094802849659351860302898668876727595129751589080""]",Punjab Kings,2026-04-18,2026-04-14T10:00:00Z,2026-04-18
18,chennai super kings delhi capitals delano,sports_fees_v2,1.0,1862678,cricipl-che-del-2026-04-11,https://polymarket.com/event/cricipl-che-del-2026-04-11,KXIPLGAME-26APR11DCCSK-CSK,https://kalshi.com/markets/KXIPLGAME-26APR11DCCSK-CSK,https://polymarket.com/event/cricipl-che-del-2026-04-11,"[""Chennai Super Kings"", ""Delhi Capitals""]","[""20419820857513945432494428949205329164283425496033025101422550334134195227358"", ""61757475561471594974289936379080596691868900260143838907749321330904750350562""]",Chennai Super Kings,2026-04-18,2026-04-14T14:00:00Z,2026-04-18
19,bnk fearx dn soopers,sports_fees_v2,1.0,1867384,lol-fox1-dnf-2026-04-12,https://polymarket.com/event/lol-fox1-dnf-2026-04-12,KXLOLMAP-26APR120400DNFFOX-1-FOX,https://kalshi.com/markets/KXLOLMAP-26APR120400DNFFOX-1-FOX,https://polymarket.com/event/lol-fox1-dnf-2026-04-12,"[""BNK FEARX"", ""DN SOOPers""]","[""10595427882555393944714994140736498423027193534271147505803345589969508929675"", ""104301444328712280468881725693849872696810797593153469424162796868334307449891""]",BNK FEARX,2026-04-12,2026-04-26T08:00:00Z,2026-04-12
20,nc dinos samsung lions,sports_fees_v2,1.0,1877462,kbo-nc-sam-2026-04-11,https://polymarket.com/event/kbo-nc-sam-2026-04-11,KXKBOGAME-26APR110400NCDSAM-NCD,https://kalshi.com/markets/KXKBOGAME-26APR110400NCDSAM-NCD,https://polymarket.com/event/kbo-nc-sam-2026-04-11,"[""NC Dinos"", ""Samsung Lions""]","[""10477058568741099573192596499442388054848913505440873755377454503378613548837"", ""87743658255408259850687628327931063038484804911551389851691648919243909161312""]",NC Dinos,2026-04-18,2026-04-14T14:00:00Z,2026-04-18
21,nc dinos samsung lions,sports_fees_v2,1.0,1890632,kbo-nc-sam-2026-04-12,https://polymarket.com/event/kbo-nc-sam-2026-04-12,KXKBOGAME-26APR120100NCDSAM-NCD,https://kalshi.com/markets/KXKBOGAME-26APR120100NCDSAM-NCD,https://polymarket.com/event/kbo-nc-sam-2026-04-12,"[""NC Dinos"", ""Samsung Lions""]","[""74331738214613501764228461652647115098944804361160223703413797352307750072135"", ""88573056630702513873179786734238046698767548255299260342241661646173858495752""]",NC Dinos,2026-04-19,2026-04-15T14:00:00Z,2026-04-19
22,doosan bears kt wiz,sports_fees_v2,1.0,1877464,kbo-doo-kt-2026-04-11,https://polymarket.com/event/kbo-doo-kt-2026-04-11,KXKBOGAME-26APR110400DOOKTW-DOO,https://kalshi.com/markets/KXKBOGAME-26APR110400DOOKTW-DOO,https://polymarket.com/event/kbo-doo-kt-2026-04-11,"[""Doosan Bears"", ""KT Wiz""]","[""75296861519277973906732860729705979915256139427832549728873463674945165440155"", ""60024661357917074599381196828189469560064273373134578306921240934930337357312""]",Doosan Bears,2026-04-18,2026-04-14T14:00:00Z,2026-04-18
23,doosan bears kt wiz,sports_fees_v2,1.0,1890633,kbo-doo-kt-2026-04-12,https://polymarket.com/event/kbo-doo-kt-2026-04-12,KXKBOGAME-26APR120100DOOKTW-DOO,https://kalshi.com/markets/KXKBOGAME-26APR120100DOOKTW-DOO,https://polymarket.com/event/kbo-doo-kt-2026-04-12,"[""Doosan Bears"", ""KT Wiz""]","[""115593962766731962104751770757601542623182142626021198878503142375490268603772"", ""64972989138718228260017638061779266937073808212708705116604947171101557287404""]",Doosan Bears,2026-04-19,2026-04-15T14:00:00Z,2026-04-19
24,kiwoom heroes lotte giants,sports_fees_v2,1.0,1877465,kbo-lot-kiw-2026-04-11,https://polymarket.com/event/kbo-lot-kiw-2026-04-11,KXKBOGAME-26APR110400LOTKIW-KIW,https://kalshi.com/markets/KXKBOGAME-26APR110400LOTKIW-KIW,https://polymarket.com/event/kbo-lot-kiw-2026-04-11,"[""Kiwoom Heroes"", ""Lotte Giants""]","[""70878262530204071864057339292620620386564381490450016522337051566257562270519"", ""17697743142304011668940863877707774095144518895134265550167237151633146946239""]",Kiwoom Heroes,2026-04-18,2026-04-14T14:00:00Z,2026-04-18
25,kiwoom heroes lotte giants,sports_fees_v2,1.0,1890634,kbo-lot-kiw-2026-04-12,https://polymarket.com/event/kbo-lot-kiw-2026-04-12,KXKBOGAME-26APR120100LOTKIW-KIW,https://kalshi.com/markets/KXKBOGAME-26APR120100LOTKIW-KIW,https://polymarket.com/event/kbo-lot-kiw-2026-04-12,"[""Kiwoom Heroes"", ""Lotte Giants""]","[""106185909661754604542974651127780073136498119467399089161742007386393185708546"", ""83148470065070512028396094882690328084280129128660489314114558558352210102034""]",Kiwoom Heroes,2026-04-19,2026-04-15T14:00:00Z,2026-04-19
26,hanwha eagles kia tigers,sports_fees_v2,1.0,1877466,kbo-kia-han-2026-04-11,https://polymarket.com/event/kbo-kia-han-2026-04-11,KXKBOGAME-26APR110400KIAHAN-HAN,https://kalshi.com/markets/KXKBOGAME-26APR110400KIAHAN-HAN,https://polymarket.com/event/kbo-kia-han-2026-04-11,"[""Hanwha Eagles"", ""Kia Tigers""]","[""57632350454814733011862890770744728665282328111709113959250364241770434538278"", ""105197350392849975626907114060203193776985209628378997386499787104381572055934""]",Hanwha Eagles,2026-04-18,2026-04-14T14:00:00Z,2026-04-18
27,hanwha eagles kia tigers,sports_fees_v2,1.0,1890636,kbo-kia-han-2026-04-12,https://polymarket.com/event/kbo-kia-han-2026-04-12,KXKBOGAME-26APR120100KIAHAN-HAN,https://kalshi.com/markets/KXKBOGAME-26APR120100KIAHAN-HAN,https://polymarket.com/event/kbo-kia-han-2026-04-12,"[""Hanwha Eagles"", ""Kia Tigers""]","[""4183957319580211525399017513589139410207098853213093091833249608347844607125"", ""42019895806168214933658674269253265257632510434115594030720694251547991100629""]",Hanwha Eagles,2026-04-19,2026-04-15T14:00:00Z,2026-04-19
28,lg twins ssg landers,sports_fees_v2,1.0,1877467,kbo-ssg-lg-2026-04-11,https://polymarket.com/event/kbo-ssg-lg-2026-04-11,KXKBOGAME-26APR110400SSGLG-LG,https://kalshi.com/markets/KXKBOGAME-26APR110400SSGLG-LG,https://polymarket.com/event/kbo-ssg-lg-2026-04-11,"[""LG Twins"", ""SSG Landers""]","[""48981813348462482975060281193448766873274074107055188969999601363369444178681"", ""81197697107404948658712483973196822113875009633693226259599485835782250660983""]",LG Twins,2026-04-18,2026-04-14T14:00:00Z,2026-04-18
29,lg twins ssg landers,sports_fees_v2,1.0,1890631,kbo-ssg-lg-2026-04-12,https://polymarket.com/event/kbo-ssg-lg-2026-04-12,KXKBOGAME-26APR120100SSGLG-LG,https://kalshi.com/markets/KXKBOGAME-26APR120100SSGLG-LG,https://polymarket.com/event/kbo-ssg-lg-2026-04-12,"[""LG Twins"", ""SSG Landers""]","[""85736987728496668644914992361317620133081260387965370303298245064225901850631"", ""112455818063278860311056802154850930619491535884166573552106816155249231112075""]",LG Twins,2026-04-19,2026-04-15T14:00:00Z,2026-04-19
30,diamondbacks phillies,sports_fees_v2,1.0,1877573,mlb-ari-phi-2026-04-11,https://polymarket.com/event/mlb-ari-phi-2026-04-11,KXMLBGAME-26APR111305AZPHI-AZ,https://kalshi.com/markets/KXMLBGAME-26APR111305AZPHI-AZ,https://polymarket.com/event/mlb-ari-phi-2026-04-11,"[""Arizona Diamondbacks"", ""Philadelphia Phillies""]","[""4931042854470791933974732960604667881015164811129239347625051166194287216857"", ""90123270813109776910574089159277183295440722951796823158441289748652861612363""]",Arizona Diamondbacks,2026-04-18,2026-04-14T14:00:00Z,2026-04-18
31,diamondbacks phillies,sports_fees_v2,1.0,1890643,mlb-ari-phi-2026-04-12,https://polymarket.com/event/mlb-ari-phi-2026-04-12,KXMLBGAME-26APR121335AZPHI-AZ,https://kalshi.com/markets/KXMLBGAME-26APR121335AZPHI-AZ,https://polymarket.com/event/mlb-ari-phi-2026-04-12,"[""Arizona Diamondbacks"", ""Philadelphia Phillies""]","[""106987025965656102810215148095634564584855180263525490175648871201497467168812"", ""22392444553821312829873390821055259780406545907006828125499841971057313491225""]",Arizona Diamondbacks,2026-04-19,2026-04-15T14:00:00Z,2026-04-19
32,tigers marlins,sports_fees_v2,1.0,1877575,mlb-mia-det-2026-04-11,https://polymarket.com/event/mlb-mia-det-2026-04-11,KXMLBGAME-26APR111310MIADET-DET,https://kalshi.com/markets/KXMLBGAME-26APR111310MIADET-DET,https://polymarket.com/event/mlb-mia-det-2026-04-11,"[""Detroit Tigers"", ""Miami Marlins""]","[""36968084657941561937545670513963904419783734017475773924416985959101480944424"", ""105119658528542618941992608872718221933226749093617503221610671509898301910678""]",Detroit Tigers,2026-04-18,2026-04-14T14:00:00Z,2026-04-18
33,tigers marlins,sports_fees_v2,1.0,1890649,mlb-mia-det-2026-04-12,https://polymarket.com/event/mlb-mia-det-2026-04-12,KXMLBGAME-26APR121340MIADET-DET,https://kalshi.com/markets/KXMLBGAME-26APR121340MIADET-DET,https://polymarket.com/event/mlb-mia-det-2026-04-12,"[""Detroit Tigers"", ""Miami Marlins""]","[""11842613245906391746860452263400737540873109783476305070236240945912219831936"", ""1870297463903684817256131633709392388258625550085895606118936979992509274108""]",Detroit Tigers,2026-04-19,2026-04-15T14:00:00Z,2026-04-19
34,cubs pirates,sports_fees_v2,1.0,1877577,mlb-pit-chc-2026-04-11,https://polymarket.com/event/mlb-pit-chc-2026-04-11,KXMLBGAME-26APR111420PITCHC-CHC,https://kalshi.com/markets/KXMLBGAME-26APR111420PITCHC-CHC,https://polymarket.com/event/mlb-pit-chc-2026-04-11,"[""Chicago Cubs"", ""Pittsburgh Pirates""]","[""21337100341200482070557317060891033680864314822118609409777698884449926328557"", ""16217042692189579536301106586411247578544122482537687240092809405011242899156""]",Chicago Cubs,2026-04-18,2026-04-14T14:00:00Z,2026-04-18
35,cubs pirates,sports_fees_v2,1.0,1890663,mlb-pit-chc-2026-04-12,https://polymarket.com/event/mlb-pit-chc-2026-04-12,KXMLBGAME-26APR121420PITCHC-CHC,https://kalshi.com/markets/KXMLBGAME-26APR121420PITCHC-CHC,https://polymarket.com/event/mlb-pit-chc-2026-04-12,"[""Chicago Cubs"", ""Pittsburgh Pirates""]","[""64028744238593319021962319886594077014773573036603234903068681104175687317791"", ""110966822732132426644591891642775203093025100505384042690813357680831482457528""]",Chicago Cubs,2026-04-19,2026-04-15T14:00:00Z,2026-04-19
36,twins blue jays,sports_fees_v2,1.0,1877579,mlb-min-tor-2026-04-11,https://polymarket.com/event/mlb-min-tor-2026-04-11,KXMLBGAME-26APR111507MINTOR-MIN,https://kalshi.com/markets/KXMLBGAME-26APR111507MINTOR-MIN,https://polymarket.com/event/mlb-min-tor-2026-04-11,"[""Minnesota Twins"", ""Toronto Blue Jays""]","[""42502915853049556162067028079141118841982304711165689849081091786539358380418"", ""103275796662418350877680466461635055024439073764753052242878871162349916047670""]",Minnesota Twins,2026-04-18,2026-04-14T14:00:00Z,2026-04-18
37,twins blue jays,sports_fees_v2,1.0,1890645,mlb-min-tor-2026-04-12,https://polymarket.com/event/mlb-min-tor-2026-04-12,KXMLBGAME-26APR121337MINTOR-MIN,https://kalshi.com/markets/KXMLBGAME-26APR121337MINTOR-MIN,https://polymarket.com/event/mlb-min-tor-2026-04-12,"[""Minnesota Twins"", ""Toronto Blue Jays""]","[""11986162059276424578249824672478148678806499636444928879876490186756693944070"", ""16548294590405226847918156990092251970293342154640350621565318329533433870111""]",Minnesota Twins,2026-04-19,2026-04-15T14:00:00Z,2026-04-19
38,reds angels,sports_fees_v2,1.0,1877587,mlb-laa-cin-2026-04-11,https://polymarket.com/event/mlb-laa-cin-2026-04-11,KXMLBGAME-26APR111610LAACIN-CIN,https://kalshi.com/markets/KXMLBGAME-26APR111610LAACIN-CIN,https://polymarket.com/event/mlb-laa-cin-2026-04-11,"[""Cincinnati Reds"", ""Los Angeles Angels""]","[""38369218018647209567017772123928986090694914166139766713978455273761449287571"", ""97844153089719065536948655467265403844309371112299944362667909040877345181087""]",Cincinnati Reds,2026-04-18,2026-04-14T14:00:00Z,2026-04-18
39,reds angels,sports_fees_v2,1.0,1890647,mlb-laa-cin-2026-04-12,https://polymarket.com/event/mlb-laa-cin-2026-04-12,KXMLBGAME-26APR121340LAACIN-CIN,https://kalshi.com/markets/KXMLBGAME-26APR121340LAACIN-CIN,https://polymarket.com/event/mlb-laa-cin-2026-04-12,"[""Cincinnati Reds"", ""Los Angeles Angels""]","[""98266770974273795762663201208453156714750458471858096542751793046537574022353"", ""4298525437160922209654623833797312243340634972416983055465906504914293908475""]",Cincinnati Reds,2026-04-19,2026-04-15T14:00:00Z,2026-04-19
40,white sox royals,sports_fees_v2,1.0,1877589,mlb-cws-kc-2026-04-11,https://polymarket.com/event/mlb-cws-kc-2026-04-11,KXMLBGAME-26APR111610CWSKC-CWS,https://kalshi.com/markets/KXMLBGAME-26APR111610CWSKC-CWS,https://polymarket.com/event/mlb-cws-kc-2026-04-11,"[""Chicago White Sox"", ""Kansas City Royals""]","[""2197601173474707361326811890074051707186847797840302528506463636097964121208"", ""7769493316558286453012041336870920217592556473232915012124863926075721165587""]",Chicago White Sox,2026-04-18,2026-04-14T14:00:00Z,2026-04-18
41,white sox royals,sports_fees_v2,1.0,1890656,mlb-cws-kc-2026-04-12,https://polymarket.com/event/mlb-cws-kc-2026-04-12,KXMLBGAME-26APR121410CWSKC-CWS,https://kalshi.com/markets/KXMLBGAME-26APR121410CWSKC-CWS,https://polymarket.com/event/mlb-cws-kc-2026-04-12,"[""Chicago White Sox"", ""Kansas City Royals""]","[""36348988882210654327793333821373148284800969268104550207011578943670467241135"", ""97984552035539742450531579351596984119836983438106782818191042334134718785453""]",Chicago White Sox,2026-04-19,2026-04-15T14:00:00Z,2026-04-19
42,athletics mets,sports_fees_v2,1.0,1877591,mlb-oak-nym-2026-04-11,https://polymarket.com/event/mlb-oak-nym-2026-04-11,KXMLBGAME-26APR111610ATHNYM-ATH,https://kalshi.com/markets/KXMLBGAME-26APR111610ATHNYM-ATH,https://polymarket.com/event/mlb-oak-nym-2026-04-11,"[""Athletics"", ""New York Mets""]","[""37695348339828914639361433903232537051142347356879978396050377064706667514723"", ""69858169828868082275726890795594318406828849945627437856108285084928442333702""]",Athletics,2026-04-18,2026-04-14T14:00:00Z,2026-04-18
43,athletics mets,sports_fees_v2,1.0,1890652,mlb-oak-nym-2026-04-12,https://polymarket.com/event/mlb-oak-nym-2026-04-12,KXMLBGAME-26APR121340ATHNYM-ATH,https://kalshi.com/markets/KXMLBGAME-26APR121340ATHNYM-ATH,https://polymarket.com/event/mlb-oak-nym-2026-04-12,"[""Athletics"", ""New York Mets""]","[""72543432243635399150697161644816776182840495084575204426587552713459729116013"", ""93945343422435141026007020264402636172559734581824487616199316395319205457640""]",Athletics,2026-04-19,2026-04-15T14:00:00Z,2026-04-19
44,yankees rays,sports_fees_v2,1.0,1877593,mlb-nyy-tb-2026-04-11,https://polymarket.com/event/mlb-nyy-tb-2026-04-11,KXMLBGAME-26APR111810NYYTB-NYY,https://kalshi.com/markets/KXMLBGAME-26APR111810NYYTB-NYY,https://polymarket.com/event/mlb-nyy-tb-2026-04-11,"[""New York Yankees"", ""Tampa Bay Rays""]","[""49676198626021457498953335900037160290760783555377843852948288448941337274477"", ""62628880923179311072962703708453531911965638120708190342358397952117174237137""]",New York Yankees,2026-04-18,2026-04-14T14:00:00Z,2026-04-18
45,yankees rays,sports_fees_v2,1.0,1890654,mlb-nyy-tb-2026-04-12,https://polymarket.com/event/mlb-nyy-tb-2026-04-12,KXMLBGAME-26APR121340NYYTB-NYY,https://kalshi.com/markets/KXMLBGAME-26APR121340NYYTB-NYY,https://polymarket.com/event/mlb-nyy-tb-2026-04-12,"[""New York Yankees"", ""Tampa Bay Rays""]","[""77713268175885528926521088462153231277819760814455572605643049835239607160597"", ""9444550843929683157713307931925674233095987965958266972876413753588733128442""]",New York Yankees,2026-04-19,2026-04-15T14:00:00Z,2026-04-19
46,brewers nationals,sports_fees_v2,1.0,1877595,mlb-wsh-mil-2026-04-11,https://polymarket.com/event/mlb-wsh-mil-2026-04-11,KXMLBGAME-26APR111910WSHMIL-MIL,https://kalshi.com/markets/KXMLBGAME-26APR111910WSHMIL-MIL,https://polymarket.com/event/mlb-wsh-mil-2026-04-11,"[""Milwaukee Brewers"", ""Washington Nationals""]","[""74784713794172137832807832852402160680713105424691998552675596491016543972113"", ""28649990681830227335787966292598915765350037658015126397942269197258950100014""]",Milwaukee Brewers,2026-04-18,2026-04-14T14:00:00Z,2026-04-18
47,brewers nationals,sports_fees_v2,1.0,1890658,mlb-wsh-mil-2026-04-12,https://polymarket.com/event/mlb-wsh-mil-2026-04-12,KXMLBGAME-26APR121410WSHMIL-MIL,https://kalshi.com/markets/KXMLBGAME-26APR121410WSHMIL-MIL,https://polymarket.com/event/mlb-wsh-mil-2026-04-12,"[""Milwaukee Brewers"", ""Washington Nationals""]","[""37242263805696262970774765189873010788011578016913593753394443492752164351599"", ""6356528018795901922580928634484372106022524103463351016802731651101812079908""]",Milwaukee Brewers,2026-04-19,2026-04-15T14:00:00Z,2026-04-19
48,braves guardians,sports_fees_v2,1.0,1877597,mlb-cle-atl-2026-04-11,https://polymarket.com/event/mlb-cle-atl-2026-04-11,KXMLBGAME-26APR111915CLEATL-ATL,https://kalshi.com/markets/KXMLBGAME-26APR111915CLEATL-ATL,https://polymarket.com/event/mlb-cle-atl-2026-04-11,"[""Atlanta Braves"", ""Cleveland Guardians""]","[""6605620860925149784188082182447186243414162576159231161455193801524238901906"", ""50173670065050464781489172110969639395154892613104989687468094276117214150049""]",Atlanta Braves,2026-04-18,2026-04-14T14:00:00Z,2026-04-18
49,braves guardians,sports_fees_v2,1.0,1890671,mlb-cle-atl-2026-04-12,https://polymarket.com/event/mlb-cle-atl-2026-04-12,KXMLBGAME-26APR121920CLEATL-ATL,https://kalshi.com/markets/KXMLBGAME-26APR121920CLEATL-ATL,https://polymarket.com/event/mlb-cle-atl-2026-04-12,"[""Atlanta Braves"", ""Cleveland Guardians""]","[""104619784748397502554336456998237475617629693325921175796404620248625807143019"", ""110690581719475086435875024309955493645246881626812914874586426730680802716351""]",Atlanta Braves,2026-04-19,2026-04-15T14:00:00Z,2026-04-19
50,orioles giants,sports_fees_v2,1.0,1877599,mlb-sf-bal-2026-04-11,https://polymarket.com/event/mlb-sf-bal-2026-04-11,KXMLBGAME-26APR111915SFBAL-BAL,https://kalshi.com/markets/KXMLBGAME-26APR111915SFBAL-BAL,https://polymarket.com/event/mlb-sf-bal-2026-04-11,"[""Baltimore Orioles"", ""San Francisco Giants""]","[""113546952612862257255292529005270570857116917874241268011135043161569635635622"", ""28054777129735981908578003108489117970594235120010796564333573532016912249047""]",Baltimore Orioles,2026-04-18,2026-04-14T14:00:00Z,2026-04-18
51,orioles giants,sports_fees_v2,1.0,1890640,mlb-sf-bal-2026-04-12,https://polymarket.com/event/mlb-sf-bal-2026-04-12,KXMLBGAME-26APR121335SFBAL-BAL,https://kalshi.com/markets/KXMLBGAME-26APR121335SFBAL-BAL,https://polymarket.com/event/mlb-sf-bal-2026-04-12,"[""Baltimore Orioles"", ""San Francisco Giants""]","[""17835648360785469309484716558220306923191954983422640016207849890905650413539"", ""13652121570380116316781846386891197862737363643873046769939088059784306371764""]",Baltimore Orioles,2026-04-19,2026-04-15T14:00:00Z,2026-04-19
52,red sox cardinals,sports_fees_v2,1.0,1877601,mlb-bos-stl-2026-04-11,https://polymarket.com/event/mlb-bos-stl-2026-04-11,KXMLBGAME-26APR111915BOSSTL-BOS,https://kalshi.com/markets/KXMLBGAME-26APR111915BOSSTL-BOS,https://polymarket.com/event/mlb-bos-stl-2026-04-11,"[""Boston Red Sox"", ""St. Louis Cardinals""]","[""2903000012849509558655617888260239300669886372054536377475864364325234474653"", ""63419676361778234736603643621439197953147548307527951704439919452923817134348""]",Boston Red Sox,2026-04-18,2026-04-14T14:00:00Z,2026-04-18
53,red sox cardinals,sports_fees_v2,1.0,1890661,mlb-bos-stl-2026-04-12,https://polymarket.com/event/mlb-bos-stl-2026-04-12,KXMLBGAME-26APR121415BOSSTL-BOS,https://kalshi.com/markets/KXMLBGAME-26APR121415BOSSTL-BOS,https://polymarket.com/event/mlb-bos-stl-2026-04-12,"[""Boston Red Sox"", ""St. Louis Cardinals""]","[""78817471997699136921317147851382075560663146022752954387825906806061766936353"", ""5929640285302101472486185079252721760998923096371426454129954301155703250645""]",Boston Red Sox,2026-04-19,2026-04-15T14:00:00Z,2026-04-19
54,dodgers rangers,sports_fees_v2,1.0,1877605,mlb-tex-lad-2026-04-11,https://polymarket.com/event/mlb-tex-lad-2026-04-11,KXMLBGAME-26APR121610TEXLAD-LAD,https://kalshi.com/markets/KXMLBGAME-26APR121610TEXLAD-LAD,https://polymarket.com/event/mlb-tex-lad-2026-04-11,"[""Los Angeles Dodgers"", ""Texas Rangers""]","[""107441601350754589494542447706604891169687634196376485736584856127073222747792"", ""103676207326232433100671423406187047250159068870105162510898090839636278803305""]",Los Angeles Dodgers,2026-04-19,2026-04-15T14:00:00Z,2026-04-19
55,astros mariners,sports_fees_v2,1.0,1877607,mlb-hou-sea-2026-04-11,https://polymarket.com/event/mlb-hou-sea-2026-04-11,KXMLBGAME-26APR121610HOUSEA-HOU,https://kalshi.com/markets/KXMLBGAME-26APR121610HOUSEA-HOU,https://polymarket.com/event/mlb-hou-sea-2026-04-11,"[""Houston Astros"", ""Seattle Mariners""]","[""59878804012802373716975708306468133433417032218818228497228813992712711388303"", ""35173062343100040418383925150735136731375678645524126037989971700761305996692""]",Houston Astros,2026-04-19,2026-04-15T14:00:00Z,2026-04-19
56,celtics magic,sports_fees_v2,1.0,1891029,nba-orl-bos-2026-04-12,https://polymarket.com/event/nba-orl-bos-2026-04-12,KXNBAGAME-26APR12ORLBOS-BOS,https://kalshi.com/markets/KXNBAGAME-26APR12ORLBOS-BOS,https://polymarket.com/event/nba-orl-bos-2026-04-12,"[""Celtics"", ""Magic""]","[""42226471287631305147124009130697472279390700811292616532685434752232432877995"", ""51874337942577915781329949763643476276966641550592331786851895684826588929622""]",Celtics,2026-04-12,2026-04-26T22:00:00Z,2026-04-12
57,cavaliers wizards,sports_fees_v2,1.0,1891032,nba-was-cle-2026-04-12,https://polymarket.com/event/nba-was-cle-2026-04-12,KXNBAGAME-26APR12WASCLE-CLE,https://kalshi.com/markets/KXNBAGAME-26APR12WASCLE-CLE,https://polymarket.com/event/nba-was-cle-2026-04-12,"[""Cavaliers"", ""Wizards""]","[""65444547317480061014699681971331928394954221246683449112318146147371380153935"", ""107798399783032620260310397599901779075351234843276711531859605003244107242552""]",Cavaliers,2026-04-12,2026-04-26T22:00:00Z,2026-04-12
58,pacers pistons,sports_fees_v2,1.0,1891034,nba-det-ind-2026-04-12,https://polymarket.com/event/nba-det-ind-2026-04-12,KXNBAGAME-26APR12DETIND-IND,https://kalshi.com/markets/KXNBAGAME-26APR12DETIND-IND,https://polymarket.com/event/nba-det-ind-2026-04-12,"[""Pacers"", ""Pistons""]","[""70696295188716279826910289894560537947354730689016834364570544802900325592141"", ""100835650782701150772203114631576731785297101454532655143640487913910343066879""]",Pacers,2026-04-12,2026-04-26T22:00:00Z,2026-04-12
59,hawks heat,sports_fees_v2,1.0,1891035,nba-atl-mia-2026-04-12,https://polymarket.com/event/nba-atl-mia-2026-04-12,KXNBAGAME-26APR12ATLMIA-ATL,https://kalshi.com/markets/KXNBAGAME-26APR12ATLMIA-ATL,https://polymarket.com/event/nba-atl-mia-2026-04-12,"[""Hawks"", ""Heat""]","[""34087031329437662748803795824523827115506575691196764909302092550102326700167"", ""23104343211586625420756906394999380656149299882943286258184050279705083470915""]",Hawks,2026-04-12,2026-04-26T22:00:00Z,2026-04-12
60,hornets knicks,sports_fees_v2,1.0,1891036,nba-cha-nyk-2026-04-12,https://polymarket.com/event/nba-cha-nyk-2026-04-12,KXNBAGAME-26APR12CHANYK-CHA,https://kalshi.com/markets/KXNBAGAME-26APR12CHANYK-CHA,https://polymarket.com/event/nba-cha-nyk-2026-04-12,"[""Hornets"", ""Knicks""]","[""13333586025477407629143140522624669783780128413706208603647585175859912459329"", ""114969654235593710993136674005362018292479377468129508073880390175491968262498""]",Hornets,2026-04-12,2026-04-26T22:00:00Z,2026-04-12
61,nets raptors,sports_fees_v2,1.0,1891039,nba-bkn-tor-2026-04-12,https://polymarket.com/event/nba-bkn-tor-2026-04-12,KXNBAGAME-26APR12BKNTOR-BKN,https://kalshi.com/markets/KXNBAGAME-26APR12BKNTOR-BKN,https://polymarket.com/event/nba-bkn-tor-2026-04-12,"[""Nets"", ""Raptors""]","[""75293954905410393217950411390008414259436343059658504148469293259533203148043"", ""39020507640964150685322809446142828446922810707458847408318733877828799263551""]",Nets,2026-04-12,2026-04-26T22:00:00Z,2026-04-12
62,deep cross gaming team secret whales,sports_fees_v2,1.0,1893942,lol-dcg-tsw-2026-04-12,https://polymarket.com/event/lol-dcg-tsw-2026-04-12,KXLOLGAME-26APR120730TSWDCG-DCG,https://kalshi.com/markets/KXLOLGAME-26APR120730TSWDCG-DCG,https://polymarket.com/event/lol-dcg-tsw-2026-04-12,"[""Deep Cross Gaming"", ""Team Secret Whales""]","[""17088126681467901364692924773362242675798728001150744310920663203048390589488"", ""13889006178903299587291423700376438001280800716081037796239888082843575549820""]",Deep Cross Gaming,2026-04-12,2026-04-26T11:30:00Z,2026-04-12
63,shopify rebellion team liquid,sports_fees_v2,1.0,1902251,lol-sr-tl2-2026-04-11,https://polymarket.com/event/lol-sr-tl2-2026-04-11,KXLOLGAME-26APR111600TLSR-SR,https://kalshi.com/markets/KXLOLGAME-26APR111600TLSR-SR,https://polymarket.com/event/lol-sr-tl2-2026-04-11,"[""Shopify Rebellion"", ""Team Liquid""]","[""6995985558068240077510098377499512558435173645076011945527338827949545495396"", ""96191914550550802487459537717892801285521545772668856458638037711620026161604""]",Shopify Rebellion,2026-04-12,2026-04-25T20:00:00Z,2026-04-12
64,dignitas lyon,sports_fees_v2,1.0,1902285,lol-dig-ly-2026-04-11,https://polymarket.com/event/lol-dig-ly-2026-04-11,KXLOLGAME-26APR111900LYDIG-DIG,https://kalshi.com/markets/KXLOLGAME-26APR111900LYDIG-DIG,https://polymarket.com/event/lol-dig-ly-2026-04-11,"[""Dignitas"", ""LYON""]","[""114229746823312055999385322780365170715453368679310647684142898415242156926787"", ""12272062528006814893334692273451903630377355572928024503422009455393240253956""]",Dignitas,2026-04-12,2026-04-25T23:00:00Z,2026-04-12
65,disguised flyquest,sports_fees_v2,1.0,1902313,lol-dsg-fly-2026-04-12,https://polymarket.com/event/lol-dsg-fly-2026-04-12,KXLOLGAME-26APR121600FLYDSG-DSG,https://kalshi.com/markets/KXLOLGAME-26APR121600FLYDSG-DSG,https://polymarket.com/event/lol-dsg-fly-2026-04-12,"[""Disguised"", ""FlyQuest""]","[""103761894118718127787848017635823019174964694811679048617582825574308650197841"", ""23363986625995088304678295642195742601811220142881806915950459406132251234494""]",Disguised,2026-04-13,2026-04-26T20:00:00Z,2026-04-13
66,cloud9 sentinels,sports_fees_v2,1.0,1902340,lol-sen-c9-2026-04-12,https://polymarket.com/event/lol-sen-c9-2026-04-12,KXLOLGAME-26APR121900C9SEN-C9,https://kalshi.com/markets/KXLOLGAME-26APR121900C9SEN-C9,https://polymarket.com/event/lol-sen-c9-2026-04-12,"[""Cloud9"", ""Sentinels""]","[""80552877069265354589632544148522931096603294918217127836719465416027847360337"", ""5569710620627195107345645961179386656491317004748480473670916267891896533693""]",Cloud9,2026-04-13,2026-04-26T23:00:00Z,2026-04-13
67,rockford icehogs chicago wolves blackhawks bulls bears chicago fire fc,sports_fees_v2,1.0,1908354,ahl-roc-chi-2026-04-12,https://polymarket.com/event/ahl-roc-chi-2026-04-12,KXAHLGAME-26APR121600ROCCHI-ROC,https://kalshi.com/markets/KXAHLGAME-26APR121600ROCCHI-ROC,https://polymarket.com/event/ahl-roc-chi-2026-04-12,"[""Rockford IceHogs"", ""Chicago Wolves""]","[""77240315892014034288601054607985903645174497743228494154065614308006732557272"", ""105636674535128694614836590313415143860650546566050299910705596893659847183088""]",Rockford IceHogs,2026-04-12,2026-04-26T20:00:00Z,2026-04-12
68,iowa wild milwaukee bucks brewers,sports_fees_v2,1.0,1908359,ahl-iow-mil-2026-04-12,https://polymarket.com/event/ahl-iow-mil-2026-04-12,KXAHLGAME-26APR121600IOWMIL-IOW,https://kalshi.com/markets/KXAHLGAME-26APR121600IOWMIL-IOW,https://polymarket.com/event/ahl-iow-mil-2026-04-12,"[""Iowa Wild"", ""Milwaukee Admirals""]","[""16511656912312724834998249753970805290101336507158131619315438391429598531562"", ""40722409529001642612987288806307997634272112933873332610808118888830648468533""]",Iowa Wild,2026-04-12,2026-04-26T20:00:00Z,2026-04-12
69,lehigh valley phantoms cleveland cavaliers guardians browns,sports_fees_v2,1.0,1908480,ahl-cle-leh-2026-04-12,https://polymarket.com/event/ahl-cle-leh-2026-04-12,KXAHLGAME-26APR121505CLELEH-LEH,https://kalshi.com/markets/KXAHLGAME-26APR121505CLELEH-LEH,https://polymarket.com/event/ahl-cle-leh-2026-04-12,"[""Lehigh Valley Phantoms"", ""Cleveland Monsters""]","[""20898106914254754554949977445308425163452285940558954024063076043591687763332"", ""48351881896453894357533349134934523056286306252054424283272016751385645296386""]",Lehigh Valley Phantoms,2026-04-12,2026-04-26T19:05:00Z,2026-04-12
70,islanders hartford wolf pack,sports_fees_v2,1.0,1908496,ahl-har-bri-2026-04-12,https://polymarket.com/event/ahl-har-bri-2026-04-12,KXAHLGAME-26APR121700HARBRI-BRI,https://kalshi.com/markets/KXAHLGAME-26APR121700HARBRI-BRI,https://polymarket.com/event/ahl-har-bri-2026-04-12,"[""Bridgeport Islanders"", ""Hartford Wolf Pack""]","[""103950986162683650735606858560322883384320391182575018001567302901708039006541"", ""8166775550261282750178792543649926718893117659150248245713949057852582956760""]",Bridgeport Islanders,2026-04-12,2026-04-26T21:00:00Z,2026-04-12
71,columbus crew orlando city sc,sports_fees_v2,1.0,1910420,mls-clb-orl-2026-04-12-ags-wessam-abou-ali,https://polymarket.com/event/mls-clb-orl-2026-04-12-ags-wessam-abou-ali,KXMLSGAME-26APR12CLBORL-CLB,https://kalshi.com/markets/KXMLSGAME-26APR12CLBORL-CLB,https://polymarket.com/event/mls-clb-orl-2026-04-12-ags-wessam-abou-ali,"[""Yes"", ""No""]","[""112678533522618205911156979753925443369735567643916052616551310533619579152612"", ""79445244862569079017478443486995733076929762388556726291293210105306489168722""]",Yes,2026-04-12,2026-04-26T23:00:00Z,2026-04-12
72,furia esports loud,sports_fees_v2,1.0,1918010,r6siege-loud-furia-2026-04-11,https://polymarket.com/event/r6siege-loud-furia-2026-04-11,KXR6GAME-26APR111545FURIALOUD-FURIA,https://kalshi.com/markets/KXR6GAME-26APR111545FURIALOUD-FURIA,https://polymarket.com/event/r6siege-loud-furia-2026-04-11,"[""FURIA Esports"", ""LOUD""]","[""39501771800724474561034288728948737737150330486801273374815758099723248926137"", ""88045516864121988383947667416899270106500782984460947830414905494131318699789""]",FURIA Esports,2026-04-12,2026-04-25T19:45:00Z,2026-04-12
73,gujarat titans lucknow super giants luciano,sports_fees_v2,1.0,1919465,cricipl-luc-guj-2026-04-12,https://polymarket.com/event/cricipl-luc-guj-2026-04-12,KXIPLGAME-26APR12GTLSG-GT,https://kalshi.com/markets/KXIPLGAME-26APR12GTLSG-GT,https://polymarket.com/event/cricipl-luc-guj-2026-04-12,"[""Gujarat Titans"", ""Lucknow Super Giants""]","[""104913378927608766729765187643598537540004540712367768081548517425911539665208"", ""70415428840371306412891675998879450344306401721920048020306199145974354913834""]",Gujarat Titans,2026-04-19,2026-04-15T10:00:00Z,2026-04-19
74,shanxi loongs xinjiang flying tigers,sports_fees_v2,1.0,1931893,bkcba-sha-xin-2026-04-11,https://polymarket.com/event/bkcba-sha-xin-2026-04-11,KXCBAGAME-26APR110735XINSHAX-SHAX,https://kalshi.com/markets/KXCBAGAME-26APR110735XINSHAX-SHAX,https://polymarket.com/event/bkcba-sha-xin-2026-04-11,"[""Shanxi Loongs"", ""Xinjiang Flying Tigers""]","[""70396581378486512704708417400412992686886774460440104161935605722087223726714"", ""63740320430365300282183218201918392014833810580504202851794933922611088124604""]",Shanxi Loongs,2026-04-18,2026-04-25T11:35:00Z,2026-04-18
75,jiangsu dragons shenzhen leopards,sports_fees_v2,1.0,1931894,bkcba-she-jia-2026-04-11,https://polymarket.com/event/bkcba-she-jia-2026-04-11,KXCBAGAME-26APR110735JIALEO-JIA,https://kalshi.com/markets/KXCBAGAME-26APR110735JIALEO-JIA,https://polymarket.com/event/bkcba-she-jia-2026-04-11,"[""Jiangsu Dragons"", ""Shenzhen Leopards""]","[""109640221682656774481847091850622993263018072799802925923876838170264937941469"", ""85088452193659591535045897299222396549790413319546592596152856237232474823605""]",Jiangsu Dragons,2026-04-18,2026-04-25T11:35:00Z,2026-04-18
76,sichuan blue whales tianjin pioneers,sports_fees_v2,1.0,1931895,bkcba-sic-tia-2026-04-11,https://polymarket.com/event/bkcba-sic-tia-2026-04-11,KXCBAGAME-26APR110735TIASBW-SBW,https://kalshi.com/markets/KXCBAGAME-26APR110735TIASBW-SBW,https://polymarket.com/event/bkcba-sic-tia-2026-04-11,"[""Sichuan Blue Whales"", ""Tianjin Pioneers""]","[""28715598605937518675812707555499175674922426727943443205445762579671218118225"", ""12757719759567783299630407399780273307659271176130125627796962341762348888117""]",Sichuan Blue Whales,2026-04-18,2026-04-25T11:35:00Z,2026-04-18
77,rockets qingdao eagles,sports_fees_v2,1.0,1931897,bkcba-qin-nin-2026-04-12,https://polymarket.com/event/bkcba-qin-nin-2026-04-12,KXCBAGAME-26APR120735NINQIN-NIN,https://kalshi.com/markets/KXCBAGAME-26APR120735NINQIN-NIN,https://polymarket.com/event/bkcba-qin-nin-2026-04-12,"[""Ningbo Rockets"", ""Qingdao Eagles""]","[""47460934877495209835999628750075571012984315793851412695908763071943585158917"", ""74977110468082453734159113019791470216775752584179806230075888398254515950525""]",Ningbo Rockets,2026-04-19,2026-04-26T11:35:00Z,2026-04-19
78,beijing ducks shanghai sharks,sports_fees_v2,1.0,1931898,bkcba-bei-sha3-2026-04-12,https://polymarket.com/event/bkcba-bei-sha3-2026-04-12,KXCBAGAME-26APR120735SHADBED-BED,https://kalshi.com/markets/KXCBAGAME-26APR120735SHADBED-BED,https://polymarket.com/event/bkcba-bei-sha3-2026-04-12,"[""Beijing Ducks"", ""Shanghai Sharks""]","[""77958336287048604461663061334034432779021925709288016674767201186259705892873"", ""10816403056923879787714856518059826903579989886435078103227949338752369245894""]",Beijing Ducks,2026-04-19,2026-04-26T11:35:00Z,2026-04-19
79,guangdong southern tigers lions zhelezniakova,sports_fees_v2,1.0,1931899,bkcba-zhe-gua-2026-04-12,https://polymarket.com/event/bkcba-zhe-gua-2026-04-12,KXCBAGAME-26APR120735GSTZHE-GST,https://kalshi.com/markets/KXCBAGAME-26APR120735GSTZHE-GST,https://polymarket.com/event/bkcba-zhe-gua-2026-04-12,"[""Guangdong Southern Tigers"", ""Zhejiang Lions""]","[""88460481137020975814404310620331136333938999298494354754424490350254939662685"", ""89073062357580169810505003788254559016218933802985008168915388571967325968840""]",Guangdong Southern Tigers,2026-04-19,2026-04-26T11:35:00Z,2026-04-19
80,sun kotov,sports_fees_v2,1.0,1935989,atp-su-kotov-2026-04-10,https://polymarket.com/event/atp-su-kotov-2026-04-10,KXATPCHALLENGERMATCH-26APR11SUNKOT-SUN,https://kalshi.com/markets/KXATPCHALLENGERMATCH-26APR11SUNKOT-SUN,https://polymarket.com/event/atp-su-kotov-2026-04-10,"[""Fajing Sun"", ""Pavel Kotov""]","[""68342919492259880124139218511918601211091403040905001940760351239084481323744"", ""521745628381443578849010204718877516228608766905405089143704353815422053077""]",Fajing Sun,2026-04-18,2026-04-25T04:10:00Z,2026-04-18
81,kudermetova pigato,sports_fees_v2,1.0,1938110,wta-kuderme-pigato-2026-04-11,https://polymarket.com/event/wta-kuderme-pigato-2026-04-11,KXWTACHALLENGERMATCH-26APR11KUDPIG-PIG,https://kalshi.com/markets/KXWTACHALLENGERMATCH-26APR11KUDPIG-PIG,https://polymarket.com/event/wta-kuderme-pigato-2026-04-11,"[""Lisa Pigato"", ""Polina Kudermetova""]","[""25616421805826350413584016530881276541681108585231232595632121379942092488104"", ""108412365111008604203975228073038935657631043560221957696053744518389738956385""]",Lisa Pigato,2026-04-18,2026-04-25T09:00:00Z,2026-04-18
82,olmo ribera,sports_fees_v2,1.0,1938128,wta-olmo-ribera-2026-04-11,https://polymarket.com/event/wta-olmo-ribera-2026-04-11,KXWTACHALLENGERMATCH-26APR11MINBAS-BAS,https://kalshi.com/markets/KXWTACHALLENGERMATCH-26APR11MINBAS-BAS,https://polymarket.com/event/wta-olmo-ribera-2026-04-11,"[""Ane Mintegi Del Olmo"", ""Marina Bassols Ribera""]","[""40794201000263300782046792463728321646025106858157214251308129032349640606634"", ""86136249060805914137226858494011794423322936427098132058698662239020798261412""]",Ane Mintegi Del Olmo,2026-04-18,2026-04-25T11:20:00Z,2026-04-18
83,samuel piros,sports_fees_v2,1.0,1938132,atp-samuel-piros-2026-04-11,https://polymarket.com/event/atp-samuel-piros-2026-04-11,KXATPCHALLENGERMATCH-26APR11SAMPIR-SAM,https://kalshi.com/markets/KXATPCHALLENGERMATCH-26APR11SAMPIR-SAM,https://polymarket.com/event/atp-samuel-piros-2026-04-11,"[""Toby Samuel"", ""Zsombor Piros""]","[""24897266927737116055263037496534940491613083437499592882499397403426684415405"", ""88723721190503334746810775827845964312336716196866171594904140358799690910114""]",Toby Samuel,2026-04-18,2026-04-25T10:10:00Z,2026-04-18
84,zverev sinner,sports_fees_v2,1.0,1938135,atp-zverev-sinner-2026-04-11,https://polymarket.com/event/atp-zverev-sinner-2026-04-11,KXATPMATCH-26APR11ZVESIN-ZVE,https://kalshi.com/markets/KXATPMATCH-26APR11ZVESIN-ZVE,https://polymarket.com/event/atp-zverev-sinner-2026-04-11,"[""Alexander Zverev"", ""Jannik Sinner""]","[""19451609540922238136124187060019931638023782702193153440648302226063848120082"", ""16167447992071091121292064631261364296389910676033444212341967878016501362808""]",Alexander Zverev,2026-04-18,2026-04-25T11:30:00Z,2026-04-18
85,andreeva ruse,sports_fees_v2,1.0,1940766,wta-andreev-ruse-2026-04-11,https://polymarket.com/event/wta-andreev-ruse-2026-04-11,KXWTAMATCH-26APR11ANDRUS-RUS,https://kalshi.com/markets/KXWTAMATCH-26APR11ANDRUS-RUS,https://polymarket.com/event/wta-andreev-ruse-2026-04-11,"[""Gabriela Ruse"", ""Mirra Andreeva""]","[""6324913552943299301386681040666830152881486564797995598946070720877597406323"", ""25031351455767499048437994850062289351386053177349640782696346191076403412378""]",Gabriela Ruse,2026-04-18,2026-04-25T12:00:00Z,2026-04-18
86,jarry rodionov,sports_fees_v2,1.0,1940772,atp-jarry-rodiono-2026-04-11,https://polymarket.com/event/atp-jarry-rodiono-2026-04-11,KXATPCHALLENGERMATCH-26APR11JARROD-JAR,https://kalshi.com/markets/KXATPCHALLENGERMATCH-26APR11JARROD-JAR,https://polymarket.com/event/atp-jarry-rodiono-2026-04-11,"[""Nicolas Jarry"", ""Jurij Rodionov""]","[""81398187460060040603803907031574810736307457172778806922655774779419695969402"", ""50121514299468932871991293675219133086570914626630811620175062260843004971843""]",Nicolas Jarry,2026-04-18,2026-04-25T14:00:00Z,2026-04-18
87,potapova vekic,sports_fees_v2,1.0,1940787,wta-potapov-vekic-2026-04-11,https://polymarket.com/event/wta-potapov-vekic-2026-04-11,KXWTAMATCH-26APR11POTVEK-POT,https://kalshi.com/markets/KXWTAMATCH-26APR11POTVEK-POT,https://polymarket.com/event/wta-potapov-vekic-2026-04-11,"[""Anastasia Potapova"", ""Donna Vekic""]","[""89208584265547061085123937063211918127304132665990927247537513735323394361573"", ""104861977318800138081981476548120772371546296685115861008217770461874120237685""]",Anastasia Potapova,2026-04-18,2026-04-25T14:40:00Z,2026-04-18
88,alcaraz vacherot,sports_fees_v2,1.0,1940793,atp-alcaraz-vachero-2026-04-11,https://polymarket.com/event/atp-alcaraz-vachero-2026-04-11,KXATPMATCH-26APR11ALCVAC-ALC,https://kalshi.com/markets/KXATPMATCH-26APR11ALCVAC-ALC,https://polymarket.com/event/atp-alcaraz-vachero-2026-04-11,"[""Carlos Alcaraz"", ""Valentin Vacherot""]","[""63008396557981436599118418994807733327179401171213590890310113789827489854818"", ""83854419660446576312230223387501757624347334919240994870784913640058151591080""]",Carlos Alcaraz,2026-04-18,2026-04-25T13:30:00Z,2026-04-18
89,wang leonard,sports_fees_v2,1.0,1940801,wta-wa-leonard-2026-04-11,https://polymarket.com/event/wta-wa-leonard-2026-04-11,KXWTAMATCH-26APR11WANLEO-LEO,https://kalshi.com/markets/KXWTAMATCH-26APR11WANLEO-LEO,https://polymarket.com/event/wta-wa-leonard-2026-04-11,"[""Manon Leonard"", ""Xinyu Wang""]","[""54557655143065683786945552563471386036790627507739506793905198455191687002416"", ""3295529231201811536383745017825906255067618322875472243726557839872458999537""]",Manon Leonard,2026-04-18,2026-04-25T08:00:00Z,2026-04-18
90,bueno midon,sports_fees_v2,1.0,1940808,atp-bueno-midon-2026-04-11,https://polymarket.com/event/atp-bueno-midon-2026-04-11,KXATPCHALLENGERMATCH-26APR11BUEMID-BUE,https://kalshi.com/markets/KXATPCHALLENGERMATCH-26APR11BUEMID-BUE,https://polymarket.com/event/atp-bueno-midon-2026-04-11,"[""Gonzalo Bueno"", ""Lautaro Midon""]","[""93770152607656183630213819885444269429813620757166835795704191512024225185317"", ""97519966153773150268101732621177985602481600094075235329823393722883934037453""]",Gonzalo Bueno,2026-04-18,2026-04-25T13:30:00Z,2026-04-18
91,robbe tan,sports_fees_v2,1.0,1940809,wta-robbe-tan-2026-04-11,https://polymarket.com/event/wta-robbe-tan-2026-04-11,KXWTAMATCH-26APR11ROBTAN-ROB,https://kalshi.com/markets/KXWTAMATCH-26APR11ROBTAN-ROB,https://polymarket.com/event/wta-robbe-tan-2026-04-11,"[""Alice Robbe"", ""Harmony Tan""]","[""113313104158940666399597808419473411785629225979436407707519560463018247715258"", ""24813457814439970369925502531930198081383156948016578415814958206691730973994""]",Alice Robbe,2026-04-18,2026-04-25T08:00:00Z,2026-04-18
92,salkova mansouri,sports_fees_v2,1.0,1940813,wta-salkova-mansour-2026-04-11,https://polymarket.com/event/wta-salkova-mansour-2026-04-11,KXWTAMATCH-26APR11SALMAN-SAL,https://kalshi.com/markets/KXWTAMATCH-26APR11SALMAN-SAL,https://polymarket.com/event/wta-salkova-mansour-2026-04-11,"[""Dominika Salkova"", ""Yasmine Mansouri""]","[""35778223928527501394463804436220741355016725735575124061145934678981219301570"", ""7890126455195085625201668042360491768961776022691330450671220807509530598875""]",Dominika Salkova,2026-04-18,2026-04-25T08:00:00Z,2026-04-18
93,kobori podrez,sports_fees_v2,1.0,1940822,wta-kobori-podrez-2026-04-11,https://polymarket.com/event/wta-kobori-podrez-2026-04-11,KXWTAMATCH-26APR11KOBPOD-KOB,https://kalshi.com/markets/KXWTAMATCH-26APR11KOBPOD-KOB,https://polymarket.com/event/wta-kobori-podrez-2026-04-11,"[""Momoko Kobori"", ""Veronika Podrez""]","[""58030126227691612061937499044208790568024850026738188149760673418016781591286"", ""66503395765256665221837981857562879861117317234942693027461916860831781697358""]",Momoko Kobori,2026-04-18,2026-04-25T08:00:00Z,2026-04-18
94,charaeva hodzic,sports_fees_v2,1.0,1940831,wta-charaev-hodzic-2026-04-11,https://polymarket.com/event/wta-charaev-hodzic-2026-04-11,KXWTAMATCH-26APR11CHAHOD-HOD,https://kalshi.com/markets/KXWTAMATCH-26APR11CHAHOD-HOD,https://polymarket.com/event/wta-charaev-hodzic-2026-04-11,"[""Mina Hodzic"", ""Alina Charaeva""]","[""13937966501002110362776179547536987855352728376199206869667082422092284034490"", ""31005893037126973940431226571447550918373196483762747661831413967739902162087""]",Mina Hodzic,2026-04-18,2026-04-25T08:00:00Z,2026-04-18
95,babel pieri,sports_fees_v2,1.0,1940847,wta-babel-pieri-2026-04-11,https://polymarket.com/event/wta-babel-pieri-2026-04-11,KXWTAMATCH-26APR11BABPIE-PIE,https://kalshi.com/markets/KXWTAMATCH-26APR11BABPIE-PIE,https://polymarket.com/event/wta-babel-pieri-2026-04-11,"[""Jessica Pieri"", ""Oceane Babel""]","[""89877053657280286096626288608721568234742877696467195054311625065680485765216"", ""73317371542055760477039634633569889963891603452390936778955423790547037415050""]",Jessica Pieri,2026-04-18,2026-04-25T08:00:00Z,2026-04-18
96,kalieva foon,sports_fees_v2,1.0,1940865,wta-kalieva-foon-2026-04-11,https://polymarket.com/event/wta-kalieva-foon-2026-04-11,KXWTAMATCH-26APR11KALLEW-KAL,https://kalshi.com/markets/KXWTAMATCH-26APR11KALLEW-KAL,https://polymarket.com/event/wta-kalieva-foon-2026-04-11,"[""Elvina Kalieva"", ""Astrid Lew Yan Foon""]","[""91003121683770711950991353855937304660636860089269470762464742328967770047981"", ""89014287524109129256811407558257668005463514158421715559363824456938460023513""]",Elvina Kalieva,2026-04-18,2026-04-25T08:00:00Z,2026-04-18
97,kozyreva belgraver,sports_fees_v2,1.0,1940879,wta-kozyrev-belgrav-2026-04-11,https://polymarket.com/event/wta-kozyrev-belgrav-2026-04-11,KXWTAMATCH-26APR11KOZBEL-BEL,https://kalshi.com/markets/KXWTAMATCH-26APR11KOZBEL-BEL,https://polymarket.com/event/wta-kozyrev-belgrav-2026-04-11,"[""Julie Belgraver"", ""Maria Kozyreva""]","[""13708439907823703617399825579483428931690010907688258061796414209334782801404"", ""27921431885089532036671017199744146104244835141414753962405799316121506911810""]",Julie Belgraver,2026-04-18,2026-04-25T08:00:00Z,2026-04-18
98,timofeeva bartashevich,sports_fees_v2,1.0,1940880,wta-timofee-bartash-2026-04-11,https://polymarket.com/event/wta-timofee-bartash-2026-04-11,KXWTAMATCH-26APR11TIMBAR-TIM,https://kalshi.com/markets/KXWTAMATCH-26APR11TIMBAR-TIM,https://polymarket.com/event/wta-timofee-bartash-2026-04-11,"[""Maria Timofeeva"", ""Yara Bartashevich""]","[""95279855135667799942170285952445869139111864594268567911038576954500241260489"", ""112275809924061628718991963356429865771890728498195041802505893719438401342601""]",Maria Timofeeva,2026-04-18,2026-04-25T08:00:00Z,2026-04-18
99,lemaitre paquet,sports_fees_v2,1.0,1940882,wta-lemaitr-paquet-2026-04-11,https://polymarket.com/event/wta-lemaitr-paquet-2026-04-11,KXWTAMATCH-26APR11LEMPAQ-PAQ,https://kalshi.com/markets/KXWTAMATCH-26APR11LEMPAQ-PAQ,https://polymarket.com/event/wta-lemaitr-paquet-2026-04-11,"[""Chloe Paquet"", ""Tiphanie Lemaitre""]","[""73082013924696597447026725128401916704144442901423665053869947833524482385590"", ""38808463196026700227293791912607963313165912773326782090189677570151545831194""]",Chloe Paquet,2026-04-18,2026-04-25T08:00:00Z,2026-04-18
100,shymanovich martynov,sports_fees_v2,1.0,1940888,wta-shymano-martyno-2026-04-11,https://polymarket.com/event/wta-shymano-martyno-2026-04-11,KXWTAMATCH-26APR11SHYMAR-MAR,https://kalshi.com/markets/KXWTAMATCH-26APR11SHYMAR-MAR,https://polymarket.com/event/wta-shymano-martyno-2026-04-11,"[""Diana Martynov"", ""Iryna Shymanovich""]","[""110371364814257623001452720542194114049523026033124593599982618635263614068925"", ""101372562735215401566316729893665551384878985693461828585873499635551980863871""]",Diana Martynov,2026-04-18,2026-04-25T08:00:00Z,2026-04-18
101,kazionova janicijevic,sports_fees_v2,1.0,1940898,wta-kaziono-janicij-2026-04-11,https://polymarket.com/event/wta-kaziono-janicij-2026-04-11,KXWTAMATCH-26APR11KAZJAN-KAZ,https://kalshi.com/markets/KXWTAMATCH-26APR11KAZJAN-KAZ,https://polymarket.com/event/wta-kaziono-janicij-2026-04-11,"[""Ekaterina Kazionova"", ""Selena Janicijevic""]","[""19965413953066079260301624314097142111840650345204943116498864360047996852235"", ""69871490739142599929916827138421012985746462651568710841863928726114441600097""]",Ekaterina Kazionova,2026-04-18,2026-04-25T08:00:00Z,2026-04-18
102,sonmez pohle,sports_fees_v2,1.0,1940909,wta-sonmez-pohle-2026-04-11,https://polymarket.com/event/wta-sonmez-pohle-2026-04-11,KXWTAMATCH-26APR11SONPOH-POH,https://kalshi.com/markets/KXWTAMATCH-26APR11SONPOH-POH,https://polymarket.com/event/wta-sonmez-pohle-2026-04-11,"[""Victoria Pohle"", ""Zeynep Sonmez""]","[""67413365924499370975597084794624147727196217806546018324912191077576993708318"", ""14778905285332058987977973102942156768083940167163044787891245763810907077391""]",Victoria Pohle,2026-04-18,2026-04-25T08:00:00Z,2026-04-18
103,niemeier friedsam,sports_fees_v2,1.0,1940924,wta-niemeie-friedsa-2026-04-11,https://polymarket.com/event/wta-niemeie-friedsa-2026-04-11,KXWTAMATCH-26APR11NIEFRI-FRI,https://kalshi.com/markets/KXWTAMATCH-26APR11NIEFRI-FRI,https://polymarket.com/event/wta-niemeie-friedsa-2026-04-11,"[""Anna-Lena Friedsam"", ""Jule Niemeier""]","[""22226149775635697910559233770739137060935101598572903362572223942569832111105"", ""68709898138315845226892643970583680152689208785635438619691523752727028026357""]",Anna-Lena Friedsam,2026-04-18,2026-04-25T08:00:00Z,2026-04-18
104,parks bennemann,sports_fees_v2,1.0,1940931,wta-parks-bennema-2026-04-11,https://polymarket.com/event/wta-parks-bennema-2026-04-11,KXWTAMATCH-26APR11PARBEN-PAR,https://kalshi.com/markets/KXWTAMATCH-26APR11PARBEN-PAR,https://polymarket.com/event/wta-parks-bennema-2026-04-11,"[""Alycia Parks"", ""Eva Bennemann""]","[""103565993493875423088547616199289262751488009377947100294472909259020258599862"", ""58213224990252864238726328449912837044395848324873134355048867534775103619622""]",Alycia Parks,2026-04-18,2026-04-25T08:00:00Z,2026-04-18
105,shevchenko dedura-palomero,sports_fees_v2,1.0,1940932,atp-shevche-dedurap-2026-04-11,https://polymarket.com/event/atp-shevche-dedurap-2026-04-11,KXATPMATCH-26APR11SHEDED-SHE,https://kalshi.com/markets/KXATPMATCH-26APR11SHEDED-SHE,https://polymarket.com/event/atp-shevche-dedurap-2026-04-11,"[""Alexander Shevchenko"", ""Diego Dedura-Palomero""]","[""65828442767715849622608363774740963421199911581141207761585633923679549922399"", ""37610837498925953443871425437191847514513887567712107285270504339341101101759""]",Alexander Shevchenko,2026-04-18,2026-04-25T08:00:00Z,2026-04-18
106,giustino pellegrino,sports_fees_v2,1.0,1940938,atp-giustin-pellegr-2026-04-11,https://polymarket.com/event/atp-giustin-pellegr-2026-04-11,KXATPMATCH-26APR11GIUPEL-PEL,https://kalshi.com/markets/KXATPMATCH-26APR11GIUPEL-PEL,https://polymarket.com/event/atp-giustin-pellegr-2026-04-11,"[""Andrea Pellegrino"", ""Lorenzo Giustino""]","[""55088520128518575946476674085717421690181728235961418422973506492937022724216"", ""14092213715578147124986035125047166587436787924400999645772691338427628923105""]",Andrea Pellegrino,2026-04-18,2026-04-25T08:00:00Z,2026-04-18
107,kasintseva zvonareva,sports_fees_v2,1.0,1940945,wta-kasints-zvonare-2026-04-11,https://polymarket.com/event/wta-kasints-zvonare-2026-04-11,KXWTAMATCH-26APR11JIMZVO-JIM,https://kalshi.com/markets/KXWTAMATCH-26APR11JIMZVO-JIM,https://polymarket.com/event/wta-kasints-zvonare-2026-04-11,"[""Vera Zvonareva"", ""Victoria Jimenez Kasintseva""]","[""43332574105293536549343516008310925231556312086171105388266829217869499307547"", ""71957192398129664370972646778837163321474023343591249105879756196817009756131""]",Vera Zvonareva,2026-04-18,2026-04-25T08:00:00Z,2026-04-18
108,dzumhur sachko,sports_fees_v2,1.0,1940946,atp-dzumhur-sachko-2026-04-11,https://polymarket.com/event/atp-dzumhur-sachko-2026-04-11,KXATPMATCH-26APR11DZUSAC-DZU,https://kalshi.com/markets/KXATPMATCH-26APR11DZUSAC-DZU,https://polymarket.com/event/atp-dzumhur-sachko-2026-04-11,"[""Damir Dzumhur"", ""Vitaliy Sachko""]","[""34496404679269532525400834145224110140688708068213578544917851757180112457343"", ""47779219931910756395754858580013026915422351554839115326256818696548963711233""]",Damir Dzumhur,2026-04-18,2026-04-25T08:00:00Z,2026-04-18
109,knutson monnet,sports_fees_v2,1.0,1940957,wta-knutson-monnet-2026-04-11,https://polymarket.com/event/wta-knutson-monnet-2026-04-11,KXWTAMATCH-26APR11KNUMON-MON,https://kalshi.com/markets/KXWTAMATCH-26APR11KNUMON-MON,https://polymarket.com/event/wta-knutson-monnet-2026-04-11,"[""Carole Monnet"", ""Gabriela Knutson""]","[""77079764130324143115266254607111251317208854086381452574311962297710665067552"", ""101989429627657953397645081964576488433746349501160003277358374507319229344456""]",Carole Monnet,2026-04-18,2026-04-25T08:00:00Z,2026-04-18
110,rehberg fery,sports_fees_v2,1.0,1940958,atp-rehberg-fery-2026-04-11,https://polymarket.com/event/atp-rehberg-fery-2026-04-11,KXATPMATCH-26APR11REHFER-FER,https://kalshi.com/markets/KXATPMATCH-26APR11REHFER-FER,https://polymarket.com/event/atp-rehberg-fery-2026-04-11,"[""Arthur Fery"", ""Max Hans Rehberg""]","[""67856581050049163711423248925147823306653232511961022335736006967054862243225"", ""80851940112154832674815080638337710342924337506067494034218849300270748640831""]",Arthur Fery,2026-04-18,2026-04-25T08:00:00Z,2026-04-18
111,sasnovich stusek,sports_fees_v2,1.0,1940964,wta-sasnovi-stusek-2026-04-11,https://polymarket.com/event/wta-sasnovi-stusek-2026-04-11,KXWTAMATCH-26APR11SASSTU-STU,https://kalshi.com/markets/KXWTAMATCH-26APR11SASSTU-STU,https://polymarket.com/event/wta-sasnovi-stusek-2026-04-11,"[""Julia Stusek"", ""Aliaksandra Sasnovich""]","[""34775055096543050347350173542416513497717433321622864716580865473873060904249"", ""27631811895675938522768085907830136142014111548845518057823767485399816333110""]",Julia Stusek,2026-04-18,2026-04-25T08:00:00Z,2026-04-18
112,nava goffin,sports_fees_v2,1.0,1940965,atp-nava-goffin-2026-04-11,https://polymarket.com/event/atp-nava-goffin-2026-04-11,KXATPMATCH-26APR11NAVGOF-GOF,https://kalshi.com/markets/KXATPMATCH-26APR11NAVGOF-GOF,https://polymarket.com/event/atp-nava-goffin-2026-04-11,"[""David Goffin"", ""Emilio Nava""]","[""108218502354092476665261411541249413440405312030085833578488338464729620158723"", ""42074336670340107006363919131212652706583026756395282193311392428736775605707""]",David Goffin,2026-04-18,2026-04-25T08:00:00Z,2026-04-18
113,dodin deichmann,sports_fees_v2,1.0,1940975,wta-dodin-deichma-2026-04-11,https://polymarket.com/event/wta-dodin-deichma-2026-04-11,KXWTAMATCH-26APR11DODVON-DOD,https://kalshi.com/markets/KXWTAMATCH-26APR11DODVON-DOD,https://polymarket.com/event/wta-dodin-deichma-2026-04-11,"[""Oceane Dodin"", ""Kathinka von Deichmann""]","[""66835401257982468805026187445579066592690797422485492074230021567351689961900"", ""54293502047214606513122764587303085569830121050198855519738194234169811659231""]",Oceane Dodin,2026-04-18,2026-04-25T08:00:00Z,2026-04-18
114,baena molcan,sports_fees_v2,1.0,1940976,atp-baena-molcan-2026-04-11,https://polymarket.com/event/atp-baena-molcan-2026-04-11,KXATPMATCH-26APR11CARMOL-MOL,https://kalshi.com/markets/KXATPMATCH-26APR11CARMOL-MOL,https://polymarket.com/event/atp-baena-molcan-2026-04-11,"[""Alex Molcan"", ""Roberto Carballes Baena""]","[""60455775645009651055731287624009749962494246614556080992686889543327801709375"", ""59616899936698636047978072686693928496902675929234780193904505795925091396304""]",Alex Molcan,2026-04-18,2026-04-25T08:00:00Z,2026-04-18
115,choinski huesler,sports_fees_v2,1.0,1940983,atp-choinsk-huesler-2026-04-11,https://polymarket.com/event/atp-choinsk-huesler-2026-04-11,KXATPMATCH-26APR11CHOHUE-CHO,https://kalshi.com/markets/KXATPMATCH-26APR11CHOHUE-CHO,https://polymarket.com/event/atp-choinsk-huesler-2026-04-11,"[""Jan Choinski"", ""Marc-Andrea Huesler""]","[""16827430225901779468311545203303760408078830394597371453077755685105823559249"", ""46836114377778851725731416292359960924913211264189333563177281722774152058760""]",Jan Choinski,2026-04-18,2026-04-25T08:00:00Z,2026-04-18
116,andrade dostanic,sports_fees_v2,1.0,1940988,atp-andrade-dostani-2026-04-11,https://polymarket.com/event/atp-andrade-dostani-2026-04-11,KXATPCHALLENGERMATCH-26APR11ANDDOS-AND,https://kalshi.com/markets/KXATPCHALLENGERMATCH-26APR11ANDDOS-AND,https://polymarket.com/event/atp-andrade-dostani-2026-04-11,"[""Andres Andrade"", ""Stefan Dostanic""]","[""20854927908423496738354624885476709403995205733742917119127279212644668295907"", ""752067971276272120758828544361928223023670667299478736886585533229403644771""]",Andres Andrade,2026-04-18,2026-04-25T17:10:00Z,2026-04-18
117,gea kypson,sports_fees_v2,1.0,1941738,atp-gea-kypson-2026-04-11-set-handicap-home-1pt5,https://polymarket.com/event/atp-gea-kypson-2026-04-11-set-handicap-home-1pt5,KXATPMATCH-26APR11GEAKYP-GEA,https://kalshi.com/markets/KXATPMATCH-26APR11GEAKYP-GEA,https://polymarket.com/event/atp-gea-kypson-2026-04-11-set-handicap-home-1pt5,"[""Gea"", ""Kypson""]","[""47384718789037351391206108588196025859222646585300949393920362520256627619660"", ""85333193034741103059711491633673182859446161027210781951377433044156214412965""]",Gea,2026-04-18,2026-04-25T12:00:00Z,2026-04-18
118,arnaldi halys,sports_fees_v2,1.0,1941747,atp-arnaldi-halys-2026-04-11-set-handicap-home-1pt5,https://polymarket.com/event/atp-arnaldi-halys-2026-04-11-set-handicap-home-1pt5,KXATPMATCH-26APR11ARNHAL-ARN,https://kalshi.com/markets/KXATPMATCH-26APR11ARNHAL-ARN,https://polymarket.com/event/atp-arnaldi-halys-2026-04-11-set-handicap-home-1pt5,"[""Arnaldi"", ""Halys""]","[""37377659476489640523984546923846162155989271661132456385458958152995764548716"", ""29829698442563716531900593501583584902191823660228274705437956090493374722962""]",Arnaldi,2026-04-18,2026-04-25T12:00:00Z,2026-04-18
119,medjedovic gaubas,sports_fees_v2,1.0,1941756,atp-medjedo-gaubas-2026-04-11-set-handicap-home-1pt5,https://polymarket.com/event/atp-medjedo-gaubas-2026-04-11-set-handicap-home-1pt5,KXATPMATCH-26APR11MEDGAU-GAU,https://kalshi.com/markets/KXATPMATCH-26APR11MEDGAU-GAU,https://polymarket.com/event/atp-medjedo-gaubas-2026-04-11-set-handicap-home-1pt5,"[""Gaubas"", ""Medjedovic""]","[""7519892449726964780225930765514935529742731680179488074875946493981498842216"", ""67545498656259931161539327593437493581364077566289741698825591823782224272089""]",Gaubas,2026-04-18,2026-04-25T12:00:00Z,2026-04-18
120,ofner quilez,sports_fees_v2,1.0,1941828,atp-ofner-quilez-2026-04-11-set-handicap-home-1pt5,https://polymarket.com/event/atp-ofner-quilez-2026-04-11-set-handicap-home-1pt5,KXATPMATCH-26APR11OFNSAN-OFN,https://kalshi.com/markets/KXATPMATCH-26APR11OFNSAN-OFN,https://polymarket.com/event/atp-ofner-quilez-2026-04-11-set-handicap-home-1pt5,"[""Ofner"", ""Quilez""]","[""23250949463894150737488169345039411749690962442515182841146369572812316924757"", ""64685087163617187473888373170496649860366327220308763259376574217984372802069""]",Ofner,2026-04-18,2026-04-25T10:50:00Z,2026-04-18
121,cerundolo zeppieri,sports_fees_v2,1.0,1941837,atp-cerund-zeppier-2026-04-11-set-handicap-home-1pt5,https://polymarket.com/event/atp-cerund-zeppier-2026-04-11-set-handicap-home-1pt5,KXATPMATCH-26APR11CERZEP-CER,https://kalshi.com/markets/KXATPMATCH-26APR11CERZEP-CER,https://polymarket.com/event/atp-cerund-zeppier-2026-04-11-set-handicap-home-1pt5,"[""Cerundolo"", ""Zeppieri""]","[""101539101470264902632938492198242980010957649247841286313195734271640743300549"", ""20489810874459170596785491554507796247840612401960222948315673351688406545393""]",Cerundolo,2026-04-18,2026-04-25T10:50:00Z,2026-04-18
122,busta martinez,sports_fees_v2,1.0,1941846,atp-martine-busta-2026-04-11-set-handicap-away-1pt5,https://polymarket.com/event/atp-martine-busta-2026-04-11-set-handicap-away-1pt5,KXATPMATCH-26APR11MARCAR-MAR,https://kalshi.com/markets/KXATPMATCH-26APR11MARCAR-MAR,https://polymarket.com/event/atp-martine-busta-2026-04-11-set-handicap-away-1pt5,"[""Martinez"", ""Busta""]","[""82397858757875329072673721012966096372569740550695979345445281663947556131695"", ""95170367015558823758802975629715523486146385181902612655325722676832702538210""]",Martinez,2026-04-18,2026-04-25T10:50:00Z,2026-04-18
123,jong bonzi,sports_fees_v2,1.0,1941910,atp-jong-bonzi-2026-04-11-set-handicap-home-1pt5,https://polymarket.com/event/atp-jong-bonzi-2026-04-11-set-handicap-home-1pt5,KXATPMATCH-26APR11DEJBON-BON,https://kalshi.com/markets/KXATPMATCH-26APR11DEJBON-BON,https://polymarket.com/event/atp-jong-bonzi-2026-04-11-set-handicap-home-1pt5,"[""Bonzi"", ""Jong""]","[""66771777212156755037604732963287724964749590967835843845759747162002119836073"", ""52829371747457891214698014178836788503372938382541180763308713523739251209840""]",Bonzi,2026-04-18,2026-04-25T09:40:00Z,2026-04-18
124,trungelliti kjaer,sports_fees_v2,1.0,1941918,atp-trungel-kjaer-2026-04-11-set-handicap-home-1pt5,https://polymarket.com/event/atp-trungel-kjaer-2026-04-11-set-handicap-home-1pt5,KXATPMATCH-26APR11TRUBUD-BUD,https://kalshi.com/markets/KXATPMATCH-26APR11TRUBUD-BUD,https://polymarket.com/event/atp-trungel-kjaer-2026-04-11-set-handicap-home-1pt5,"[""Trungelliti"", ""Kjaer""]","[""87394645741111201881049857994168233990950832020667532096063470778588282977518"", ""101609288036014623857174807024232954467761737005101123302066946111213725558056""]",Trungelliti,2026-04-18,2026-04-25T09:40:00Z,2026-04-18
125,muller gurri,sports_fees_v2,1.0,1941928,atp-gurri-muller-2026-04-11-set-handicap-away-1pt5,https://polymarket.com/event/atp-gurri-muller-2026-04-11-set-handicap-away-1pt5,KXATPMATCH-26APR11ALCMUL-ALC,https://kalshi.com/markets/KXATPMATCH-26APR11ALCMUL-ALC,https://polymarket.com/event/atp-gurri-muller-2026-04-11-set-handicap-away-1pt5,"[""Gurri"", ""Muller""]","[""5626620117211162319190238821730508111190196286146733713215238986506238096710"", ""67775632413499477110215322942347819573031307436056374449562714164277670636431""]",Gurri,2026-04-18,2026-04-25T09:40:00Z,2026-04-18
126,quinn basilashvili,sports_fees_v2,1.0,1941990,atp-quinn-basilas-2026-04-11-set-handicap-home-1pt5,https://polymarket.com/event/atp-quinn-basilas-2026-04-11-set-handicap-home-1pt5,KXATPMATCH-26APR11QUIBAS-BAS,https://kalshi.com/markets/KXATPMATCH-26APR11QUIBAS-BAS,https://polymarket.com/event/atp-quinn-basilas-2026-04-11-set-handicap-home-1pt5,"[""Basilashvili"", ""Quinn""]","[""82441612190646287804602286640449762042649165576793423519838947107984540915578"", ""21200069344374532237329100113877593326484955811851312754467826091339184289597""]",Basilashvili,2026-04-18,2026-04-25T08:30:00Z,2026-04-18
127,virtanen vukic,sports_fees_v2,1.0,1942008,atp-vukic-virtane-2026-04-11-set-handicap-away-1pt5,https://polymarket.com/event/atp-vukic-virtane-2026-04-11-set-handicap-away-1pt5,KXATPMATCH-26APR11VUKVIR-VIR,https://kalshi.com/markets/KXATPMATCH-26APR11VUKVIR-VIR,https://polymarket.com/event/atp-vukic-virtane-2026-04-11-set-handicap-away-1pt5,"[""Virtanen"", ""Vukic""]","[""19782305679843860849272041413412143025021882274866685569114673942212306874568"", ""82128142257850828895360871013938125996787213767469885955762428837233607342611""]",Virtanen,2026-04-18,2026-04-25T08:30:00Z,2026-04-18
128,yibing blanch,sports_fees_v2,1.0,1943687,atp-wu-blanc-2026-04-11,https://polymarket.com/event/atp-wu-blanc-2026-04-11,KXATPCHALLENGERMATCH-26APR11YIBBLA-YIB,https://kalshi.com/markets/KXATPCHALLENGERMATCH-26APR11YIBBLA-YIB,https://polymarket.com/event/atp-wu-blanc-2026-04-11,"[""Yibing Wu"", ""Darwin Blanch""]","[""115145177918019556934122176859915474464341835005616222971220072220554967284060"", ""48480264339251390850041233613767320805814586181295193848271293865770737169641""]",Yibing Wu,2026-04-18,2026-04-25T18:20:00Z,2026-04-18
129,avalanche golden knights,sports_fees_v2,0.95,1598548,nhl-las-col-2026-04-11,https://polymarket.com/event/nhl-las-col-2026-04-11,KXNHLGAME-26APR11VGKCOL-COL,https://kalshi.com/markets/KXNHLGAME-26APR11VGKCOL-COL,https://polymarket.com/event/nhl-las-col-2026-04-11,"[""Avalanche"", ""Golden Knights""]","[""93910731207835302738473919434908328408847970283455825892047520286980834326996"", ""85854490089924548383499409264925593230650942740932752201034309046994450995418""]",Avalanche,2026-04-12,2026-04-26T00:00:00Z,2026-04-12
130,canucks sharks,sports_fees_v2,0.95,1598553,nhl-van-sj-2026-04-11,https://polymarket.com/event/nhl-van-sj-2026-04-11,KXNHLGAME-26APR11VANSJ-VAN,https://kalshi.com/markets/KXNHLGAME-26APR11VANSJ-VAN,https://polymarket.com/event/nhl-van-sj-2026-04-11,"[""Canucks"", ""Sharks""]","[""38549112246769541497801769981317175774907320053124967991246447711732386478945"", ""21541432738227259922292775731144499495832837426755213178902130419102303860298""]",Canucks,2026-04-12,2026-04-26T02:00:00Z,2026-04-12
131,san jose earthquakes sporting kansas city,sports_fees_v2,0.95,1598839,mls-skc-sje-2026-04-11-sje,https://polymarket.com/event/mls-skc-sje-2026-04-11-sje,KXMLSGAME-26APR11SKCSJ-SJ,https://kalshi.com/markets/KXMLSGAME-26APR11SKCSJ-SJ,https://polymarket.com/event/mls-skc-sje-2026-04-11-sje,"[""Yes"", ""No""]","[""95398150740469441865515010883238731454193401377021390273686657163386255639281"", ""71304015356027346671783104503440751842113273598959951938945499097277211839972""]",Yes,2026-04-12,2026-04-26T00:30:00Z,2026-04-12
132,sporting kansas city san jose earthquakes,sports_fees_v2,0.95,1599458,mls-skc-sje-2026-04-11-btts,https://polymarket.com/event/mls-skc-sje-2026-04-11-btts,KXMLSBTTS-26APR11SKCSJ,https://kalshi.com/markets/KXMLSBTTS-26APR11SKCSJ,https://polymarket.com/event/mls-skc-sje-2026-04-11-btts,"[""Yes"", ""No""]","[""101982629543314665828743216037846491453284964316684807356095583159629543445185"", ""13965086625665980101172142821142030273156114589635498769768519558937590557907""]",Yes,2026-04-12,2026-04-26T00:30:00Z,2026-04-12
133,canucks ducks,sports_fees_v2,0.95,1607479,nhl-van-ana-2026-04-12,https://polymarket.com/event/nhl-van-ana-2026-04-12,KXNHLGAME-26APR12VANANA-VAN,https://kalshi.com/markets/KXNHLGAME-26APR12VANANA-VAN,https://polymarket.com/event/nhl-van-ana-2026-04-12,"[""Canucks"", ""Ducks""]","[""29446801145833071582173300815158824851300662768307760458240089361159075946820"", ""99720849444609762688340272482304908427792992336972135131891663129247459193081""]",Canucks,2026-04-13,2026-04-27T00:00:00Z,2026-04-13
134,furia esports nrg valentin,sports_fees_v2,0.95,1700812,val-fur-nrg-2026-04-12,https://polymarket.com/event/val-fur-nrg-2026-04-12,KXVALORANTGAME-26APR122000NRGFUR-FUR,https://kalshi.com/markets/KXVALORANTGAME-26APR122000NRGFUR-FUR,https://polymarket.com/event/val-fur-nrg-2026-04-12,"[""FURIA Esports"", ""NRG""]","[""19619144710005688162337636538387641315293149791732518823572585768209109072582"", ""88455354587775125203404583297786968154282184604378510493176113776882214135658""]",FURIA Esports,2026-04-13,2026-04-27T00:00:00Z,2026-04-13
135,bulls mavericks,sports_fees_v2,0.95,1891040,nba-chi-dal-2026-04-12,https://polymarket.com/event/nba-chi-dal-2026-04-12,KXNBAGAME-26APR12CHIDAL-CHI,https://kalshi.com/markets/KXNBAGAME-26APR12CHIDAL-CHI,https://polymarket.com/event/nba-chi-dal-2026-04-12,"[""Bulls"", ""Mavericks""]","[""33926083101920361216081893615416513696005601045012026424001286433523147846849"", ""105051144607546317476606849529371185131192455808488573642848504383631417045513""]",Bulls,2026-04-13,2026-04-27T00:30:00Z,2026-04-13
136,grizzlies rockets,sports_fees_v2,0.95,1891041,nba-mem-hou-2026-04-12,https://polymarket.com/event/nba-mem-hou-2026-04-12,KXNBAGAME-26APR12MEMHOU-MEM,https://kalshi.com/markets/KXNBAGAME-26APR12MEMHOU-MEM,https://polymarket.com/event/nba-mem-hou-2026-04-12,"[""Grizzlies"", ""Rockets""]","[""54341608817843946197604292242786987782158699345922380863175663323007329557215"", ""7943097321784536492572908321830076004832022194070505474950203445946157794559""]",Grizzlies,2026-04-13,2026-04-27T00:30:00Z,2026-04-13
137,pelicans timberwolves,sports_fees_v2,0.95,1891042,nba-nop-min-2026-04-12,https://polymarket.com/event/nba-nop-min-2026-04-12,KXNBAGAME-26APR12NOPMIN-NOP,https://kalshi.com/markets/KXNBAGAME-26APR12NOPMIN-NOP,https://polymarket.com/event/nba-nop-min-2026-04-12,"[""Pelicans"", ""Timberwolves""]","[""6096132552773406611830522938062193709642977950272420323101222605568022290446"", ""12246341562067625941772186682949136720604935981964399091524520005603098664470""]",Pelicans,2026-04-13,2026-04-27T00:30:00Z,2026-04-13
138,suns thunder,sports_fees_v2,0.95,1891044,nba-phx-okc-2026-04-12,https://polymarket.com/event/nba-phx-okc-2026-04-12,KXNBAGAME-26APR12PHXOKC-PHX,https://kalshi.com/markets/KXNBAGAME-26APR12PHXOKC-PHX,https://polymarket.com/event/nba-phx-okc-2026-04-12,"[""Suns"", ""Thunder""]","[""59389185152638672573106654708242032555986113933967602751627903930686869119665"", ""84241766238336539382517211843722020651471359470062084503515289773303978530433""]",Suns,2026-04-13,2026-04-27T00:30:00Z,2026-04-13
139,nuggets spurs,sports_fees_v2,0.95,1891045,nba-den-sas-2026-04-12,https://polymarket.com/event/nba-den-sas-2026-04-12,KXNBAGAME-26APR12DENSAS-DEN,https://kalshi.com/markets/KXNBAGAME-26APR12DENSAS-DEN,https://polymarket.com/event/nba-den-sas-2026-04-12,"[""Nuggets"", ""Spurs""]","[""105996910047701493251330110675593189381920168501202228596450727040123025647647"", ""101166376461992800720158539660705457991918987283183014469033932142867303641877""]",Nuggets,2026-04-13,2026-04-27T00:30:00Z,2026-04-13
140,jazz lakers,sports_fees_v2,0.95,1891046,nba-uta-lal-2026-04-12,https://polymarket.com/event/nba-uta-lal-2026-04-12,KXNBAGAME-26APR12UTALAL-UTA,https://kalshi.com/markets/KXNBAGAME-26APR12UTALAL-UTA,https://polymarket.com/event/nba-uta-lal-2026-04-12,"[""Jazz"", ""Lakers""]","[""96202134120940827177485348362880399861349041275891495537426681263169626212677"", ""61263399711589297413650214322303938482300195050842893323822844606936675005127""]",Jazz,2026-04-13,2026-04-27T00:30:00Z,2026-04-13
141,clippers warriors,sports_fees_v2,0.95,1891047,nba-gsw-lac-2026-04-12,https://polymarket.com/event/nba-gsw-lac-2026-04-12,KXNBAGAME-26APR12GSWLAC-LAC,https://kalshi.com/markets/KXNBAGAME-26APR12GSWLAC-LAC,https://polymarket.com/event/nba-gsw-lac-2026-04-12,"[""Clippers"", ""Warriors""]","[""97932159899805382225745941138656687903024990356477437541648214854006026029312"", ""41501120419383719739148933588560957962816506060178213351260317489327289050690""]",Clippers,2026-04-13,2026-04-27T00:30:00Z,2026-04-13
142,kings trail blazers,sports_fees_v2,0.95,1891048,nba-sac-por-2026-04-12,https://polymarket.com/event/nba-sac-por-2026-04-12,KXNBAGAME-26APR12SACPOR-SAC,https://kalshi.com/markets/KXNBAGAME-26APR12SACPOR-SAC,https://polymarket.com/event/nba-sac-por-2026-04-12,"[""Kings"", ""Trail Blazers""]","[""59924568836710455927146857369417207256319816968219331280177503293262632485946"", ""54863535615512877325604650350326257016683495120830442933026127403828843493750""]",Kings,2026-04-13,2026-04-27T00:30:00Z,2026-04-13
143,chicago fire fc atletico madrid,sports_fees_v2,0.95,1908448,mls-chi-atl-2026-04-11-ags-hugo-cuypers,https://polymarket.com/event/mls-chi-atl-2026-04-11-ags-hugo-cuypers,KXMLSGAME-26APR11CHIATL-ATL,https://kalshi.com/markets/KXMLSGAME-26APR11CHIATL-ATL,https://polymarket.com/event/mls-chi-atl-2026-04-11-ags-hugo-cuypers,"[""Yes"", ""No""]","[""90404866046428887585432695142180760520658726206405814278870827105084521717107"", ""91159104995752520996145353628773808805453009040823738151789028133460797104850""]",Yes,2026-04-12,2026-04-26T00:30:00Z,2026-04-12
144,fc dallas st. louis city sc,sports_fees_v2,0.95,1909186,mls-dal-stl-2026-04-11-ags-petar-musa,https://polymarket.com/event/mls-dal-stl-2026-04-11-ags-petar-musa,KXMLSGAME-26APR11DALSTL-DAL,https://kalshi.com/markets/KXMLSGAME-26APR11DALSTL-DAL,https://polymarket.com/event/mls-dal-stl-2026-04-11-ags-petar-musa,"[""Yes"", ""No""]","[""78547380839744648833967719989142063339526661772296838063417512563574068590024"", ""36707376148367314549821654443588301599735959505487449650793284998750406973356""]",Yes,2026-04-12,2026-04-26T00:30:00Z,2026-04-12
145,colorado rapids houston dynamo,sports_fees_v2,0.95,1909841,mls-col-hou-2026-04-11-ags-rafael-navarro,https://polymarket.com/event/mls-col-hou-2026-04-11-ags-rafael-navarro,KXMLSGAME-26APR11COLHOU-COL,https://kalshi.com/markets/KXMLSGAME-26APR11COLHOU-COL,https://polymarket.com/event/mls-col-hou-2026-04-11-ags-rafael-navarro,"[""Yes"", ""No""]","[""17239343556143260460337645730515537075133265364322799847434214135314489969822"", ""5954134669589605139638114972616813361567505762030748597379888498771973642899""]",Yes,2026-04-12,2026-04-26T01:30:00Z,2026-04-12
146,scheffler,sports_fees_v2,0.0,568629,will-scottie-scheffler-win-the-2026-masters-tournament,https://polymarket.com/event/will-scottie-scheffler-win-the-2026-masters-tournament,KXPGATOUR-MAST26-SSCH,https://kalshi.com/markets/KXPGATOUR-MAST26-SSCH,https://polymarket.com/event/will-scottie-scheffler-win-the-2026-masters-tournament,"[""Yes"", ""No""]","[""107914991083456571784595699074570871171796147416537665179743787749934466771632"", ""88125433733254905586251920253226789075421800520982109139203554689175245347549""]",Yes,2026-04-13,2026-04-26T23:00:00Z,2026-04-13
147,mcilroy,sports_fees_v2,0.0,568630,will-rory-mcilroy-win-the-2026-masters-tournament,https://polymarket.com/event/will-rory-mcilroy-win-the-2026-masters-tournament,KXPGATOUR-MAST26-RMCI,https://kalshi.com/markets/KXPGATOUR-MAST26-RMCI,https://polymarket.com/event/will-rory-mcilroy-win-the-2026-masters-tournament,"[""Yes"", ""No""]","[""47650382966763423119144863600890688449355617504160622255560357009005625541749"", ""110721526829271696628816884619360240907697405805387139784530202893346118060669""]",Yes,2026-04-13,2026-04-26T23:00:00Z,2026-04-13
148,rahm,sports_fees_v2,0.0,568632,will-jon-rahm-win-the-2026-masters-tournament,https://polymarket.com/event/will-jon-rahm-win-the-2026-masters-tournament,KXPGATOUR-MAST26-JRAH,https://kalshi.com/markets/KXPGATOUR-MAST26-JRAH,https://polymarket.com/event/will-jon-rahm-win-the-2026-masters-tournament,"[""Yes"", ""No""]","[""14891744631569327882180091417355223283074176862943214903789359145380999929720"", ""81100929577553674096369161538709763228943470380146968558688494703628734004408""]",Yes,2026-04-13,2026-04-26T23:00:00Z,2026-04-13
149,morikawa,sports_fees_v2,0.0,568633,will-collin-morikawa-win-the-2026-masters-tournament,https://polymarket.com/event/will-collin-morikawa-win-the-2026-masters-tournament,KXPGATOUR-MAST26-CMOR,https://kalshi.com/markets/KXPGATOUR-MAST26-CMOR,https://polymarket.com/event/will-collin-morikawa-win-the-2026-masters-tournament,"[""Yes"", ""No""]","[""49187585016304728738815159000947971699045065856092262182002837187974309142096"", ""37651729643644342349199715037937097230488391274611907741781120091674367647980""]",Yes,2026-04-13,2026-04-26T23:00:00Z,2026-04-13
150,schauffele,sports_fees_v2,0.0,568634,will-xander-schauffele-win-the-2026-masters-tournament,https://polymarket.com/event/will-xander-schauffele-win-the-2026-masters-tournament,KXPGATOUR-MAST26-XSCH,https://kalshi.com/markets/KXPGATOUR-MAST26-XSCH,https://polymarket.com/event/will-xander-schauffele-win-the-2026-masters-tournament,"[""Yes"", ""No""]","[""101224125717581883106048111538769728899093696763496070232425429569281195951517"", ""75988954690070817300305375563402048123439046811224606295868810603822977345950""]",Yes,2026-04-13,2026-04-26T23:00:00Z,2026-04-13
151,aberg,sports_fees_v2,0.0,568635,will-ludvig-aberg-win-the-2026-masters-tournament,https://polymarket.com/event/will-ludvig-aberg-win-the-2026-masters-tournament,KXPGATOUR-MAST26-LABE,https://kalshi.com/markets/KXPGATOUR-MAST26-LABE,https://polymarket.com/event/will-ludvig-aberg-win-the-2026-masters-tournament,"[""Yes"", ""No""]","[""74422022614702229946369494272358188120636208151671016990116736001336047137804"", ""114783335352523479613005577607649376128352690233992434052809526354820421589209""]",Yes,2026-04-13,2026-04-26T23:00:00Z,2026-04-13
152,thomas,sports_fees_v2,0.0,568636,will-justin-thomas-win-the-2026-masters-tournament,https://polymarket.com/event/will-justin-thomas-win-the-2026-masters-tournament,KXPGATOUR-MAST26-JTHO,https://kalshi.com/markets/KXPGATOUR-MAST26-JTHO,https://polymarket.com/event/will-justin-thomas-win-the-2026-masters-tournament,"[""Yes"", ""No""]","[""65914401213980348939345637678710332119846524069426563402874224506118553408089"", ""59805498163262583832617153155893743215922797508571910465302124106001828935872""]",Yes,2026-04-13,2026-04-26T23:00:00Z,2026-04-13
153,hovland,sports_fees_v2,0.0,568637,will-viktor-hovland-win-the-2026-masters-tournament,https://polymarket.com/event/will-viktor-hovland-win-the-2026-masters-tournament,KXPGATOUR-MAST26-VHOV,https://kalshi.com/markets/KXPGATOUR-MAST26-VHOV,https://polymarket.com/event/will-viktor-hovland-win-the-2026-masters-tournament,"[""Yes"", ""No""]","[""73497915580341083736399735569139828376270472522079036954500777750803069730356"", ""7355113795750330681938725969100127241851360081150205576300582921072818214837""]",Yes,2026-04-13,2026-04-26T23:00:00Z,2026-04-13
154,koepka,sports_fees_v2,0.0,568638,will-brooks-koepka-win-the-2026-masters-tournament,https://polymarket.com/event/will-brooks-koepka-win-the-2026-masters-tournament,KXPGATOUR-MAST26-BKOE,https://kalshi.com/markets/KXPGATOUR-MAST26-BKOE,https://polymarket.com/event/will-brooks-koepka-win-the-2026-masters-tournament,"[""Yes"", ""No""]","[""18834791976594441658325720353198133611705606483322909889513733422329656326781"", ""10919066356703648907040470302981161918411615920291629184667164027987137436710""]",Yes,2026-04-13,2026-04-26T23:00:00Z,2026-04-13
155,matsuyama,sports_fees_v2,0.0,568639,will-hideki-matsuyama-win-the-2026-masters-tournament,https://polymarket.com/event/will-hideki-matsuyama-win-the-2026-masters-tournament,KXPGATOUR-MAST26-HMAT,https://kalshi.com/markets/KXPGATOUR-MAST26-HMAT,https://polymarket.com/event/will-hideki-matsuyama-win-the-2026-masters-tournament,"[""Yes"", ""No""]","[""39519150038826399983584911254196071434168702815579135754841659322076984695853"", ""19103203222380308089083257080581390659729083149293642569147478167348531589121""]",Yes,2026-04-13,2026-04-26T23:00:00Z,2026-04-13
156,spieth,sports_fees_v2,0.0,568640,will-jordan-spieth-win-the-2026-masters-tournament,https://polymarket.com/event/will-jordan-spieth-win-the-2026-masters-tournament,KXPGATOUR-MAST26-JSPI,https://kalshi.com/markets/KXPGATOUR-MAST26-JSPI,https://polymarket.com/event/will-jordan-spieth-win-the-2026-masters-tournament,"[""Yes"", ""No""]","[""39504727941745472464725696979254138178336652541090405166181880699707692381685"", ""34067369697058679987985054983433497417645336265287604445928409053695521452524""]",Yes,2026-04-13,2026-04-26T23:00:00Z,2026-04-13
157,cantlay,sports_fees_v2,0.0,568641,will-patrick-cantlay-win-the-2026-masters-tournament,https://polymarket.com/event/will-patrick-cantlay-win-the-2026-masters-tournament,KXPGATOUR-MAST26-PCAN,https://kalshi.com/markets/KXPGATOUR-MAST26-PCAN,https://polymarket.com/event/will-patrick-cantlay-win-the-2026-masters-tournament,"[""Yes"", ""No""]","[""33040841992820835294123348248835487201460130913662081993317708609623417439890"", ""90428041483415817963710393122119699141547612173584186079723198377773984026431""]",Yes,2026-04-13,2026-04-26T23:00:00Z,2026-04-13
158,hatton,sports_fees_v2,0.0,568643,will-tyrrell-hatton-win-the-2026-masters-tournament,https://polymarket.com/event/will-tyrrell-hatton-win-the-2026-masters-tournament,KXPGATOUR-MAST26-THAT,https://kalshi.com/markets/KXPGATOUR-MAST26-THAT,https://polymarket.com/event/will-tyrrell-hatton-win-the-2026-masters-tournament,"[""Yes"", ""No""]","[""38962206024013687500365115438823822291203066237510115443437472762678149754397"", ""36386567500131481639429822432062299059803057470101668723847055287445800618361""]",Yes,2026-04-13,2026-04-26T23:00:00Z,2026-04-13
159,fleetwood,sports_fees_v2,0.0,568646,will-tommy-fleetwood-win-the-2026-masters-tournament,https://polymarket.com/event/will-tommy-fleetwood-win-the-2026-masters-tournament,KXPGATOUR-MAST26-TFLE,https://kalshi.com/markets/KXPGATOUR-MAST26-TFLE,https://polymarket.com/event/will-tommy-fleetwood-win-the-2026-masters-tournament,"[""Yes"", ""No""]","[""25605353386857852050433234346644257874798767464904433152264621687544796590919"", ""115483302436050060330657996514889406855033408384320085942058701641233157973227""]",Yes,2026-04-13,2026-04-26T23:00:00Z,2026-04-13
160,lowry,sports_fees_v2,0.0,568647,will-shane-lowry-win-the-2026-masters-tournament,https://polymarket.com/event/will-shane-lowry-win-the-2026-masters-tournament,KXPGATOUR-MAST26-SLOW,https://kalshi.com/markets/KXPGATOUR-MAST26-SLOW,https://polymarket.com/event/will-shane-lowry-win-the-2026-masters-tournament,"[""Yes"", ""No""]","[""43674349353781684232142600040007732831217070825178051847523003605970842714623"", ""108470439422807371432220035466231911854027212693183876497715471555715132506376""]",Yes,2026-04-13,2026-04-26T23:00:00Z,2026-04-13
161,reed,sports_fees_v2,0.0,568648,will-patrick-reed-win-the-2026-masters-tournament,https://polymarket.com/event/will-patrick-reed-win-the-2026-masters-tournament,KXPGATOUR-MAST26-PREE,https://kalshi.com/markets/KXPGATOUR-MAST26-PREE,https://polymarket.com/event/will-patrick-reed-win-the-2026-masters-tournament,"[""Yes"", ""No""]","[""23929001677199884634421584409854821108392581496920266505702032309240799085085"", ""110219663650296830580018989124066471998703546424034073114728140337754596054789""]",Yes,2026-04-13,2026-04-26T23:00:00Z,2026-04-13
162,im,sports_fees_v2,0.0,568649,will-sungjae-im-win-the-2026-masters-tournament,https://polymarket.com/event/will-sungjae-im-win-the-2026-masters-tournament,KXPGATOUR-MAST26-SJIM,https://kalshi.com/markets/KXPGATOUR-MAST26-SJIM,https://polymarket.com/event/will-sungjae-im-win-the-2026-masters-tournament,"[""Yes"", ""No""]","[""14783989919752324628296838387089933020205321387521367008845434357222634152941"", ""12524997509039169308157138257546276918591184752465605282349705785465738967336""]",Yes,2026-04-13,2026-04-26T23:00:00Z,2026-04-13
163,conners,sports_fees_v2,0.0,568651,will-corey-conners-win-the-2026-masters-tournament,https://polymarket.com/event/will-corey-conners-win-the-2026-masters-tournament,KXPGATOUR-MAST26-CCOR,https://kalshi.com/markets/KXPGATOUR-MAST26-CCOR,https://polymarket.com/event/will-corey-conners-win-the-2026-masters-tournament,"[""Yes"", ""No""]","[""13200465622334367088563134332141684504122759094426765233787629263825417361073"", ""4383002194732339431383015158590236937862394186106880179069022146524386654315""]",Yes,2026-04-13,2026-04-26T23:00:00Z,2026-04-13
164,rose,sports_fees_v2,0.0,568652,will-justin-rose-win-the-2026-masters-tournament,https://polymarket.com/event/will-justin-rose-win-the-2026-masters-tournament,KXPGATOUR-MAST26-JROS,https://kalshi.com/markets/KXPGATOUR-MAST26-JROS,https://polymarket.com/event/will-justin-rose-win-the-2026-masters-tournament,"[""Yes"", ""No""]","[""21202285189814573471226720134408126754666767714963331163406584149708020395832"", ""19059473655881665827167360703173170369997368150134958921180711487840168880724""]",Yes,2026-04-13,2026-04-26T23:00:00Z,2026-04-13
165,day,sports_fees_v2,0.0,568653,will-jason-day-win-the-2026-masters-tournament,https://polymarket.com/event/will-jason-day-win-the-2026-masters-tournament,KXPGATOUR-MAST26-JDAY,https://kalshi.com/markets/KXPGATOUR-MAST26-JDAY,https://polymarket.com/event/will-jason-day-win-the-2026-masters-tournament,"[""Yes"", ""No""]","[""113210280217310043880787459184891236944994127760829296278556379627281513490867"", ""15591333485991560244258547357374388416772395389431125458692429322879353752662""]",Yes,2026-04-13,2026-04-26T23:00:00Z,2026-04-13
166,homa,sports_fees_v2,0.0,568654,will-max-homa-win-the-2026-masters-tournament,https://polymarket.com/event/will-max-homa-win-the-2026-masters-tournament,KXPGATOUR-MAST26-MHOM,https://kalshi.com/markets/KXPGATOUR-MAST26-MHOM,https://polymarket.com/event/will-max-homa-win-the-2026-masters-tournament,"[""Yes"", ""No""]","[""50485141698460524424531442527506087516895508458870363041201923729224224475501"", ""18612513699568604261316952671632001175824633885319951260402944041860419054745""]",Yes,2026-04-13,2026-04-26T23:00:00Z,2026-04-13
167,henley,sports_fees_v2,0.0,568657,will-russell-henley-win-the-2026-masters-tournament,https://polymarket.com/event/will-russell-henley-win-the-2026-masters-tournament,KXPGATOUR-MAST26-RHEN,https://kalshi.com/markets/KXPGATOUR-MAST26-RHEN,https://polymarket.com/event/will-russell-henley-win-the-2026-masters-tournament,"[""Yes"", ""No""]","[""114338230075414085662511481353681611066589654416891795589447594348756488038818"", ""22285168018216426039647022555810049794146068662579594359271023892472731776476""]",Yes,2026-04-13,2026-04-26T23:00:00Z,2026-04-13
168,clark,sports_fees_v2,0.0,568658,will-wyndham-clark-win-the-2026-masters-tournament,https://polymarket.com/event/will-wyndham-clark-win-the-2026-masters-tournament,KXPGATOUR-MAST26-WCLA,https://kalshi.com/markets/KXPGATOUR-MAST26-WCLA,https://polymarket.com/event/will-wyndham-clark-win-the-2026-masters-tournament,"[""Yes"", ""No""]","[""30712230066098682074268334078721079734552784757764553571254732442208317991400"", ""41927635773720025183391981290806988247527723632657936894388223814611863072031""]",Yes,2026-04-13,2026-04-26T23:00:00Z,2026-04-13
169,straka,sports_fees_v2,0.0,568659,will-sepp-straka-win-the-2026-masters-tournament,https://polymarket.com/event/will-sepp-straka-win-the-2026-masters-tournament,KXPGATOUR-MAST26-SSTR,https://kalshi.com/markets/KXPGATOUR-MAST26-SSTR,https://polymarket.com/event/will-sepp-straka-win-the-2026-masters-tournament,"[""Yes"", ""No""]","[""12250546814279423486784541746365053795445133715681699785021103825238960514290"", ""47137558334517636337747292363658786813481304491685244786128977252977182410466""]",Yes,2026-04-13,2026-04-26T23:00:00Z,2026-04-13
170,johnson,sports_fees_v2,0.0,568661,will-dustin-johnson-win-the-2026-masters-tournament,https://polymarket.com/event/will-dustin-johnson-win-the-2026-masters-tournament,KXPGATOUR-MAST26-DJOH,https://kalshi.com/markets/KXPGATOUR-MAST26-DJOH,https://polymarket.com/event/will-dustin-johnson-win-the-2026-masters-tournament,"[""Yes"", ""No""]","[""106959977360903894048493351545882453581150707726112470545340996678625013437822"", ""104276034948729119023781713310423784669999958769504078670932043340882188400651""]",Yes,2026-04-13,2026-04-26T23:00:00Z,2026-04-13
171,bradley,sports_fees_v2,0.0,568664,will-keegan-bradley-win-the-2026-masters-tournament,https://polymarket.com/event/will-keegan-bradley-win-the-2026-masters-tournament,KXPGATOUR-MAST26-KBRA,https://kalshi.com/markets/KXPGATOUR-MAST26-KBRA,https://polymarket.com/event/will-keegan-bradley-win-the-2026-masters-tournament,"[""Yes"", ""No""]","[""105603235209708528772708820102183583646210069076346858272401490235176070874704"", ""55153390161060565029298328248100237917828575569430158598332895641270333532180""]",Yes,2026-04-13,2026-04-26T23:00:00Z,2026-04-13
172,burns,sports_fees_v2,0.0,568665,will-sam-burns-win-the-2026-masters-tournament,https://polymarket.com/event/will-sam-burns-win-the-2026-masters-tournament,KXPGATOUR-MAST26-SBUR,https://kalshi.com/markets/KXPGATOUR-MAST26-SBUR,https://polymarket.com/event/will-sam-burns-win-the-2026-masters-tournament,"[""Yes"", ""No""]","[""19566539796009053600744730783474226093306502177707990226273422805817368579462"", ""98599907167838862713527172626864148434627042053093606807889918612366376251197""]",Yes,2026-04-13,2026-04-26T23:00:00Z,2026-04-13
173,fitzpatrick,sports_fees_v2,0.0,568666,will-matt-fitzpatrick-win-the-2026-masters-tournament,https://polymarket.com/event/will-matt-fitzpatrick-win-the-2026-masters-tournament,KXPGATOUR-MAST26-MFIT,https://kalshi.com/markets/KXPGATOUR-MAST26-MFIT,https://polymarket.com/event/will-matt-fitzpatrick-win-the-2026-masters-tournament,"[""Yes"", ""No""]","[""89412916687151175560118327444920315375809982155120674654821372692943297972641"", ""2082258940458203191723349814869766921802211891480684649367730413440915000729""]",Yes,2026-04-13,2026-04-26T23:00:00Z,2026-04-13
174,young,sports_fees_v2,0.0,568668,will-cameron-young-win-the-2026-masters-tournament,https://polymarket.com/event/will-cameron-young-win-the-2026-masters-tournament,KXPGATOUR-MAST26-CYOU,https://kalshi.com/markets/KXPGATOUR-MAST26-CYOU,https://polymarket.com/event/will-cameron-young-win-the-2026-masters-tournament,"[""Yes"", ""No""]","[""64839620643543455663176545644417187741508741750332061546105736635983287442638"", ""115441174756778497442573516192216092472503715286856402978812563445827005215235""]",Yes,2026-04-13,2026-04-26T23:00:00Z,2026-04-13
175,scott,sports_fees_v2,0.0,568669,will-adam-scott-win-the-2026-masters-tournament,https://polymarket.com/event/will-adam-scott-win-the-2026-masters-tournament,KXPGATOUR-MAST26-ASCO,https://kalshi.com/markets/KXPGATOUR-MAST26-ASCO,https://polymarket.com/event/will-adam-scott-win-the-2026-masters-tournament,"[""Yes"", ""No""]","[""112293648268060831745981889526075753480365208028777202265707298038030821625085"", ""16292998164437715433662093684375597033753256461863698881684021795789375814500""]",Yes,2026-04-13,2026-04-26T23:00:00Z,2026-04-13
176,garcia,sports_fees_v2,0.0,568670,will-sergio-garcia-win-the-2026-masters-tournament,https://polymarket.com/event/will-sergio-garcia-win-the-2026-masters-tournament,KXPGATOUR-MAST26-SGAR,https://kalshi.com/markets/KXPGATOUR-MAST26-SGAR,https://polymarket.com/event/will-sergio-garcia-win-the-2026-masters-tournament,"[""Yes"", ""No""]","[""3803359875662437653391409633542201666222464986706865259786813387216307770857"", ""102629657813818585520112376415685053222512092019387060772375831590045461873897""]",Yes,2026-04-13,2026-04-26T23:00:00Z,2026-04-13
177,rai,sports_fees_v2,0.0,568671,will-aaron-rai-win-the-2026-masters-tournament,https://polymarket.com/event/will-aaron-rai-win-the-2026-masters-tournament,KXPGATOUR-MAST26-ARAI,https://kalshi.com/markets/KXPGATOUR-MAST26-ARAI,https://polymarket.com/event/will-aaron-rai-win-the-2026-masters-tournament,"[""Yes"", ""No""]","[""12633760436820122057509472536236019548880617881010186249708540091093770521780"", ""64537785555581030093390675284579525425561213818733698341637619998207410396065""]",Yes,2026-04-13,2026-04-26T23:00:00Z,2026-04-13
178,mcnealy,sports_fees_v2,0.0,568672,will-maverick-mcnealy-win-the-2026-masters-tournament,https://polymarket.com/event/will-maverick-mcnealy-win-the-2026-masters-tournament,KXPGATOUR-MAST26-MMCN,https://kalshi.com/markets/KXPGATOUR-MAST26-MMCN,https://polymarket.com/event/will-maverick-mcnealy-win-the-2026-masters-tournament,"[""Yes"", ""No""]","[""28987095371035988541340066248507718911580309230112610935094980192686272318244"", ""56494685321530079874891056874945215001498369583140752785641072309678884754053""]",Yes,2026-04-13,2026-04-26T23:00:00Z,2026-04-13
179,harman,sports_fees_v2,0.0,568680,will-brian-harman-win-the-2026-masters-tournament,https://polymarket.com/event/will-brian-harman-win-the-2026-masters-tournament,KXPGATOUR-MAST26-BHAR,https://kalshi.com/markets/KXPGATOUR-MAST26-BHAR,https://polymarket.com/event/will-brian-harman-win-the-2026-masters-tournament,"[""Yes"", ""No""]","[""71809345234119198225777842479772611820936479270563731736040141030392641885827"", ""24613671844165678972437014918055393684156414074418482137238511061496885452088""]",Yes,2026-04-13,2026-04-26T23:00:00Z,2026-04-13
180,hojgaard,sports_fees_v2,0.0,568681,will-rasmus-hojgaard-win-the-2026-masters-tournament,https://polymarket.com/event/will-rasmus-hojgaard-win-the-2026-masters-tournament,KXPGATOUR-MAST26-RHOJ,https://kalshi.com/markets/KXPGATOUR-MAST26-RHOJ,https://polymarket.com/event/will-rasmus-hojgaard-win-the-2026-masters-tournament,"[""Yes"", ""No""]","[""105346180072158295826120682029770389046255325568173299176244811284700014933904"", ""41486275405726229897228013685241392124501987302604237613559348546464910625876""]",Yes,2026-04-13,2026-04-26T23:00:00Z,2026-04-13
181,schwartzel,sports_fees_v2,0.0,568685,will-charl-schwartzel-win-the-2026-masters-tournament,https://polymarket.com/event/will-charl-schwartzel-win-the-2026-masters-tournament,KXPGATOUR-MAST26-CSCH,https://kalshi.com/markets/KXPGATOUR-MAST26-CSCH,https://polymarket.com/event/will-charl-schwartzel-win-the-2026-masters-tournament,"[""Yes"", ""No""]","[""114433834256520234603606906611634484409025341085225894878418887707063366888909"", ""97486603884638701907147078120258734284412618667021950609483989581295500093074""]",Yes,2026-04-13,2026-04-26T23:00:00Z,2026-04-13
182,gotterup,sports_fees_v2,0.0,568690,will-chris-gotterup-win-the-2026-masters-tournament,https://polymarket.com/event/will-chris-gotterup-win-the-2026-masters-tournament,KXPGATOUR-MAST26-CGOT,https://kalshi.com/markets/KXPGATOUR-MAST26-CGOT,https://polymarket.com/event/will-chris-gotterup-win-the-2026-masters-tournament,"[""Yes"", ""No""]","[""59903521524948817210995351145023052041694577357792067581664983181344781301630"", ""65967517527402411834245708438425714441623644657376221141072991765388837197339""]",Yes,2026-04-13,2026-04-26T23:00:00Z,2026-04-13
183,kim,sports_fees_v2,0.0,568691,will-si-woo-kim-win-the-2026-masters-tournament,https://polymarket.com/event/will-si-woo-kim-win-the-2026-masters-tournament,KXPGATOUR-MAST26-SWOO,https://kalshi.com/markets/KXPGATOUR-MAST26-SWOO,https://polymarket.com/event/will-si-woo-kim-win-the-2026-masters-tournament,"[""Yes"", ""No""]","[""73960998341829137192035478667776934660813691780761969831160444741379934320059"", ""100697727157162506771958861528292286462253982091883897311338710020358327694136""]",Yes,2026-04-13,2026-04-26T23:00:00Z,2026-04-13
184,bridgeman,sports_fees_v2,0.0,568692,will-jacob-bridgeman-win-the-2026-masters-tournament,https://polymarket.com/event/will-jacob-bridgeman-win-the-2026-masters-tournament,KXPGATOUR-MAST26-JBRI,https://kalshi.com/markets/KXPGATOUR-MAST26-JBRI,https://polymarket.com/event/will-jacob-bridgeman-win-the-2026-masters-tournament,"[""Yes"", ""No""]","[""17842115398756959532980519268606163734722537766805875570338997213422335535484"", ""95808157929766320354112525897711839847195598709994058771186773302264500778384""]",Yes,2026-04-13,2026-04-26T23:00:00Z,2026-04-13
185,penge,sports_fees_v2,0.0,568694,will-marco-penge-win-the-2026-masters-tournament,https://polymarket.com/event/will-marco-penge-win-the-2026-masters-tournament,KXPGATOUR-MAST26-MPEN,https://kalshi.com/markets/KXPGATOUR-MAST26-MPEN,https://polymarket.com/event/will-marco-penge-win-the-2026-masters-tournament,"[""Yes"", ""No""]","[""31107309487392195370131252481904222411031828312462154906196256400132416321703"", ""81591224156204878379579917366651462571925444142293196326746086262964517743104""]",Yes,2026-04-13,2026-04-26T23:00:00Z,2026-04-13
186,english,sports_fees_v2,0.0,568696,will-harris-english-win-the-2026-masters-tournament,https://polymarket.com/event/will-harris-english-win-the-2026-masters-tournament,KXPGATOUR-MAST26-HENG,https://kalshi.com/markets/KXPGATOUR-MAST26-HENG,https://polymarket.com/event/will-harris-english-win-the-2026-masters-tournament,"[""Yes"", ""No""]","[""113088123576989538280165434178401530114327493286606628375651414746636041540869"", ""77581522215188486029879312062622738855249300013407255380726783007299814636190""]",Yes,2026-04-13,2026-04-26T23:00:00Z,2026-04-13
187,woodland,sports_fees_v2,0.0,568697,will-gary-woodland-win-the-2026-masters-tournament,https://polymarket.com/event/will-gary-woodland-win-the-2026-masters-tournament,KXPGATOUR-MAST26-GWOO,https://kalshi.com/markets/KXPGATOUR-MAST26-GWOO,https://polymarket.com/event/will-gary-woodland-win-the-2026-masters-tournament,"[""Yes"", ""No""]","[""101739059646084616386619460144786296086162622476300462887416978599303488084113"", ""95542758134069523642215372011827559974163447225973471365011816702828570649322""]",Yes,2026-04-13,2026-04-26T23:00:00Z,2026-04-13
188,kitayama,sports_fees_v2,0.0,568700,will-kurt-kitayama-win-the-2026-masters-tournament,https://polymarket.com/event/will-kurt-kitayama-win-the-2026-masters-tournament,KXPGATOUR-MAST26-KKIT,https://kalshi.com/markets/KXPGATOUR-MAST26-KKIT,https://polymarket.com/event/will-kurt-kitayama-win-the-2026-masters-tournament,"[""Yes"", ""No""]","[""61438040215702266135331144984577268216832515032085669236382230350148791270019"", ""32575472082830880257128493150643488187461923160311787539057313746469709872380""]",Yes,2026-04-13,2026-04-26T23:00:00Z,2026-04-13
189,taylor,sports_fees_v2,0.0,568704,will-nick-taylor-win-the-2026-masters-tournament,https://polymarket.com/event/will-nick-taylor-win-the-2026-masters-tournament,KXPGATOUR-MAST26-NTAY,https://kalshi.com/markets/KXPGATOUR-MAST26-NTAY,https://polymarket.com/event/will-nick-taylor-win-the-2026-masters-tournament,"[""Yes"", ""No""]","[""94766360000628671201462615463502997004904496182175340586230493606540689803449"", ""51855706119444838898183064140625477153964707167457273706180987527109026962597""]",Yes,2026-04-13,2026-04-26T23:00:00Z,2026-04-13
190,mccarty,sports_fees_v2,0.0,568706,will-matt-mccarty-win-the-2026-masters-tournament,https://polymarket.com/event/will-matt-mccarty-win-the-2026-masters-tournament,KXPGATOUR-MAST26-MMCC,https://kalshi.com/markets/KXPGATOUR-MAST26-MMCC,https://polymarket.com/event/will-matt-mccarty-win-the-2026-masters-tournament,"[""Yes"", ""No""]","[""94251353462955456355946592538898430239918158839562197850722210062555139664332"", ""70811164545400035695485328229970868570858353648061343439263204658701020277676""]",Yes,2026-04-13,2026-04-26T23:00:00Z,2026-04-13
191,gerard,sports_fees_v2,0.0,568707,will-ryan-gerard-win-the-2026-masters-tournament,https://polymarket.com/event/will-ryan-gerard-win-the-2026-masters-tournament,KXPGATOUR-MAST26-RGER,https://kalshi.com/markets/KXPGATOUR-MAST26-RGER,https://polymarket.com/event/will-ryan-gerard-win-the-2026-masters-tournament,"[""Yes"", ""No""]","[""20620999068820104498122474562644378055206283459663121485916196259312886286102"", ""71508365270488820020416990939850059850875403639680884451376136813444892162572""]",Yes,2026-04-13,2026-04-26T23:00:00Z,2026-04-13
192,stevens,sports_fees_v2,0.0,568708,will-sam-stevens-win-the-2026-masters-tournament,https://polymarket.com/event/will-sam-stevens-win-the-2026-masters-tournament,KXPGATOUR-MAST26-SSTE,https://kalshi.com/markets/KXPGATOUR-MAST26-SSTE,https://polymarket.com/event/will-sam-stevens-win-the-2026-masters-tournament,"[""Yes"", ""No""]","[""18019106268696788316375277222030385527510567942893720685463748845182474502270"", ""91785722311907932086704927751791774897183390921753437485367836126948857532833""]",Yes,2026-04-13,2026-04-26T23:00:00Z,2026-04-13
193,brennan,sports_fees_v2,0.0,575824,will-michael-brennan-win-the-2026-masters-tournament,https://polymarket.com/event/will-michael-brennan-win-the-2026-masters-tournament,KXPGATOUR-MAST26-MBRE,https://kalshi.com/markets/KXPGATOUR-MAST26-MBRE,https://polymarket.com/event/will-michael-brennan-win-the-2026-masters-tournament,"[""Yes"", ""No""]","[""30025850814560148026547079475051821850967674149148867306770277486125435636347"", ""21627703558767706978249413583906530556983314608502872576738984020465772242612""]",Yes,2026-04-13,2026-04-26T23:00:00Z,2026-04-13
194,reitan,sports_fees_v2,0.0,575825,will-kristoffer-reitan-win-the-2026-masters-tournament,https://polymarket.com/event/will-kristoffer-reitan-win-the-2026-masters-tournament,KXPGATOUR-MAST26-KREI,https://kalshi.com/markets/KXPGATOUR-MAST26-KREI,https://polymarket.com/event/will-kristoffer-reitan-win-the-2026-masters-tournament,"[""Yes"", ""No""]","[""3981356140487554548610008998868480497526415968493028557050919380033355643624"", ""52683134973541915628943178906694291574251545098985947251248903509795139795025""]",Yes,2026-04-13,2026-04-26T23:00:00Z,2026-04-13
195,noren,sports_fees_v2,0.0,575827,will-alexander-noren-win-the-2026-masters-tournament,https://polymarket.com/event/will-alexander-noren-win-the-2026-masters-tournament,KXPGATOUR-MAST26-ANOR,https://kalshi.com/markets/KXPGATOUR-MAST26-ANOR,https://polymarket.com/event/will-alexander-noren-win-the-2026-masters-tournament,"[""Yes"", ""No""]","[""84748824960028134079202956583650185738205368568930472000493354016134764507611"", ""84721657627791744807278417975730242729480746926596835703244564077654496546738""]",Yes,2026-04-13,2026-04-26T23:00:00Z,2026-04-13
196,campbell,sports_fees_v2,0.0,575828,will-brian-campbell-win-the-2026-masters-tournament,https://polymarket.com/event/will-brian-campbell-win-the-2026-masters-tournament,KXPGATOUR-MAST26-BCAM,https://kalshi.com/markets/KXPGATOUR-MAST26-BCAM,https://polymarket.com/event/will-brian-campbell-win-the-2026-masters-tournament,"[""Yes"", ""No""]","[""70852938711658057341160748168140539409651898656808082741920494681206779472043"", ""20704044287347876195188312136262395029729166558914459597555342096442716176659""]",Yes,2026-04-13,2026-04-26T23:00:00Z,2026-04-13
197,knapp,sports_fees_v2,0.0,575832,will-jake-knapp-win-the-2026-masters-tournament,https://polymarket.com/event/will-jake-knapp-win-the-2026-masters-tournament,KXPGATOUR-MAST26-JKNA,https://kalshi.com/markets/KXPGATOUR-MAST26-JKNA,https://polymarket.com/event/will-jake-knapp-win-the-2026-masters-tournament,"[""Yes"", ""No""]","[""18398465670595109764786764971421387094100864854694372700098097965292628598950"", ""80101318253751916545715497826539795051556616863572819591522478826390034946857""]",Yes,2026-04-13,2026-04-26T23:00:00Z,2026-04-13
