pair_id,title_clean,category_tag,sport,similarity_score,poly_market_id,poly_slug,poly_url,kalshi_market_id,kalshi_url,poly_event_url,poly_outcomes_json,poly_token_ids_json,poly_primary_outcome,expiry_poly_utc,expiry_kalshi_utc,resolution_time_utc,kalshi_t2_ticker,kalshi_tie_ticker
1,brighton chelsea,sports_fees_v2,Soccer,1.0,1915466,epl-bri-che-2026-04-21-btts,https://polymarket.com/event/epl-bri-che-2026-04-21-btts,KXEPLBTTS-26APR21BRICFC,https://kalshi.com/markets/KXEPLBTTS-26APR21BRICFC,https://polymarket.com/event/epl-bri-che-2026-04-21-btts,"[""Yes"", ""No""]","[""75548399534166148770864748344403512811021040032729315469366377073057978083957"", ""54860832677523346652859751685718821444165643646787046637499233197709594588317""]",Yes,2026-04-21,2026-05-05T19:00:00Z,2026-04-21,,
2,girona real betis,sports_fees_v2,Soccer,1.0,1916148,lal-gir-bet-2026-04-21-btts,https://polymarket.com/event/lal-gir-bet-2026-04-21-btts,KXLALIGABTTS-26APR21GIRRBB,https://kalshi.com/markets/KXLALIGABTTS-26APR21GIRRBB,https://polymarket.com/event/lal-gir-bet-2026-04-21-btts,"[""Yes"", ""No""]","[""83710817076031929673243968274525257013065861371243481707095077929360028754190"", ""39042248432952053078917961756048364029911487893549602287679502477449276469301""]",Yes,2026-04-21,2026-05-05T19:30:00Z,2026-04-21,,
3,guardians astros,sports_fees_v2,Baseball,1.0,1980453,mlb-hou-cle-2026-04-20,https://polymarket.com/event/mlb-hou-cle-2026-04-20,KXMLBGAME-26APR201810HOUCLE-CLE,https://kalshi.com/markets/KXMLBGAME-26APR201810HOUCLE-CLE,https://polymarket.com/event/mlb-hou-cle-2026-04-20,"[""Cleveland Guardians"", ""Houston Astros""]","[""42063496832831659770428309395515289250477241121019230402229578288056030060008"", ""84171940203387891754355042236688568947664084891081752041954668776466685146188""]",Cleveland Guardians,2026-04-27,2026-04-23T22:10:00Z,2026-04-27,,
4,astros guardians,sports_fees_v2,Baseball,1.0,1980453,mlb-hou-cle-2026-04-20,https://polymarket.com/event/mlb-hou-cle-2026-04-20,KXMLBGAME-26APR201810HOUCLE-HOU,https://kalshi.com/markets/KXMLBGAME-26APR201810HOUCLE-HOU,https://polymarket.com/event/mlb-hou-cle-2026-04-20,"[""Houston Astros"", ""Cleveland Guardians""]","[""84171940203387891754355042236688568947664084891081752041954668776466685146188"", ""42063496832831659770428309395515289250477241121019230402229578288056030060008""]",Houston Astros,2026-04-27,2026-04-23T22:10:00Z,2026-04-27,,
5,guardians astros,sports_fees_v2,Baseball,1.0,1991466,mlb-hou-cle-2026-04-21,https://polymarket.com/event/mlb-hou-cle-2026-04-21,KXMLBGAME-26APR211810HOUCLE-CLE,https://kalshi.com/markets/KXMLBGAME-26APR211810HOUCLE-CLE,https://polymarket.com/event/mlb-hou-cle-2026-04-21,"[""Cleveland Guardians"", ""Houston Astros""]","[""70051649980511860708016616485852945630010848662627581575809906671170014459610"", ""39081346353006536759069875933248580506402057818719513737613623373505481099715""]",Cleveland Guardians,2026-04-28,2026-04-24T22:10:00Z,2026-04-28,,
6,astros guardians,sports_fees_v2,Baseball,1.0,1991466,mlb-hou-cle-2026-04-21,https://polymarket.com/event/mlb-hou-cle-2026-04-21,KXMLBGAME-26APR211810HOUCLE-HOU,https://kalshi.com/markets/KXMLBGAME-26APR211810HOUCLE-HOU,https://polymarket.com/event/mlb-hou-cle-2026-04-21,"[""Houston Astros"", ""Cleveland Guardians""]","[""39081346353006536759069875933248580506402057818719513737613623373505481099715"", ""70051649980511860708016616485852945630010848662627581575809906671170014459610""]",Houston Astros,2026-04-28,2026-04-24T22:10:00Z,2026-04-28,,
7,marlins cardinals,sports_fees_v2,Baseball,1.0,1980455,mlb-stl-mia-2026-04-20,https://polymarket.com/event/mlb-stl-mia-2026-04-20,KXMLBGAME-26APR201840STLMIA-MIA,https://kalshi.com/markets/KXMLBGAME-26APR201840STLMIA-MIA,https://polymarket.com/event/mlb-stl-mia-2026-04-20,"[""Miami Marlins"", ""St. Louis Cardinals""]","[""61570550328678557885769336139152680970324706798064990791927974810198246944007"", ""2695851027304595042335469224658093236033615156301512088856468044704191581599""]",Miami Marlins,2026-04-27,2026-04-23T22:40:00Z,2026-04-27,,
8,cardinals marlins,sports_fees_v2,Baseball,1.0,1980455,mlb-stl-mia-2026-04-20,https://polymarket.com/event/mlb-stl-mia-2026-04-20,KXMLBGAME-26APR201840STLMIA-STL,https://kalshi.com/markets/KXMLBGAME-26APR201840STLMIA-STL,https://polymarket.com/event/mlb-stl-mia-2026-04-20,"[""St. Louis Cardinals"", ""Miami Marlins""]","[""2695851027304595042335469224658093236033615156301512088856468044704191581599"", ""61570550328678557885769336139152680970324706798064990791927974810198246944007""]",St. Louis Cardinals,2026-04-27,2026-04-23T22:40:00Z,2026-04-27,,
9,marlins cardinals,sports_fees_v2,Baseball,1.0,1991471,mlb-stl-mia-2026-04-21,https://polymarket.com/event/mlb-stl-mia-2026-04-21,KXMLBGAME-26APR211840STLMIA-MIA,https://kalshi.com/markets/KXMLBGAME-26APR211840STLMIA-MIA,https://polymarket.com/event/mlb-stl-mia-2026-04-21,"[""Miami Marlins"", ""St. Louis Cardinals""]","[""35740796505117548849930073197492288998647841257541940520819094081795438522967"", ""24985348558669368259238615081713003571967643393800404018845754923134699719722""]",Miami Marlins,2026-04-28,2026-04-24T22:40:00Z,2026-04-28,,
10,cardinals marlins,sports_fees_v2,Baseball,1.0,1991471,mlb-stl-mia-2026-04-21,https://polymarket.com/event/mlb-stl-mia-2026-04-21,KXMLBGAME-26APR211840STLMIA-STL,https://kalshi.com/markets/KXMLBGAME-26APR211840STLMIA-STL,https://polymarket.com/event/mlb-stl-mia-2026-04-21,"[""St. Louis Cardinals"", ""Miami Marlins""]","[""24985348558669368259238615081713003571967643393800404018845754923134699719722"", ""35740796505117548849930073197492288998647841257541940520819094081795438522967""]",St. Louis Cardinals,2026-04-28,2026-04-24T22:40:00Z,2026-04-28,,
11,reds rays,sports_fees_v2,Baseball,1.0,1980458,mlb-cin-tb-2026-04-20,https://polymarket.com/event/mlb-cin-tb-2026-04-20,KXMLBGAME-26APR201840CINTB-CIN,https://kalshi.com/markets/KXMLBGAME-26APR201840CINTB-CIN,https://polymarket.com/event/mlb-cin-tb-2026-04-20,"[""Cincinnati Reds"", ""Tampa Bay Rays""]","[""73290575254540590971589765289870250451032809706426769353083196606212501273671"", ""58478507650556410043125934228938357631886113652854243559735315299786808576298""]",Cincinnati Reds,2026-04-27,2026-04-23T22:40:00Z,2026-04-27,,
12,rays reds,sports_fees_v2,Baseball,1.0,1980458,mlb-cin-tb-2026-04-20,https://polymarket.com/event/mlb-cin-tb-2026-04-20,KXMLBGAME-26APR201840CINTB-TB,https://kalshi.com/markets/KXMLBGAME-26APR201840CINTB-TB,https://polymarket.com/event/mlb-cin-tb-2026-04-20,"[""Tampa Bay Rays"", ""Cincinnati Reds""]","[""58478507650556410043125934228938357631886113652854243559735315299786808576298"", ""73290575254540590971589765289870250451032809706426769353083196606212501273671""]",Tampa Bay Rays,2026-04-27,2026-04-23T22:40:00Z,2026-04-27,,
13,reds rays,sports_fees_v2,Baseball,1.0,1991473,mlb-cin-tb-2026-04-21,https://polymarket.com/event/mlb-cin-tb-2026-04-21,KXMLBGAME-26APR211840CINTB-CIN,https://kalshi.com/markets/KXMLBGAME-26APR211840CINTB-CIN,https://polymarket.com/event/mlb-cin-tb-2026-04-21,"[""Cincinnati Reds"", ""Tampa Bay Rays""]","[""60634899043446334551593062227976534085783725809295660851616045262774613427540"", ""61923583852989567108138415749376411093056391799280402189394781235486559913796""]",Cincinnati Reds,2026-04-28,2026-04-24T22:40:00Z,2026-04-28,,
14,rays reds,sports_fees_v2,Baseball,1.0,1991473,mlb-cin-tb-2026-04-21,https://polymarket.com/event/mlb-cin-tb-2026-04-21,KXMLBGAME-26APR211840CINTB-TB,https://kalshi.com/markets/KXMLBGAME-26APR211840CINTB-TB,https://polymarket.com/event/mlb-cin-tb-2026-04-21,"[""Tampa Bay Rays"", ""Cincinnati Reds""]","[""61923583852989567108138415749376411093056391799280402189394781235486559913796"", ""60634899043446334551593062227976534085783725809295660851616045262774613427540""]",Tampa Bay Rays,2026-04-28,2026-04-24T22:40:00Z,2026-04-28,,
15,braves nationals,sports_fees_v2,Baseball,1.0,1980460,mlb-atl-wsh-2026-04-20,https://polymarket.com/event/mlb-atl-wsh-2026-04-20,KXMLBGAME-26APR201845ATLWSH-ATL,https://kalshi.com/markets/KXMLBGAME-26APR201845ATLWSH-ATL,https://polymarket.com/event/mlb-atl-wsh-2026-04-20,"[""Atlanta Braves"", ""Washington Nationals""]","[""110877511456922932508662875809532055331067045780803760421236443892038512002944"", ""106431145580015108253851756291946302960054562933715040910903157990209038482060""]",Atlanta Braves,2026-04-27,2026-04-23T22:45:00Z,2026-04-27,,
16,nationals braves,sports_fees_v2,Baseball,1.0,1980460,mlb-atl-wsh-2026-04-20,https://polymarket.com/event/mlb-atl-wsh-2026-04-20,KXMLBGAME-26APR201845ATLWSH-WSH,https://kalshi.com/markets/KXMLBGAME-26APR201845ATLWSH-WSH,https://polymarket.com/event/mlb-atl-wsh-2026-04-20,"[""Washington Nationals"", ""Atlanta Braves""]","[""106431145580015108253851756291946302960054562933715040910903157990209038482060"", ""110877511456922932508662875809532055331067045780803760421236443892038512002944""]",Washington Nationals,2026-04-27,2026-04-23T22:45:00Z,2026-04-27,,
17,braves nationals,sports_fees_v2,Baseball,1.0,1991477,mlb-atl-wsh-2026-04-21,https://polymarket.com/event/mlb-atl-wsh-2026-04-21,KXMLBGAME-26APR211845ATLWSH-ATL,https://kalshi.com/markets/KXMLBGAME-26APR211845ATLWSH-ATL,https://polymarket.com/event/mlb-atl-wsh-2026-04-21,"[""Atlanta Braves"", ""Washington Nationals""]","[""75143735593398904968084683396908743632983915788878194420168010632718339882288"", ""57252210065951112562337892726881811247284507237600243859581219941609730774576""]",Atlanta Braves,2026-04-28,2026-04-24T22:45:00Z,2026-04-28,,
18,nationals braves,sports_fees_v2,Baseball,1.0,1991477,mlb-atl-wsh-2026-04-21,https://polymarket.com/event/mlb-atl-wsh-2026-04-21,KXMLBGAME-26APR211845ATLWSH-WSH,https://kalshi.com/markets/KXMLBGAME-26APR211845ATLWSH-WSH,https://polymarket.com/event/mlb-atl-wsh-2026-04-21,"[""Washington Nationals"", ""Atlanta Braves""]","[""57252210065951112562337892726881811247284507237600243859581219941609730774576"", ""75143735593398904968084683396908743632983915788878194420168010632718339882288""]",Washington Nationals,2026-04-28,2026-04-24T22:45:00Z,2026-04-28,,
19,cubs phillies,sports_fees_v2,Baseball,1.0,1980462,mlb-phi-chc-2026-04-20,https://polymarket.com/event/mlb-phi-chc-2026-04-20,KXMLBGAME-26APR201940PHICHC-CHC,https://kalshi.com/markets/KXMLBGAME-26APR201940PHICHC-CHC,https://polymarket.com/event/mlb-phi-chc-2026-04-20,"[""Chicago Cubs"", ""Philadelphia Phillies""]","[""45072744338807920798628904275851229549907284289318958480206799706956842013545"", ""46246722902426149376095796787730647224596703201504542730254048658065611333961""]",Chicago Cubs,2026-04-27,2026-04-23T23:40:00Z,2026-04-27,,
20,phillies cubs,sports_fees_v2,Baseball,1.0,1980462,mlb-phi-chc-2026-04-20,https://polymarket.com/event/mlb-phi-chc-2026-04-20,KXMLBGAME-26APR201940PHICHC-PHI,https://kalshi.com/markets/KXMLBGAME-26APR201940PHICHC-PHI,https://polymarket.com/event/mlb-phi-chc-2026-04-20,"[""Philadelphia Phillies"", ""Chicago Cubs""]","[""46246722902426149376095796787730647224596703201504542730254048658065611333961"", ""45072744338807920798628904275851229549907284289318958480206799706956842013545""]",Philadelphia Phillies,2026-04-27,2026-04-23T23:40:00Z,2026-04-27,,
21,cubs phillies,sports_fees_v2,Baseball,1.0,1991482,mlb-phi-chc-2026-04-21,https://polymarket.com/event/mlb-phi-chc-2026-04-21,KXMLBGAME-26APR211940PHICHC-CHC,https://kalshi.com/markets/KXMLBGAME-26APR211940PHICHC-CHC,https://polymarket.com/event/mlb-phi-chc-2026-04-21,"[""Chicago Cubs"", ""Philadelphia Phillies""]","[""93082284356131058861432844931536559295527420141540453356434174533243899089396"", ""60402516672619326036411422593168930438964206790830225872842491452729630163312""]",Chicago Cubs,2026-04-28,2026-04-24T23:40:00Z,2026-04-28,,
22,phillies cubs,sports_fees_v2,Baseball,1.0,1991482,mlb-phi-chc-2026-04-21,https://polymarket.com/event/mlb-phi-chc-2026-04-21,KXMLBGAME-26APR211940PHICHC-PHI,https://kalshi.com/markets/KXMLBGAME-26APR211940PHICHC-PHI,https://polymarket.com/event/mlb-phi-chc-2026-04-21,"[""Philadelphia Phillies"", ""Chicago Cubs""]","[""60402516672619326036411422593168930438964206790830225872842491452729630163312"", ""93082284356131058861432844931536559295527420141540453356434174533243899089396""]",Philadelphia Phillies,2026-04-28,2026-04-24T23:40:00Z,2026-04-28,,
23,orioles royals,sports_fees_v2,Baseball,1.0,1980464,mlb-bal-kc-2026-04-20,https://polymarket.com/event/mlb-bal-kc-2026-04-20,KXMLBGAME-26APR201940BALKC-BAL,https://kalshi.com/markets/KXMLBGAME-26APR201940BALKC-BAL,https://polymarket.com/event/mlb-bal-kc-2026-04-20,"[""Baltimore Orioles"", ""Kansas City Royals""]","[""103187033287735445133019225386698930906007752437465277380506062106586907684559"", ""6669754168762692173752130358609409366551926664138882232311543860952971599700""]",Baltimore Orioles,2026-04-27,2026-04-23T23:40:00Z,2026-04-27,,
24,royals orioles,sports_fees_v2,Baseball,1.0,1980464,mlb-bal-kc-2026-04-20,https://polymarket.com/event/mlb-bal-kc-2026-04-20,KXMLBGAME-26APR201940BALKC-KC,https://kalshi.com/markets/KXMLBGAME-26APR201940BALKC-KC,https://polymarket.com/event/mlb-bal-kc-2026-04-20,"[""Kansas City Royals"", ""Baltimore Orioles""]","[""6669754168762692173752130358609409366551926664138882232311543860952971599700"", ""103187033287735445133019225386698930906007752437465277380506062106586907684559""]",Kansas City Royals,2026-04-27,2026-04-23T23:40:00Z,2026-04-27,,
25,orioles royals,sports_fees_v2,Baseball,1.0,1991484,mlb-bal-kc-2026-04-21,https://polymarket.com/event/mlb-bal-kc-2026-04-21,KXMLBGAME-26APR211940BALKC-BAL,https://kalshi.com/markets/KXMLBGAME-26APR211940BALKC-BAL,https://polymarket.com/event/mlb-bal-kc-2026-04-21,"[""Baltimore Orioles"", ""Kansas City Royals""]","[""101166499938818517305238748450742424753148084492975985485998419550343400504759"", ""102316441337940343210421428126392250666326886930935473204800568418826997928653""]",Baltimore Orioles,2026-04-28,2026-04-24T23:40:00Z,2026-04-28,,
26,royals orioles,sports_fees_v2,Baseball,1.0,1991484,mlb-bal-kc-2026-04-21,https://polymarket.com/event/mlb-bal-kc-2026-04-21,KXMLBGAME-26APR211940BALKC-KC,https://kalshi.com/markets/KXMLBGAME-26APR211940BALKC-KC,https://polymarket.com/event/mlb-bal-kc-2026-04-21,"[""Kansas City Royals"", ""Baltimore Orioles""]","[""102316441337940343210421428126392250666326886930935473204800568418826997928653"", ""101166499938818517305238748450742424753148084492975985485998419550343400504759""]",Kansas City Royals,2026-04-28,2026-04-24T23:40:00Z,2026-04-28,,
27,rockies dodgers,sports_fees_v2,Baseball,1.0,1980466,mlb-lad-col-2026-04-20,https://polymarket.com/event/mlb-lad-col-2026-04-20,KXMLBGAME-26APR202040LADCOL-COL,https://kalshi.com/markets/KXMLBGAME-26APR202040LADCOL-COL,https://polymarket.com/event/mlb-lad-col-2026-04-20,"[""Colorado Rockies"", ""Los Angeles Dodgers""]","[""28703779713506211856118295507465013912165656411126090738126182233106218660446"", ""69452758549268568440990055779314140270807081615362976541619862486495823499973""]",Colorado Rockies,2026-04-28,2026-04-24T00:40:00Z,2026-04-28,,
28,dodgers rockies,sports_fees_v2,Baseball,1.0,1980466,mlb-lad-col-2026-04-20,https://polymarket.com/event/mlb-lad-col-2026-04-20,KXMLBGAME-26APR202040LADCOL-LAD,https://kalshi.com/markets/KXMLBGAME-26APR202040LADCOL-LAD,https://polymarket.com/event/mlb-lad-col-2026-04-20,"[""Los Angeles Dodgers"", ""Colorado Rockies""]","[""69452758549268568440990055779314140270807081615362976541619862486495823499973"", ""28703779713506211856118295507465013912165656411126090738126182233106218660446""]",Los Angeles Dodgers,2026-04-28,2026-04-24T00:40:00Z,2026-04-28,,
29,angels blue jays,sports_fees_v2,Baseball,1.0,1980469,mlb-tor-laa-2026-04-20,https://polymarket.com/event/mlb-tor-laa-2026-04-20,KXMLBGAME-26APR202138TORLAA-LAA,https://kalshi.com/markets/KXMLBGAME-26APR202138TORLAA-LAA,https://polymarket.com/event/mlb-tor-laa-2026-04-20,"[""Los Angeles Angels"", ""Toronto Blue Jays""]","[""26463504003200773479111218892803874365132752229737591857312895382975419218340"", ""11349588675924787595543391898627552577068458140959820433550645169161024512740""]",Los Angeles Angels,2026-04-28,2026-04-24T01:38:00Z,2026-04-28,,
30,blue jays angels,sports_fees_v2,Baseball,1.0,1980469,mlb-tor-laa-2026-04-20,https://polymarket.com/event/mlb-tor-laa-2026-04-20,KXMLBGAME-26APR202138TORLAA-TOR,https://kalshi.com/markets/KXMLBGAME-26APR202138TORLAA-TOR,https://polymarket.com/event/mlb-tor-laa-2026-04-20,"[""Toronto Blue Jays"", ""Los Angeles Angels""]","[""11349588675924787595543391898627552577068458140959820433550645169161024512740"", ""26463504003200773479111218892803874365132752229737591857312895382975419218340""]",Toronto Blue Jays,2026-04-28,2026-04-24T01:38:00Z,2026-04-28,,
31,angels blue jays,sports_fees_v2,Baseball,1.0,1991491,mlb-tor-laa-2026-04-21,https://polymarket.com/event/mlb-tor-laa-2026-04-21,KXMLBGAME-26APR212138TORLAA-LAA,https://kalshi.com/markets/KXMLBGAME-26APR212138TORLAA-LAA,https://polymarket.com/event/mlb-tor-laa-2026-04-21,"[""Los Angeles Angels"", ""Toronto Blue Jays""]","[""94458847679104592019339346860196089976802959830465703821503287952618886047065"", ""113501856268993790864446084940301003770841820076917567208559447382526087678885""]",Los Angeles Angels,2026-04-29,2026-04-25T01:38:00Z,2026-04-29,,
32,blue jays angels,sports_fees_v2,Baseball,1.0,1991491,mlb-tor-laa-2026-04-21,https://polymarket.com/event/mlb-tor-laa-2026-04-21,KXMLBGAME-26APR212138TORLAA-TOR,https://kalshi.com/markets/KXMLBGAME-26APR212138TORLAA-TOR,https://polymarket.com/event/mlb-tor-laa-2026-04-21,"[""Toronto Blue Jays"", ""Los Angeles Angels""]","[""113501856268993790864446084940301003770841820076917567208559447382526087678885"", ""94458847679104592019339346860196089976802959830465703821503287952618886047065""]",Toronto Blue Jays,2026-04-29,2026-04-25T01:38:00Z,2026-04-29,,
33,athletics mariners,sports_fees_v2,Baseball,1.0,1980471,mlb-oak-sea-2026-04-20,https://polymarket.com/event/mlb-oak-sea-2026-04-20,KXMLBGAME-26APR202140ATHSEA-ATH,https://kalshi.com/markets/KXMLBGAME-26APR202140ATHSEA-ATH,https://polymarket.com/event/mlb-oak-sea-2026-04-20,"[""Athletics"", ""Seattle Mariners""]","[""80528760276620113110708388889534702397370529802633396641685581315447134376776"", ""7709607470332483120241652237215034189498422952984310416051800555189484482918""]",Athletics,2026-04-28,2026-04-24T01:40:00Z,2026-04-28,,
34,mariners athletics,sports_fees_v2,Baseball,1.0,1980471,mlb-oak-sea-2026-04-20,https://polymarket.com/event/mlb-oak-sea-2026-04-20,KXMLBGAME-26APR202140ATHSEA-SEA,https://kalshi.com/markets/KXMLBGAME-26APR202140ATHSEA-SEA,https://polymarket.com/event/mlb-oak-sea-2026-04-20,"[""Seattle Mariners"", ""Athletics""]","[""7709607470332483120241652237215034189498422952984310416051800555189484482918"", ""80528760276620113110708388889534702397370529802633396641685581315447134376776""]",Seattle Mariners,2026-04-28,2026-04-24T01:40:00Z,2026-04-28,,
35,athletics mariners,sports_fees_v2,Baseball,1.0,1991495,mlb-oak-sea-2026-04-21,https://polymarket.com/event/mlb-oak-sea-2026-04-21,KXMLBGAME-26APR212140ATHSEA-ATH,https://kalshi.com/markets/KXMLBGAME-26APR212140ATHSEA-ATH,https://polymarket.com/event/mlb-oak-sea-2026-04-21,"[""Athletics"", ""Seattle Mariners""]","[""89990872529581260365094616161968468972213616069785043793762587616288390441203"", ""68053451334990011197603629872544483447954004844521109710911242937042882125143""]",Athletics,2026-04-29,2026-04-25T01:40:00Z,2026-04-29,,
36,mariners athletics,sports_fees_v2,Baseball,1.0,1991495,mlb-oak-sea-2026-04-21,https://polymarket.com/event/mlb-oak-sea-2026-04-21,KXMLBGAME-26APR212140ATHSEA-SEA,https://kalshi.com/markets/KXMLBGAME-26APR212140ATHSEA-SEA,https://polymarket.com/event/mlb-oak-sea-2026-04-21,"[""Seattle Mariners"", ""Athletics""]","[""68053451334990011197603629872544483447954004844521109710911242937042882125143"", ""89990872529581260365094616161968468972213616069785043793762587616288390441203""]",Seattle Mariners,2026-04-29,2026-04-25T01:40:00Z,2026-04-29,,
37,flyquest lyon,sports_fees_v2,Esports,1.0,1987960,lol-ly-fly-2026-04-21,https://polymarket.com/event/lol-ly-fly-2026-04-21,KXLOLGAME-26APR211400FLYLY-FLY,https://kalshi.com/markets/KXLOLGAME-26APR211400FLYLY-FLY,https://polymarket.com/event/lol-ly-fly-2026-04-21,"[""FlyQuest"", ""LYON""]","[""74389360524272980846175101605670661455775874819253483472436651510661245774937"", ""74114672179998500320383431158041454133569760333724503069423203662582019230121""]",FlyQuest,2026-04-22,2026-05-05T18:00:00Z,2026-04-22,,
38,lyon flyquest,sports_fees_v2,Esports,1.0,1987960,lol-ly-fly-2026-04-21,https://polymarket.com/event/lol-ly-fly-2026-04-21,KXLOLGAME-26APR211400FLYLY-LY,https://kalshi.com/markets/KXLOLGAME-26APR211400FLYLY-LY,https://polymarket.com/event/lol-ly-fly-2026-04-21,"[""LYON"", ""FlyQuest""]","[""74114672179998500320383431158041454133569760333724503069423203662582019230121"", ""74389360524272980846175101605670661455775874819253483472436651510661245774937""]",LYON,2026-04-22,2026-05-05T18:00:00Z,2026-04-22,,
39,ssg landers samsung lions,sports_fees_v2,Baseball,1.0,1991448,kbo-ssg-sam-2026-04-21,https://polymarket.com/event/kbo-ssg-sam-2026-04-21,KXKBOGAME-26APR210530SSGSAM-SSG,https://kalshi.com/markets/KXKBOGAME-26APR210530SSGSAM-SSG,https://polymarket.com/event/kbo-ssg-sam-2026-04-21,"[""SSG Landers"", ""Samsung Lions""]","[""34420775723838611145457689716406840651653216928347548078891849845040408623400"", ""32041620969275649465588584864363966529268765331977405069656211918130501975077""]",SSG Landers,2026-04-28,2026-04-24T09:30:00Z,2026-04-28,,
40,samsung lions ssg landers,sports_fees_v2,Baseball,1.0,1991448,kbo-ssg-sam-2026-04-21,https://polymarket.com/event/kbo-ssg-sam-2026-04-21,KXKBOGAME-26APR210530SSGSAM-SAM,https://kalshi.com/markets/KXKBOGAME-26APR210530SSGSAM-SAM,https://polymarket.com/event/kbo-ssg-sam-2026-04-21,"[""Samsung Lions"", ""SSG Landers""]","[""32041620969275649465588584864363966529268765331977405069656211918130501975077"", ""34420775723838611145457689716406840651653216928347548078891849845040408623400""]",Samsung Lions,2026-04-28,2026-04-24T09:30:00Z,2026-04-28,,
41,kt wiz kia tigers,sports_fees_v2,Baseball,1.0,1991450,kbo-kia-kt-2026-04-21,https://polymarket.com/event/kbo-kia-kt-2026-04-21,KXKBOGAME-26APR210530KIAKTW-KTW,https://kalshi.com/markets/KXKBOGAME-26APR210530KIAKTW-KTW,https://polymarket.com/event/kbo-kia-kt-2026-04-21,"[""KT Wiz"", ""Kia Tigers""]","[""33511228759408913889444570271416271491082371224130907729810547493013278315996"", ""106973244980730438676604973606280735997371460998173090727865192005810364118298""]",KT Wiz,2026-04-28,2026-04-24T09:30:00Z,2026-04-28,,
42,kia tigers kt wiz,sports_fees_v2,Baseball,1.0,1991450,kbo-kia-kt-2026-04-21,https://polymarket.com/event/kbo-kia-kt-2026-04-21,KXKBOGAME-26APR210530KIAKTW-KIA,https://kalshi.com/markets/KXKBOGAME-26APR210530KIAKTW-KIA,https://polymarket.com/event/kbo-kia-kt-2026-04-21,"[""Kia Tigers"", ""KT Wiz""]","[""106973244980730438676604973606280735997371460998173090727865192005810364118298"", ""33511228759408913889444570271416271491082371224130907729810547493013278315996""]",Kia Tigers,2026-04-28,2026-04-24T09:30:00Z,2026-04-28,,
43,kiwoom heroes nc dinos,sports_fees_v2,Baseball,1.0,1991455,kbo-nc-kiw-2026-04-21,https://polymarket.com/event/kbo-nc-kiw-2026-04-21,KXKBOGAME-26APR210530NCDKIW-KIW,https://kalshi.com/markets/KXKBOGAME-26APR210530NCDKIW-KIW,https://polymarket.com/event/kbo-nc-kiw-2026-04-21,"[""Kiwoom Heroes"", ""NC Dinos""]","[""43416201903481652883816442603546331951537322767766826909247083291318360101279"", ""47410683682610895541471656022539164490758365077977407553698320843363394583052""]",Kiwoom Heroes,2026-04-28,2026-04-24T09:30:00Z,2026-04-28,,
44,nc dinos kiwoom heroes,sports_fees_v2,Baseball,1.0,1991455,kbo-nc-kiw-2026-04-21,https://polymarket.com/event/kbo-nc-kiw-2026-04-21,KXKBOGAME-26APR210530NCDKIW-NCD,https://kalshi.com/markets/KXKBOGAME-26APR210530NCDKIW-NCD,https://polymarket.com/event/kbo-nc-kiw-2026-04-21,"[""NC Dinos"", ""Kiwoom Heroes""]","[""47410683682610895541471656022539164490758365077977407553698320843363394583052"", ""43416201903481652883816442603546331951537322767766826909247083291318360101279""]",NC Dinos,2026-04-28,2026-04-24T09:30:00Z,2026-04-28,,
45,doosan bears lotte giants,sports_fees_v2,Baseball,1.0,1991458,kbo-doo-lot-2026-04-21,https://polymarket.com/event/kbo-doo-lot-2026-04-21,KXKBOGAME-26APR210530DOOLOT-DOO,https://kalshi.com/markets/KXKBOGAME-26APR210530DOOLOT-DOO,https://polymarket.com/event/kbo-doo-lot-2026-04-21,"[""Doosan Bears"", ""Lotte Giants""]","[""99061601368771172066315227448173202352356835829617705131428462019487925173150"", ""101986460309345837442467453430818165094545451517695799677346578786479585148997""]",Doosan Bears,2026-04-28,2026-04-24T09:30:00Z,2026-04-28,,
46,lotte giants doosan bears,sports_fees_v2,Baseball,1.0,1991458,kbo-doo-lot-2026-04-21,https://polymarket.com/event/kbo-doo-lot-2026-04-21,KXKBOGAME-26APR210530DOOLOT-LOT,https://kalshi.com/markets/KXKBOGAME-26APR210530DOOLOT-LOT,https://polymarket.com/event/kbo-doo-lot-2026-04-21,"[""Lotte Giants"", ""Doosan Bears""]","[""101986460309345837442467453430818165094545451517695799677346578786479585148997"", ""99061601368771172066315227448173202352356835829617705131428462019487925173150""]",Lotte Giants,2026-04-28,2026-04-24T09:30:00Z,2026-04-28,,
47,hanwha eagles lg twins,sports_fees_v2,Baseball,1.0,1991463,kbo-han-lg-2026-04-21,https://polymarket.com/event/kbo-han-lg-2026-04-21,KXKBOGAME-26APR210530HANLG-HAN,https://kalshi.com/markets/KXKBOGAME-26APR210530HANLG-HAN,https://polymarket.com/event/kbo-han-lg-2026-04-21,"[""Hanwha Eagles"", ""LG Twins""]","[""17042141968536953471594045180183988863192802281680503808930285171935092190089"", ""95616287885983721638164968737737136945478887120753204371810823534131527993358""]",Hanwha Eagles,2026-04-28,2026-04-24T09:30:00Z,2026-04-28,,
48,lg twins hanwha eagles,sports_fees_v2,Baseball,1.0,1991463,kbo-han-lg-2026-04-21,https://polymarket.com/event/kbo-han-lg-2026-04-21,KXKBOGAME-26APR210530HANLG-LG,https://kalshi.com/markets/KXKBOGAME-26APR210530HANLG-LG,https://polymarket.com/event/kbo-han-lg-2026-04-21,"[""LG Twins"", ""Hanwha Eagles""]","[""95616287885983721638164968737737136945478887120753204371810823534131527993358"", ""17042141968536953471594045180183988863192802281680503808930285171935092190089""]",LG Twins,2026-04-28,2026-04-24T09:30:00Z,2026-04-28,,
49,tigers brewers,sports_fees_v2,Baseball,1.0,1991468,mlb-mil-det-2026-04-21,https://polymarket.com/event/mlb-mil-det-2026-04-21,KXMLBGAME-26APR211840MILDET-DET,https://kalshi.com/markets/KXMLBGAME-26APR211840MILDET-DET,https://polymarket.com/event/mlb-mil-det-2026-04-21,"[""Detroit Tigers"", ""Milwaukee Brewers""]","[""109480316054573390486889717620086143441553050599145325806782417034924134752293"", ""2090758837659722307400682989367462784904572958425298623378361642526318328686""]",Detroit Tigers,2026-04-28,2026-04-24T22:40:00Z,2026-04-28,,
50,brewers tigers,sports_fees_v2,Baseball,1.0,1991468,mlb-mil-det-2026-04-21,https://polymarket.com/event/mlb-mil-det-2026-04-21,KXMLBGAME-26APR211840MILDET-MIL,https://kalshi.com/markets/KXMLBGAME-26APR211840MILDET-MIL,https://polymarket.com/event/mlb-mil-det-2026-04-21,"[""Milwaukee Brewers"", ""Detroit Tigers""]","[""2090758837659722307400682989367462784904572958425298623378361642526318328686"", ""109480316054573390486889717620086143441553050599145325806782417034924134752293""]",Milwaukee Brewers,2026-04-28,2026-04-24T22:40:00Z,2026-04-28,,
51,red sox yankees,sports_fees_v2,Baseball,1.0,1991475,mlb-nyy-bos-2026-04-21,https://polymarket.com/event/mlb-nyy-bos-2026-04-21,KXMLBGAME-26APR211845NYYBOS-BOS,https://kalshi.com/markets/KXMLBGAME-26APR211845NYYBOS-BOS,https://polymarket.com/event/mlb-nyy-bos-2026-04-21,"[""Boston Red Sox"", ""New York Yankees""]","[""102905808399206126261468716180965787023274325589311862155803730800866637872568"", ""109140817480399527663873872751699167918097608788629581971077518293330164784829""]",Boston Red Sox,2026-04-28,2026-04-24T22:45:00Z,2026-04-28,,
52,yankees red sox,sports_fees_v2,Baseball,1.0,1991475,mlb-nyy-bos-2026-04-21,https://polymarket.com/event/mlb-nyy-bos-2026-04-21,KXMLBGAME-26APR211845NYYBOS-NYY,https://kalshi.com/markets/KXMLBGAME-26APR211845NYYBOS-NYY,https://polymarket.com/event/mlb-nyy-bos-2026-04-21,"[""New York Yankees"", ""Boston Red Sox""]","[""109140817480399527663873872751699167918097608788629581971077518293330164784829"", ""102905808399206126261468716180965787023274325589311862155803730800866637872568""]",New York Yankees,2026-04-28,2026-04-24T22:45:00Z,2026-04-28,,
53,twins mets,sports_fees_v2,Baseball,1.0,1991480,mlb-min-nym-2026-04-21,https://polymarket.com/event/mlb-min-nym-2026-04-21,KXMLBGAME-26APR211910MINNYM-MIN,https://kalshi.com/markets/KXMLBGAME-26APR211910MINNYM-MIN,https://polymarket.com/event/mlb-min-nym-2026-04-21,"[""Minnesota Twins"", ""New York Mets""]","[""101046401785567900328487380606839586440206993802871650127728866633784505208773"", ""85267782013567258187322340130777985180263583304213565486561342993219812172543""]",Minnesota Twins,2026-04-28,2026-04-24T23:10:00Z,2026-04-28,,
54,mets twins,sports_fees_v2,Baseball,1.0,1991480,mlb-min-nym-2026-04-21,https://polymarket.com/event/mlb-min-nym-2026-04-21,KXMLBGAME-26APR211910MINNYM-NYM,https://kalshi.com/markets/KXMLBGAME-26APR211910MINNYM-NYM,https://polymarket.com/event/mlb-min-nym-2026-04-21,"[""New York Mets"", ""Minnesota Twins""]","[""85267782013567258187322340130777985180263583304213565486561342993219812172543"", ""101046401785567900328487380606839586440206993802871650127728866633784505208773""]",New York Mets,2026-04-28,2026-04-24T23:10:00Z,2026-04-28,,
55,pirates rangers,sports_fees_v2,Baseball,1.0,1991486,mlb-pit-tex-2026-04-21,https://polymarket.com/event/mlb-pit-tex-2026-04-21,KXMLBGAME-26APR212005PITTEX-PIT,https://kalshi.com/markets/KXMLBGAME-26APR212005PITTEX-PIT,https://polymarket.com/event/mlb-pit-tex-2026-04-21,"[""Pittsburgh Pirates"", ""Texas Rangers""]","[""112096852515557420841933666409349433417598662487777943651047812364863655419707"", ""69902587631568699115902287231828331218660502539086406934593775577741829646809""]",Pittsburgh Pirates,2026-04-29,2026-04-25T00:05:00Z,2026-04-29,,
56,rangers pirates,sports_fees_v2,Baseball,1.0,1991486,mlb-pit-tex-2026-04-21,https://polymarket.com/event/mlb-pit-tex-2026-04-21,KXMLBGAME-26APR212005PITTEX-TEX,https://kalshi.com/markets/KXMLBGAME-26APR212005PITTEX-TEX,https://polymarket.com/event/mlb-pit-tex-2026-04-21,"[""Texas Rangers"", ""Pittsburgh Pirates""]","[""69902587631568699115902287231828331218660502539086406934593775577741829646809"", ""112096852515557420841933666409349433417598662487777943651047812364863655419707""]",Texas Rangers,2026-04-29,2026-04-25T00:05:00Z,2026-04-29,,
57,rockies padres,sports_fees_v2,Baseball,1.0,1991489,mlb-sd-col-2026-04-21,https://polymarket.com/event/mlb-sd-col-2026-04-21,KXMLBGAME-26APR212040SDCOL-COL,https://kalshi.com/markets/KXMLBGAME-26APR212040SDCOL-COL,https://polymarket.com/event/mlb-sd-col-2026-04-21,"[""Colorado Rockies"", ""San Diego Padres""]","[""70548141365883598587092306318396967945802837302557207481796355943953866046728"", ""86789477446029602852577518562847325362485165491798419259593057200519549797655""]",Colorado Rockies,2026-04-29,2026-04-25T00:40:00Z,2026-04-29,,
58,padres rockies,sports_fees_v2,Baseball,1.0,1991489,mlb-sd-col-2026-04-21,https://polymarket.com/event/mlb-sd-col-2026-04-21,KXMLBGAME-26APR212040SDCOL-SD,https://kalshi.com/markets/KXMLBGAME-26APR212040SDCOL-SD,https://polymarket.com/event/mlb-sd-col-2026-04-21,"[""San Diego Padres"", ""Colorado Rockies""]","[""86789477446029602852577518562847325362485165491798419259593057200519549797655"", ""70548141365883598587092306318396967945802837302557207481796355943953866046728""]",San Diego Padres,2026-04-29,2026-04-25T00:40:00Z,2026-04-29,,
59,diamondbacks white sox,sports_fees_v2,Baseball,1.0,1991493,mlb-cws-ari-2026-04-21,https://polymarket.com/event/mlb-cws-ari-2026-04-21,KXMLBGAME-26APR212140CWSAZ-AZ,https://kalshi.com/markets/KXMLBGAME-26APR212140CWSAZ-AZ,https://polymarket.com/event/mlb-cws-ari-2026-04-21,"[""Arizona Diamondbacks"", ""Chicago White Sox""]","[""56665817353300872981085709879578823267506604961497651844587631677666767086161"", ""69735493182637393605902113772158514810766886828175653704307361465555271832304""]",Arizona Diamondbacks,2026-04-29,2026-04-25T01:40:00Z,2026-04-29,,
60,white sox diamondbacks,sports_fees_v2,Baseball,1.0,1991493,mlb-cws-ari-2026-04-21,https://polymarket.com/event/mlb-cws-ari-2026-04-21,KXMLBGAME-26APR212140CWSAZ-CWS,https://kalshi.com/markets/KXMLBGAME-26APR212140CWSAZ-CWS,https://polymarket.com/event/mlb-cws-ari-2026-04-21,"[""Chicago White Sox"", ""Arizona Diamondbacks""]","[""69735493182637393605902113772158514810766886828175653704307361465555271832304"", ""56665817353300872981085709879578823267506604961497651844587631677666767086161""]",Chicago White Sox,2026-04-29,2026-04-25T01:40:00Z,2026-04-29,,
61,dodgers giants,sports_fees_v2,Baseball,1.0,1991497,mlb-lad-sf-2026-04-21,https://polymarket.com/event/mlb-lad-sf-2026-04-21,KXMLBGAME-26APR212145LADSF-LAD,https://kalshi.com/markets/KXMLBGAME-26APR212145LADSF-LAD,https://polymarket.com/event/mlb-lad-sf-2026-04-21,"[""Los Angeles Dodgers"", ""San Francisco Giants""]","[""24574350789299289161945487998432730885766605989629000372133107734007784698509"", ""96660994939248044292423112034596495332089882521588116925168474678670251060399""]",Los Angeles Dodgers,2026-04-29,2026-04-25T01:45:00Z,2026-04-29,,
62,giants dodgers,sports_fees_v2,Baseball,1.0,1991497,mlb-lad-sf-2026-04-21,https://polymarket.com/event/mlb-lad-sf-2026-04-21,KXMLBGAME-26APR212145LADSF-SF,https://kalshi.com/markets/KXMLBGAME-26APR212145LADSF-SF,https://polymarket.com/event/mlb-lad-sf-2026-04-21,"[""San Francisco Giants"", ""Los Angeles Dodgers""]","[""96660994939248044292423112034596495332089882521588116925168474678670251060399"", ""24574350789299289161945487998432730885766605989629000372133107734007784698509""]",San Francisco Giants,2026-04-29,2026-04-25T01:45:00Z,2026-04-29,,
63,hawks knicks,sports_fees_v2,Basketball,1.0,1991749,nba-atl-nyk-2026-04-20,https://polymarket.com/event/nba-atl-nyk-2026-04-20,KXNBAGAME-26APR20ATLNYK-ATL,https://kalshi.com/markets/KXNBAGAME-26APR20ATLNYK-ATL,https://polymarket.com/event/nba-atl-nyk-2026-04-20,"[""Hawks"", ""Knicks""]","[""72595420866470898195484478929890439935132887929614199696804680696876953647029"", ""15408696681072450048579926067953913307394317666748243708525925434002891859613""]",Hawks,2026-04-21,2026-05-05T00:00:00Z,2026-04-21,,
64,knicks hawks,sports_fees_v2,Basketball,1.0,1991749,nba-atl-nyk-2026-04-20,https://polymarket.com/event/nba-atl-nyk-2026-04-20,KXNBAGAME-26APR20ATLNYK-NYK,https://kalshi.com/markets/KXNBAGAME-26APR20ATLNYK-NYK,https://polymarket.com/event/nba-atl-nyk-2026-04-20,"[""Knicks"", ""Hawks""]","[""15408696681072450048579926067953913307394317666748243708525925434002891859613"", ""72595420866470898195484478929890439935132887929614199696804680696876953647029""]",Knicks,2026-04-21,2026-05-05T00:00:00Z,2026-04-21,,
65,nuggets timberwolves,sports_fees_v2,Basketball,1.0,1991751,nba-min-den-2026-04-20,https://polymarket.com/event/nba-min-den-2026-04-20,KXNBAGAME-26APR20MINDEN-DEN,https://kalshi.com/markets/KXNBAGAME-26APR20MINDEN-DEN,https://polymarket.com/event/nba-min-den-2026-04-20,"[""Nuggets"", ""Timberwolves""]","[""77985259937045308793816579916638590572189987943927681873921893711796592307973"", ""101049751548410708430293002292169561720588907594020452919685141368802218026926""]",Nuggets,2026-04-21,2026-05-05T02:30:00Z,2026-04-21,,
66,timberwolves nuggets,sports_fees_v2,Basketball,1.0,1991751,nba-min-den-2026-04-20,https://polymarket.com/event/nba-min-den-2026-04-20,KXNBAGAME-26APR20MINDEN-MIN,https://kalshi.com/markets/KXNBAGAME-26APR20MINDEN-MIN,https://polymarket.com/event/nba-min-den-2026-04-20,"[""Timberwolves"", ""Nuggets""]","[""101049751548410708430293002292169561720588907594020452919685141368802218026926"", ""77985259937045308793816579916638590572189987943927681873921893711796592307973""]",Timberwolves,2026-04-21,2026-05-05T02:30:00Z,2026-04-21,,
67,spurs trail blazers,sports_fees_v2,Basketball,1.0,1991752,nba-por-sas-2026-04-21,https://polymarket.com/event/nba-por-sas-2026-04-21,KXNBAGAME-26APR21PORSAS-SAS,https://kalshi.com/markets/KXNBAGAME-26APR21PORSAS-SAS,https://polymarket.com/event/nba-por-sas-2026-04-21,"[""Spurs"", ""Trail Blazers""]","[""51624968071862988156613949776866798451717346851979110364161590066611593308533"", ""13915055435514613243852168138681461859212910618780770510822006415287098023903""]",Spurs,2026-04-22,2026-05-06T00:00:00Z,2026-04-22,,
68,trail blazers spurs,sports_fees_v2,Basketball,1.0,1991752,nba-por-sas-2026-04-21,https://polymarket.com/event/nba-por-sas-2026-04-21,KXNBAGAME-26APR21PORSAS-POR,https://kalshi.com/markets/KXNBAGAME-26APR21PORSAS-POR,https://polymarket.com/event/nba-por-sas-2026-04-21,"[""Trail Blazers"", ""Spurs""]","[""13915055435514613243852168138681461859212910618780770510822006415287098023903"", ""51624968071862988156613949776866798451717346851979110364161590066611593308533""]",Trail Blazers,2026-04-22,2026-05-06T00:00:00Z,2026-04-22,,
69,cloud9 sentinels,sports_fees_v2,Esports,1.0,1996902,lol-c9-sen-2026-04-21,https://polymarket.com/event/lol-c9-sen-2026-04-21,KXLOLGAME-26APR211700SENC9-C9,https://kalshi.com/markets/KXLOLGAME-26APR211700SENC9-C9,https://polymarket.com/event/lol-c9-sen-2026-04-21,"[""Cloud9"", ""Sentinels""]","[""18063503233479846336540070664700825430444749252889065732711160587134480479686"", ""65797853143502458177149004552040886195222008049876818611575491655578180677777""]",Cloud9,2026-04-22,2026-05-05T21:00:00Z,2026-04-22,,
70,sentinels cloud9,sports_fees_v2,Esports,1.0,1996902,lol-c9-sen-2026-04-21,https://polymarket.com/event/lol-c9-sen-2026-04-21,KXLOLGAME-26APR211700SENC9-SEN,https://kalshi.com/markets/KXLOLGAME-26APR211700SENC9-SEN,https://polymarket.com/event/lol-c9-sen-2026-04-21,"[""Sentinels"", ""Cloud9""]","[""65797853143502458177149004552040886195222008049876818611575491655578180677777"", ""18063503233479846336540070664700825430444749252889065732711160587134480479686""]",Sentinels,2026-04-22,2026-05-05T21:00:00Z,2026-04-22,,
71,dn soopers hanwha life esports,sports_fees_v2,Esports,1.0,1999204,lol-hle-dnsc-2026-04-21,https://polymarket.com/event/lol-hle-dnsc-2026-04-21,KXLOLGAME-26APR210600DNSCHLE-DNSC,https://kalshi.com/markets/KXLOLGAME-26APR210600DNSCHLE-DNSC,https://polymarket.com/event/lol-hle-dnsc-2026-04-21,"[""DN SOOPers Challengers"", ""Hanwha Life Esports Challengers""]","[""108146192418210075978166000717338215601402914902845194004713030968482034705819"", ""93812209623242465093414752094219688914753900621879748490893591420606882241018""]",DN SOOPers Challengers,2026-04-21,2026-05-05T10:00:00Z,2026-04-21,,
72,ducks oilers,sports_fees_v2,Ice Hockey,1.0,2006757,nhl-ana-edm-2026-04-20,https://polymarket.com/event/nhl-ana-edm-2026-04-20,KXNHLGAME-26APR20ANAEDM-ANA,https://kalshi.com/markets/KXNHLGAME-26APR20ANAEDM-ANA,https://polymarket.com/event/nhl-ana-edm-2026-04-20,"[""Ducks"", ""Oilers""]","[""919162358534701930167712253664384724719398246548267396519807893367832594947"", ""89247544141211245283014190443264476060937543249459927806007730757017068807365""]",Ducks,2026-04-21,2026-05-05T02:00:00Z,2026-04-21,,
73,oilers ducks,sports_fees_v2,Ice Hockey,1.0,2006757,nhl-ana-edm-2026-04-20,https://polymarket.com/event/nhl-ana-edm-2026-04-20,KXNHLGAME-26APR20ANAEDM-EDM,https://kalshi.com/markets/KXNHLGAME-26APR20ANAEDM-EDM,https://polymarket.com/event/nhl-ana-edm-2026-04-20,"[""Oilers"", ""Ducks""]","[""89247544141211245283014190443264476060937543249459927806007730757017068807365"", ""919162358534701930167712253664384724719398246548267396519807893367832594947""]",Oilers,2026-04-21,2026-05-05T02:00:00Z,2026-04-21,,
74,stars wild,sports_fees_v2,Ice Hockey,1.0,2006773,nhl-min-dal-2026-04-20,https://polymarket.com/event/nhl-min-dal-2026-04-20,KXNHLGAME-26APR20MINDAL-DAL,https://kalshi.com/markets/KXNHLGAME-26APR20MINDAL-DAL,https://polymarket.com/event/nhl-min-dal-2026-04-20,"[""Stars"", ""Wild""]","[""63016072018795563585937966866957437637849326946698557883130547259919461985689"", ""60845414071308065203540647584257330293052983620540182835976408835975810793538""]",Stars,2026-04-21,2026-05-05T01:30:00Z,2026-04-21,,
75,wild stars,sports_fees_v2,Ice Hockey,1.0,2006773,nhl-min-dal-2026-04-20,https://polymarket.com/event/nhl-min-dal-2026-04-20,KXNHLGAME-26APR20MINDAL-MIN,https://kalshi.com/markets/KXNHLGAME-26APR20MINDAL-MIN,https://polymarket.com/event/nhl-min-dal-2026-04-20,"[""Wild"", ""Stars""]","[""60845414071308065203540647584257330293052983620540182835976408835975810793538"", ""63016072018795563585937966866957437637849326946698557883130547259919461985689""]",Wild,2026-04-21,2026-05-05T01:30:00Z,2026-04-21,,
76,canadiens lightning,sports_fees_v2,Ice Hockey,1.0,2006778,nhl-mon-tb-2026-04-21,https://polymarket.com/event/nhl-mon-tb-2026-04-21,KXNHLGAME-26APR21MTLTB-MTL,https://kalshi.com/markets/KXNHLGAME-26APR21MTLTB-MTL,https://polymarket.com/event/nhl-mon-tb-2026-04-21,"[""Canadiens"", ""Lightning""]","[""66875638918253571719285362689614435483681503555496437354795940371634567193373"", ""25005822296093968032852029516470231031372069442714758718976852133999692777605""]",Canadiens,2026-04-21,2026-05-05T23:00:00Z,2026-04-21,,
77,lightning canadiens,sports_fees_v2,Ice Hockey,1.0,2006778,nhl-mon-tb-2026-04-21,https://polymarket.com/event/nhl-mon-tb-2026-04-21,KXNHLGAME-26APR21MTLTB-TB,https://kalshi.com/markets/KXNHLGAME-26APR21MTLTB-TB,https://polymarket.com/event/nhl-mon-tb-2026-04-21,"[""Lightning"", ""Canadiens""]","[""25005822296093968032852029516470231031372069442714758718976852133999692777605"", ""66875638918253571719285362689614435483681503555496437354795940371634567193373""]",Lightning,2026-04-21,2026-05-05T23:00:00Z,2026-04-21,,
78,bruins sabres,sports_fees_v2,Ice Hockey,1.0,2006785,nhl-bos-buf-2026-04-21,https://polymarket.com/event/nhl-bos-buf-2026-04-21,KXNHLGAME-26APR21BOSBUF-BOS,https://kalshi.com/markets/KXNHLGAME-26APR21BOSBUF-BOS,https://polymarket.com/event/nhl-bos-buf-2026-04-21,"[""Bruins"", ""Sabres""]","[""111638885634293010891495000918468146814435209301992273487085903070383456133526"", ""100595875404662356995229481448595908812367941841578477122294592067982024010609""]",Bruins,2026-04-21,2026-05-05T23:30:00Z,2026-04-21,,
79,sabres bruins,sports_fees_v2,Ice Hockey,1.0,2006785,nhl-bos-buf-2026-04-21,https://polymarket.com/event/nhl-bos-buf-2026-04-21,KXNHLGAME-26APR21BOSBUF-BUF,https://kalshi.com/markets/KXNHLGAME-26APR21BOSBUF-BUF,https://polymarket.com/event/nhl-bos-buf-2026-04-21,"[""Sabres"", ""Bruins""]","[""100595875404662356995229481448595908812367941841578477122294592067982024010609"", ""111638885634293010891495000918468146814435209301992273487085903070383456133526""]",Sabres,2026-04-21,2026-05-05T23:30:00Z,2026-04-21,,
80,avalanche kings,sports_fees_v2,Ice Hockey,1.0,2006797,nhl-lak-col-2026-04-21,https://polymarket.com/event/nhl-lak-col-2026-04-21,KXNHLGAME-26APR21LACOL-COL,https://kalshi.com/markets/KXNHLGAME-26APR21LACOL-COL,https://polymarket.com/event/nhl-lak-col-2026-04-21,"[""Avalanche"", ""Kings""]","[""187838115177311526208663685528360569000286201112468801204449378084251614160"", ""46563697259047708541361760162855399973818712189119186915630625998222985115091""]",Avalanche,2026-04-22,2026-05-06T02:00:00Z,2026-04-22,,
81,kings avalanche,sports_fees_v2,Ice Hockey,1.0,2006797,nhl-lak-col-2026-04-21,https://polymarket.com/event/nhl-lak-col-2026-04-21,KXNHLGAME-26APR21LACOL-LA,https://kalshi.com/markets/KXNHLGAME-26APR21LACOL-LA,https://polymarket.com/event/nhl-lak-col-2026-04-21,"[""Kings"", ""Avalanche""]","[""46563697259047708541361760162855399973818712189119186915630625998222985115091"", ""187838115177311526208663685528360569000286201112468801204449378084251614160""]",Kings,2026-04-22,2026-05-06T02:00:00Z,2026-04-22,,
82,shimabukuro park,sports_fees_v2,Tennis,1.0,2015068,atp-shimabu-park-2026-04-19,https://polymarket.com/event/atp-shimabu-park-2026-04-19,KXATPCHALLENGERMATCH-26APR21SHIPAR-SHI,https://kalshi.com/markets/KXATPCHALLENGERMATCH-26APR21SHIPAR-SHI,https://polymarket.com/event/atp-shimabu-park-2026-04-19,"[""Sho Shimabukuro"", ""Ui-Sung Park""]","[""23139376048992778787563175175660007200914091524965629934537798017660054593657"", ""43817309077637585466665100485916692623002013197651019235600543072675141108093""]",Sho Shimabukuro,2026-04-27,2026-05-05T04:20:00Z,2026-04-27,,
83,shimabukuro park,sports_fees_v2,Tennis,1.0,2015068,atp-shimabu-park-2026-04-19,https://polymarket.com/event/atp-shimabu-park-2026-04-19,KXATPCHALLENGERMATCH-26APR21SHIPAR-PAR,https://kalshi.com/markets/KXATPCHALLENGERMATCH-26APR21SHIPAR-PAR,https://polymarket.com/event/atp-shimabu-park-2026-04-19,"[""Ui-Sung Park"", ""Sho Shimabukuro""]","[""43817309077637585466665100485916692623002013197651019235600543072675141108093"", ""23139376048992778787563175175660007200914091524965629934537798017660054593657""]",Ui-Sung Park,2026-04-27,2026-05-05T04:20:00Z,2026-04-27,,
84,kotov kukushkin,sports_fees_v2,Tennis,1.0,2015099,atp-kotov-kukushk-2026-04-19,https://polymarket.com/event/atp-kotov-kukushk-2026-04-19,KXATPCHALLENGERMATCH-26APR21KOTKUK-KUK,https://kalshi.com/markets/KXATPCHALLENGERMATCH-26APR21KOTKUK-KUK,https://polymarket.com/event/atp-kotov-kukushk-2026-04-19,"[""Mikhail Kukushkin"", ""Pavel Kotov""]","[""30152947653737652706311699541860509721759992129612612129972853870496704763441"", ""4198838464712245111778705197947026042197163394730956826900657046538006657738""]",Mikhail Kukushkin,2026-04-27,2026-05-05T04:20:00Z,2026-04-27,,
85,kotov kukushkin,sports_fees_v2,Tennis,1.0,2015099,atp-kotov-kukushk-2026-04-19,https://polymarket.com/event/atp-kotov-kukushk-2026-04-19,KXATPCHALLENGERMATCH-26APR21KOTKUK-KOT,https://kalshi.com/markets/KXATPCHALLENGERMATCH-26APR21KOTKUK-KOT,https://polymarket.com/event/atp-kotov-kukushk-2026-04-19,"[""Pavel Kotov"", ""Mikhail Kukushkin""]","[""4198838464712245111778705197947026042197163394730956826900657046538006657738"", ""30152947653737652706311699541860509721759992129612612129972853870496704763441""]",Pavel Kotov,2026-04-27,2026-05-05T04:20:00Z,2026-04-27,,
86,hawks knicks,sports_fees_v2,Basketball,1.0,2018618,nba-atl-nyk-2026-04-20-1h-moneyline,https://polymarket.com/event/nba-atl-nyk-2026-04-20-1h-moneyline,KXNBA1HWINNER-26APR20ATLNYK-ATL,https://kalshi.com/markets/KXNBA1HWINNER-26APR20ATLNYK-ATL,https://polymarket.com/event/nba-atl-nyk-2026-04-20-1h-moneyline,"[""Hawks"", ""Knicks""]","[""15612787848701585426801967297702387132441514235700774806696663596166281398943"", ""82018678479609042191195971906000400434681602768431618117369872353586506822114""]",Hawks,2026-04-21,2026-05-05T00:00:00Z,2026-04-21,,
87,knicks hawks,sports_fees_v2,Basketball,1.0,2018618,nba-atl-nyk-2026-04-20-1h-moneyline,https://polymarket.com/event/nba-atl-nyk-2026-04-20-1h-moneyline,KXNBA1HWINNER-26APR20ATLNYK-NYK,https://kalshi.com/markets/KXNBA1HWINNER-26APR20ATLNYK-NYK,https://polymarket.com/event/nba-atl-nyk-2026-04-20-1h-moneyline,"[""Knicks"", ""Hawks""]","[""82018678479609042191195971906000400434681602768431618117369872353586506822114"", ""15612787848701585426801967297702387132441514235700774806696663596166281398943""]",Knicks,2026-04-21,2026-05-05T00:00:00Z,2026-04-21,,
88,nuggets timberwolves,sports_fees_v2,Basketball,1.0,2018633,nba-min-den-2026-04-20-1h-moneyline,https://polymarket.com/event/nba-min-den-2026-04-20-1h-moneyline,KXNBA1HWINNER-26APR20MINDEN-DEN,https://kalshi.com/markets/KXNBA1HWINNER-26APR20MINDEN-DEN,https://polymarket.com/event/nba-min-den-2026-04-20-1h-moneyline,"[""Nuggets"", ""Timberwolves""]","[""109406570964829065195821980716435322794011619241039729260841462792886255158226"", ""78967027450811415863549743513235211665948696425845953603414128694202672339322""]",Nuggets,2026-04-21,2026-05-05T02:30:00Z,2026-04-21,,
89,timberwolves nuggets,sports_fees_v2,Basketball,1.0,2018633,nba-min-den-2026-04-20-1h-moneyline,https://polymarket.com/event/nba-min-den-2026-04-20-1h-moneyline,KXNBA1HWINNER-26APR20MINDEN-MIN,https://kalshi.com/markets/KXNBA1HWINNER-26APR20MINDEN-MIN,https://polymarket.com/event/nba-min-den-2026-04-20-1h-moneyline,"[""Timberwolves"", ""Nuggets""]","[""78967027450811415863549743513235211665948696425845953603414128694202672339322"", ""109406570964829065195821980716435322794011619241039729260841462792886255158226""]",Timberwolves,2026-04-21,2026-05-05T02:30:00Z,2026-04-21,,
90,valle izquierdo,sports_fees_v2,Tennis,1.0,2019036,atp-valle-izquier-2026-04-21,https://polymarket.com/event/atp-valle-izquier-2026-04-21,KXATPCHALLENGERMATCH-26APR21DALSAI-SAI,https://kalshi.com/markets/KXATPCHALLENGERMATCH-26APR21DALSAI-SAI,https://polymarket.com/event/atp-valle-izquier-2026-04-21,"[""Enrico Dalla Valle"", ""Nikolas Sanchez Izquierdo""]","[""65706371871370948648504594144178751156287345204482230918511279609445548912564"", ""113674149381154689535272999284933554926942809454044694362010883254465863310144""]",Enrico Dalla Valle,2026-04-28,2026-05-05T08:00:00Z,2026-04-28,,
91,bertola jianu,sports_fees_v2,Tennis,1.0,2019054,atp-bertola-jianu-2026-04-21,https://polymarket.com/event/atp-bertola-jianu-2026-04-21,KXATPCHALLENGERMATCH-26APR21BERJIA-JIA,https://kalshi.com/markets/KXATPCHALLENGERMATCH-26APR21BERJIA-JIA,https://polymarket.com/event/atp-bertola-jianu-2026-04-21,"[""Filip Jianu"", ""Remy Bertola""]","[""80176737385598424302402512508072999805500345852503177342175139914952244685719"", ""87249880258901388972669961991238844891803569840441854629256187605639645142876""]",Filip Jianu,2026-04-28,2026-05-05T08:00:00Z,2026-04-28,,
92,bertola jianu,sports_fees_v2,Tennis,1.0,2019054,atp-bertola-jianu-2026-04-21,https://polymarket.com/event/atp-bertola-jianu-2026-04-21,KXATPCHALLENGERMATCH-26APR21BERJIA-BER,https://kalshi.com/markets/KXATPCHALLENGERMATCH-26APR21BERJIA-BER,https://polymarket.com/event/atp-bertola-jianu-2026-04-21,"[""Remy Bertola"", ""Filip Jianu""]","[""87249880258901388972669961991238844891803569840441854629256187605639645142876"", ""80176737385598424302402512508072999805500345852503177342175139914952244685719""]",Remy Bertola,2026-04-28,2026-05-05T08:00:00Z,2026-04-28,,
93,giunta fenty,sports_fees_v2,Tennis,1.0,2019070,atp-giunta-fenty-2026-04-21,https://polymarket.com/event/atp-giunta-fenty-2026-04-21,KXATPCHALLENGERMATCH-26APR20GIUFEN-FEN,https://kalshi.com/markets/KXATPCHALLENGERMATCH-26APR20GIUFEN-FEN,https://polymarket.com/event/atp-giunta-fenty-2026-04-21,"[""Andrew Fenty"", ""Massimo Giunta""]","[""16125886247511243783488743572055712959847671573091799504292328182148942438476"", ""110362911174687483709231989172346450174673559901583023974393284427651622287818""]",Andrew Fenty,2026-04-28,2026-05-04T18:10:00Z,2026-04-28,,
94,giunta fenty,sports_fees_v2,Tennis,1.0,2019070,atp-giunta-fenty-2026-04-21,https://polymarket.com/event/atp-giunta-fenty-2026-04-21,KXATPCHALLENGERMATCH-26APR20GIUFEN-GIU,https://kalshi.com/markets/KXATPCHALLENGERMATCH-26APR20GIUFEN-GIU,https://polymarket.com/event/atp-giunta-fenty-2026-04-21,"[""Massimo Giunta"", ""Andrew Fenty""]","[""110362911174687483709231989172346450174673559901583023974393284427651622287818"", ""16125886247511243783488743572055712959847671573091799504292328182148942438476""]",Massimo Giunta,2026-04-28,2026-05-04T18:10:00Z,2026-04-28,,
95,chazal hurrion,sports_fees_v2,Tennis,1.0,2019087,atp-chazal-hurrion-2026-04-21,https://polymarket.com/event/atp-chazal-hurrion-2026-04-21,KXATPCHALLENGERMATCH-26APR20CHAHUR-HUR,https://kalshi.com/markets/KXATPCHALLENGERMATCH-26APR20CHAHUR-HUR,https://polymarket.com/event/atp-chazal-hurrion-2026-04-21,"[""Millen Hurrion"", ""Maxime Chazal""]","[""59369866406088027862090422984710289846527848150254904244584205660050614627077"", ""14685577990738119402033333970418211392737012827765783735841345699679198897605""]",Millen Hurrion,2026-04-28,2026-05-04T19:20:00Z,2026-04-28,,
96,dougaz jubb,sports_fees_v2,Tennis,1.0,2019098,atp-dougaz-jubb-2026-04-21,https://polymarket.com/event/atp-dougaz-jubb-2026-04-21,KXATPCHALLENGERMATCH-26APR20DOUJUB-DOU,https://kalshi.com/markets/KXATPCHALLENGERMATCH-26APR20DOUJUB-DOU,https://polymarket.com/event/atp-dougaz-jubb-2026-04-21,"[""Aziz Dougaz"", ""Paul Jubb""]","[""78126294657830465292705551484003911761609647124966498551768598664242427566240"", ""100244156588621719717625544879240232115218037062024940446452806918891585635672""]",Aziz Dougaz,2026-04-28,2026-05-04T18:10:00Z,2026-04-28,,
97,dougaz jubb,sports_fees_v2,Tennis,1.0,2019098,atp-dougaz-jubb-2026-04-21,https://polymarket.com/event/atp-dougaz-jubb-2026-04-21,KXATPCHALLENGERMATCH-26APR20DOUJUB-JUB,https://kalshi.com/markets/KXATPCHALLENGERMATCH-26APR20DOUJUB-JUB,https://polymarket.com/event/atp-dougaz-jubb-2026-04-21,"[""Paul Jubb"", ""Aziz Dougaz""]","[""100244156588621719717625544879240232115218037062024940446452806918891585635672"", ""78126294657830465292705551484003911761609647124966498551768598664242427566240""]",Paul Jubb,2026-04-28,2026-05-04T18:10:00Z,2026-04-28,,
98,lakers rockets,sports_fees_v2,Basketball,1.0,2020354,nba-hou-lal-2026-04-21-1h-moneyline,https://polymarket.com/event/nba-hou-lal-2026-04-21-1h-moneyline,KXNBA1HWINNER-26APR21HOULAL-LAL,https://kalshi.com/markets/KXNBA1HWINNER-26APR21HOULAL-LAL,https://polymarket.com/event/nba-hou-lal-2026-04-21-1h-moneyline,"[""Lakers"", ""Rockets""]","[""96690013486257527330170930367165116439073772619930581959701434052752412627450"", ""46859283568187227567252143303387749799267067977857103358816271155208647004897""]",Lakers,2026-04-22,2026-05-06T02:30:00Z,2026-04-22,,
99,rockets lakers,sports_fees_v2,Basketball,1.0,2020354,nba-hou-lal-2026-04-21-1h-moneyline,https://polymarket.com/event/nba-hou-lal-2026-04-21-1h-moneyline,KXNBA1HWINNER-26APR21HOULAL-HOU,https://kalshi.com/markets/KXNBA1HWINNER-26APR21HOULAL-HOU,https://polymarket.com/event/nba-hou-lal-2026-04-21-1h-moneyline,"[""Rockets"", ""Lakers""]","[""46859283568187227567252143303387749799267067977857103358816271155208647004897"", ""96690013486257527330170930367165116439073772619930581959701434052752412627450""]",Rockets,2026-04-22,2026-05-06T02:30:00Z,2026-04-22,,
100,draxl dias,sports_fees_v2,Tennis,1.0,2021853,atp-draxl-dias-2026-04-20,https://polymarket.com/event/atp-draxl-dias-2026-04-20,KXATPCHALLENGERMATCH-26APR20DRABOS-DRA,https://kalshi.com/markets/KXATPCHALLENGERMATCH-26APR20DRABOS-DRA,https://polymarket.com/event/atp-draxl-dias-2026-04-20,"[""Liam Draxl"", ""Pedro Boscardin Dias""]","[""39470119240096132839182743672336486636389424334236746570092239485805195618861"", ""6972599130177415658185332247555839695624959898515881405829536425050385192527""]",Liam Draxl,2026-04-27,2026-05-04T18:10:00Z,2026-04-27,,
101,nishikori smith,sports_fees_v2,Tennis,1.0,2021860,atp-nishiko-smith-2026-04-20,https://polymarket.com/event/atp-nishiko-smith-2026-04-20,KXATPCHALLENGERMATCH-26APR20NISSMI-SMI,https://kalshi.com/markets/KXATPCHALLENGERMATCH-26APR20NISSMI-SMI,https://polymarket.com/event/atp-nishiko-smith-2026-04-20,"[""Colton Smith"", ""Kei Nishikori""]","[""59799379480586950210221994894780583819332729113598940648339835778243103303307"", ""48174699635869162778535802062392172201868462912708229203464512757219219770492""]",Colton Smith,2026-04-27,2026-05-04T21:30:00Z,2026-04-27,,
102,nishikori smith,sports_fees_v2,Tennis,1.0,2021860,atp-nishiko-smith-2026-04-20,https://polymarket.com/event/atp-nishiko-smith-2026-04-20,KXATPCHALLENGERMATCH-26APR20NISSMI-NIS,https://kalshi.com/markets/KXATPCHALLENGERMATCH-26APR20NISSMI-NIS,https://polymarket.com/event/atp-nishiko-smith-2026-04-20,"[""Kei Nishikori"", ""Colton Smith""]","[""48174699635869162778535802062392172201868462912708229203464512757219219770492"", ""59799379480586950210221994894780583819332729113598940648339835778243103303307""]",Kei Nishikori,2026-04-27,2026-05-04T21:30:00Z,2026-04-27,,
103,barton galan,sports_fees_v2,Tennis,1.0,2021863,atp-barton-galan-2026-04-20,https://polymarket.com/event/atp-barton-galan-2026-04-20,KXATPCHALLENGERMATCH-26APR20BARGAL-GAL,https://kalshi.com/markets/KXATPCHALLENGERMATCH-26APR20BARGAL-GAL,https://polymarket.com/event/atp-barton-galan-2026-04-20,"[""Daniel Galan"", ""Hynek Barton""]","[""3729009912855040329555839074763150046901296688096920892345806731374085703894"", ""77674168464616873759459592774469015576167048930945003417915378425947145070039""]",Daniel Galan,2026-04-27,2026-05-04T17:00:00Z,2026-04-27,,
104,stearns boisson,sports_fees_v2,Tennis,1.0,2026531,wta-stearns-boisson-2026-04-21,https://polymarket.com/event/wta-stearns-boisson-2026-04-21,KXWTAMATCH-26APR21STEBOI-BOI,https://kalshi.com/markets/KXWTAMATCH-26APR21STEBOI-BOI,https://polymarket.com/event/wta-stearns-boisson-2026-04-21,"[""Lois Boisson"", ""Peyton Stearns""]","[""98139341224603598022021197242050750375623882718314353625065447158389451550458"", ""11692310053923069798651854627955291354611434076889968465771681559354900240896""]",Lois Boisson,2026-04-28,2026-05-05T08:00:00Z,2026-04-28,,
105,zakharova osorio,sports_fees_v2,Tennis,1.0,2026532,wta-zakharo-osorio-2026-04-21,https://polymarket.com/event/wta-zakharo-osorio-2026-04-21,KXWTAMATCH-26APR21ZAKOSO-ZAK,https://kalshi.com/markets/KXWTAMATCH-26APR21ZAKOSO-ZAK,https://polymarket.com/event/wta-zakharo-osorio-2026-04-21,"[""Anastasia Zakharova"", ""Camila Osorio""]","[""41055175800301471823569273384793676736049814493509167731760953685532887066770"", ""53442413791892143496890486188421117297162780625890888599646366394528134344397""]",Anastasia Zakharova,2026-04-28,2026-05-05T08:00:00Z,2026-04-28,,
106,zakharova osorio,sports_fees_v2,Tennis,1.0,2026532,wta-zakharo-osorio-2026-04-21,https://polymarket.com/event/wta-zakharo-osorio-2026-04-21,KXWTAMATCH-26APR21ZAKOSO-OSO,https://kalshi.com/markets/KXWTAMATCH-26APR21ZAKOSO-OSO,https://polymarket.com/event/wta-zakharo-osorio-2026-04-21,"[""Camila Osorio"", ""Anastasia Zakharova""]","[""53442413791892143496890486188421117297162780625890888599646366394528134344397"", ""41055175800301471823569273384793676736049814493509167731760953685532887066770""]",Camila Osorio,2026-04-28,2026-05-05T08:00:00Z,2026-04-28,,
107,marcinko kasintseva,sports_fees_v2,Tennis,1.0,2026534,wta-marcink-kasints-2026-04-21,https://polymarket.com/event/wta-marcink-kasints-2026-04-21,KXWTAMATCH-26APR21MARJIM-JIM,https://kalshi.com/markets/KXWTAMATCH-26APR21MARJIM-JIM,https://polymarket.com/event/wta-marcink-kasints-2026-04-21,"[""Petra Marcinko"", ""Victoria Jimenez Kasintseva""]","[""66769737072692132258196242205688347829685416168764403753258630819008402422501"", ""36175606245212111652872579740067724654900472542644529901586726488956124946632""]",Petra Marcinko,2026-04-28,2026-05-05T08:00:00Z,2026-04-28,,
108,quevedo williams,sports_fees_v2,Tennis,1.0,2026536,wta-quevedo-william-2026-04-21,https://polymarket.com/event/wta-quevedo-william-2026-04-21,KXWTAMATCH-26APR21QUEWIL-QUE,https://kalshi.com/markets/KXWTAMATCH-26APR21QUEWIL-QUE,https://polymarket.com/event/wta-quevedo-william-2026-04-21,"[""Kaitlin Quevedo"", ""Venus Williams""]","[""13288432242727479634666844208011028495630727365864365420769884733354854053946"", ""37872776026039787325621902518872375136926915596192347341986294256209504042631""]",Kaitlin Quevedo,2026-04-28,2026-05-05T08:00:00Z,2026-04-28,,
109,quevedo williams,sports_fees_v2,Tennis,1.0,2026536,wta-quevedo-william-2026-04-21,https://polymarket.com/event/wta-quevedo-william-2026-04-21,KXWTAMATCH-26APR21QUEWIL-WIL,https://kalshi.com/markets/KXWTAMATCH-26APR21QUEWIL-WIL,https://polymarket.com/event/wta-quevedo-william-2026-04-21,"[""Venus Williams"", ""Kaitlin Quevedo""]","[""37872776026039787325621902518872375136926915596192347341986294256209504042631"", ""13288432242727479634666844208011028495630727365864365420769884733354854053946""]",Venus Williams,2026-04-28,2026-05-05T08:00:00Z,2026-04-28,,
110,siegemund begu,sports_fees_v2,Tennis,1.0,2026537,wta-siegemu-begu-2026-04-21,https://polymarket.com/event/wta-siegemu-begu-2026-04-21,KXWTAMATCH-26APR21SIEBEG-BEG,https://kalshi.com/markets/KXWTAMATCH-26APR21SIEBEG-BEG,https://polymarket.com/event/wta-siegemu-begu-2026-04-21,"[""Irina-Camelia Begu"", ""Laura Siegemund""]","[""79309658894525678436671146104226669855138391026013951939760294718952321830453"", ""114144881774611448783862432903155390531292744865501584395854440417322293993090""]",Irina-Camelia Begu,2026-04-28,2026-05-05T08:00:00Z,2026-04-28,,
111,siegemund begu,sports_fees_v2,Tennis,1.0,2026537,wta-siegemu-begu-2026-04-21,https://polymarket.com/event/wta-siegemu-begu-2026-04-21,KXWTAMATCH-26APR21SIEBEG-SIE,https://kalshi.com/markets/KXWTAMATCH-26APR21SIEBEG-SIE,https://polymarket.com/event/wta-siegemu-begu-2026-04-21,"[""Laura Siegemund"", ""Irina-Camelia Begu""]","[""114144881774611448783862432903155390531292744865501584395854440417322293993090"", ""79309658894525678436671146104226669855138391026013951939760294718952321830453""]",Laura Siegemund,2026-04-28,2026-05-05T08:00:00Z,2026-04-28,,
112,badosa grabher,sports_fees_v2,Tennis,1.0,2026538,wta-badosa-grabher-2026-04-21,https://polymarket.com/event/wta-badosa-grabher-2026-04-21,KXWTAMATCH-26APR21BADGRA-GRA,https://kalshi.com/markets/KXWTAMATCH-26APR21BADGRA-GRA,https://polymarket.com/event/wta-badosa-grabher-2026-04-21,"[""Julia Grabher"", ""Paula Badosa""]","[""71179982728889037109874916123280820526124794410018682270563981164756232672322"", ""30464279321006492911152370648253985307654849854164036386301394071910599180139""]",Julia Grabher,2026-04-28,2026-05-05T08:00:00Z,2026-04-28,,
113,badosa grabher,sports_fees_v2,Tennis,1.0,2026538,wta-badosa-grabher-2026-04-21,https://polymarket.com/event/wta-badosa-grabher-2026-04-21,KXWTAMATCH-26APR21BADGRA-BAD,https://kalshi.com/markets/KXWTAMATCH-26APR21BADGRA-BAD,https://polymarket.com/event/wta-badosa-grabher-2026-04-21,"[""Paula Badosa"", ""Julia Grabher""]","[""30464279321006492911152370648253985307654849854164036386301394071910599180139"", ""71179982728889037109874916123280820526124794410018682270563981164756232672322""]",Paula Badosa,2026-04-28,2026-05-05T08:00:00Z,2026-04-28,,
114,montgomery linette,sports_fees_v2,Tennis,1.0,2026539,wta-montgom-linette-2026-04-21,https://polymarket.com/event/wta-montgom-linette-2026-04-21,KXWTAMATCH-26APR21MONLIN-LIN,https://kalshi.com/markets/KXWTAMATCH-26APR21MONLIN-LIN,https://polymarket.com/event/wta-montgom-linette-2026-04-21,"[""Magda Linette"", ""Robin Montgomery""]","[""29393524045907222450812646805730854531979532414154861117863480537120613110101"", ""77396139389978227534289408889324361690058974109219158335150332354802474230592""]",Magda Linette,2026-04-28,2026-05-05T08:00:00Z,2026-04-28,,
115,maria samson,sports_fees_v2,Tennis,1.0,2026540,wta-maria-samson-2026-04-21,https://polymarket.com/event/wta-maria-samson-2026-04-21,KXWTAMATCH-26APR21MARSAM-SAM,https://kalshi.com/markets/KXWTAMATCH-26APR21MARSAM-SAM,https://polymarket.com/event/wta-maria-samson-2026-04-21,"[""Laura Samson"", ""Tatjana Maria""]","[""101920258681559830882489424812739845289112836224242932958479616171341667289630"", ""98165564204004560619855451845582642217787602047044552307805901715454341317732""]",Laura Samson,2026-04-28,2026-05-05T08:00:00Z,2026-04-28,,
116,maria samson,sports_fees_v2,Tennis,1.0,2026540,wta-maria-samson-2026-04-21,https://polymarket.com/event/wta-maria-samson-2026-04-21,KXWTAMATCH-26APR21MARSAM-MAR,https://kalshi.com/markets/KXWTAMATCH-26APR21MARSAM-MAR,https://polymarket.com/event/wta-maria-samson-2026-04-21,"[""Tatjana Maria"", ""Laura Samson""]","[""98165564204004560619855451845582642217787602047044552307805901715454341317732"", ""101920258681559830882489424812739845289112836224242932958479616171341667289630""]",Tatjana Maria,2026-04-28,2026-05-05T08:00:00Z,2026-04-28,,
117,bondar golubic,sports_fees_v2,Tennis,1.0,2026541,wta-bondar-golubic-2026-04-21,https://polymarket.com/event/wta-bondar-golubic-2026-04-21,KXWTAMATCH-26APR21BONGOL-BON,https://kalshi.com/markets/KXWTAMATCH-26APR21BONGOL-BON,https://polymarket.com/event/wta-bondar-golubic-2026-04-21,"[""Anna Bondar"", ""Viktorija Golubic""]","[""64546913133065619766044227027275810673941657622211595673158337333318828548396"", ""61246209633801738632233792667642861951091171572980866104729882234585942690743""]",Anna Bondar,2026-04-28,2026-05-05T08:00:00Z,2026-04-28,,
118,bondar golubic,sports_fees_v2,Tennis,1.0,2026541,wta-bondar-golubic-2026-04-21,https://polymarket.com/event/wta-bondar-golubic-2026-04-21,KXWTAMATCH-26APR21BONGOL-GOL,https://kalshi.com/markets/KXWTAMATCH-26APR21BONGOL-GOL,https://polymarket.com/event/wta-bondar-golubic-2026-04-21,"[""Viktorija Golubic"", ""Anna Bondar""]","[""61246209633801738632233792667642861951091171572980866104729882234585942690743"", ""64546913133065619766044227027275810673941657622211595673158337333318828548396""]",Viktorija Golubic,2026-04-28,2026-05-05T08:00:00Z,2026-04-28,,
119,townsend boulter,sports_fees_v2,Tennis,1.0,2026542,wta-townsen-boulter-2026-04-21,https://polymarket.com/event/wta-townsen-boulter-2026-04-21,KXWTAMATCH-26APR21TOWBOU-BOU,https://kalshi.com/markets/KXWTAMATCH-26APR21TOWBOU-BOU,https://polymarket.com/event/wta-townsen-boulter-2026-04-21,"[""Katie Boulter"", ""Taylor Townsend""]","[""88786903076212555103025067637668839067810679937833626862001960741168231224328"", ""14319894101634215889715836221998435408658058647444283668137783347382652272992""]",Katie Boulter,2026-04-28,2026-05-05T08:00:00Z,2026-04-28,,
120,townsend boulter,sports_fees_v2,Tennis,1.0,2026542,wta-townsen-boulter-2026-04-21,https://polymarket.com/event/wta-townsen-boulter-2026-04-21,KXWTAMATCH-26APR21TOWBOU-TOW,https://kalshi.com/markets/KXWTAMATCH-26APR21TOWBOU-TOW,https://polymarket.com/event/wta-townsen-boulter-2026-04-21,"[""Taylor Townsend"", ""Katie Boulter""]","[""14319894101634215889715836221998435408658058647444283668137783347382652272992"", ""88786903076212555103025067637668839067810679937833626862001960741168231224328""]",Taylor Townsend,2026-04-28,2026-05-05T08:00:00Z,2026-04-28,,
121,putintseva valentova,sports_fees_v2,Tennis,1.0,2026543,wta-putints-valento-2026-04-21,https://polymarket.com/event/wta-putints-valento-2026-04-21,KXWTAMATCH-26APR21PUTVAL-PUT,https://kalshi.com/markets/KXWTAMATCH-26APR21PUTVAL-PUT,https://polymarket.com/event/wta-putints-valento-2026-04-21,"[""Yulia Putintseva"", ""Tereza Valentova""]","[""47495044778815916636754292415871945960869417155756071585072205926144016388194"", ""1087399384944453094623202675135849911985229999732838665281093574150978426913""]",Yulia Putintseva,2026-04-28,2026-05-05T08:00:00Z,2026-04-28,,
122,frech siniakova,sports_fees_v2,Tennis,1.0,2026544,wta-frech-siniako-2026-04-21,https://polymarket.com/event/wta-frech-siniako-2026-04-21,KXWTAMATCH-26APR21FRESIN-SIN,https://kalshi.com/markets/KXWTAMATCH-26APR21FRESIN-SIN,https://polymarket.com/event/wta-frech-siniako-2026-04-21,"[""Katerina Siniakova"", ""Magdalena Frech""]","[""37237036339758634617133224548999579697252070972485679301465795942241391785563"", ""19371613234999963124369947169218354799786707757506537064151311552340017619157""]",Katerina Siniakova,2026-04-28,2026-05-05T08:00:00Z,2026-04-28,,
123,frech siniakova,sports_fees_v2,Tennis,1.0,2026544,wta-frech-siniako-2026-04-21,https://polymarket.com/event/wta-frech-siniako-2026-04-21,KXWTAMATCH-26APR21FRESIN-FRE,https://kalshi.com/markets/KXWTAMATCH-26APR21FRESIN-FRE,https://polymarket.com/event/wta-frech-siniako-2026-04-21,"[""Magdalena Frech"", ""Katerina Siniakova""]","[""19371613234999963124369947169218354799786707757506537064151311552340017619157"", ""37237036339758634617133224548999579697252070972485679301465795942241391785563""]",Magdalena Frech,2026-04-28,2026-05-05T08:00:00Z,2026-04-28,,
124,gibson arango,sports_fees_v2,Tennis,1.0,2026545,wta-gibson-arango-2026-04-21,https://polymarket.com/event/wta-gibson-arango-2026-04-21,KXWTAMATCH-26APR21GIBARA-ARA,https://kalshi.com/markets/KXWTAMATCH-26APR21GIBARA-ARA,https://polymarket.com/event/wta-gibson-arango-2026-04-21,"[""Emiliana Arango"", ""Talia Gibson""]","[""83226027601177879260502177212840382292686030735340316960383929944213346738790"", ""22002341669434662579946273885962360829606916115084590569847106565973827682320""]",Emiliana Arango,2026-04-28,2026-05-05T08:00:00Z,2026-04-28,,
125,gibson arango,sports_fees_v2,Tennis,1.0,2026545,wta-gibson-arango-2026-04-21,https://polymarket.com/event/wta-gibson-arango-2026-04-21,KXWTAMATCH-26APR21GIBARA-GIB,https://kalshi.com/markets/KXWTAMATCH-26APR21GIBARA-GIB,https://polymarket.com/event/wta-gibson-arango-2026-04-21,"[""Talia Gibson"", ""Emiliana Arango""]","[""22002341669434662579946273885962360829606916115084590569847106565973827682320"", ""83226027601177879260502177212840382292686030735340316960383929944213346738790""]",Talia Gibson,2026-04-28,2026-05-05T08:00:00Z,2026-04-28,,
126,yastremska sierra,sports_fees_v2,Tennis,1.0,2026547,wta-yastrem-sierra-2026-04-21,https://polymarket.com/event/wta-yastrem-sierra-2026-04-21,KXWTAMATCH-26APR21YASSIE-YAS,https://kalshi.com/markets/KXWTAMATCH-26APR21YASSIE-YAS,https://polymarket.com/event/wta-yastrem-sierra-2026-04-21,"[""Dayana Yastremska"", ""Solana Sierra""]","[""42870377414698148197458031049199723711264481399721598261135003688799863688483"", ""107588603559080946832440949619252276440615973856657561459092289342603988012756""]",Dayana Yastremska,2026-04-28,2026-05-05T08:00:00Z,2026-04-28,,
127,yastremska sierra,sports_fees_v2,Tennis,1.0,2026547,wta-yastrem-sierra-2026-04-21,https://polymarket.com/event/wta-yastrem-sierra-2026-04-21,KXWTAMATCH-26APR21YASSIE-SIE,https://kalshi.com/markets/KXWTAMATCH-26APR21YASSIE-SIE,https://polymarket.com/event/wta-yastrem-sierra-2026-04-21,"[""Solana Sierra"", ""Dayana Yastremska""]","[""107588603559080946832440949619252276440615973856657561459092289342603988012756"", ""42870377414698148197458031049199723711264481399721598261135003688799863688483""]",Solana Sierra,2026-04-28,2026-05-05T08:00:00Z,2026-04-28,,
128,sonmez cirez,sports_fees_v2,Tennis,1.0,2026548,wta-sonmez-cirez-2026-04-21,https://polymarket.com/event/wta-sonmez-cirez-2026-04-21,KXWTAMATCH-26APR21SONMAR-MAR,https://kalshi.com/markets/KXWTAMATCH-26APR21SONMAR-MAR,https://polymarket.com/event/wta-sonmez-cirez-2026-04-21,"[""Zeynep Sonmez"", ""Carlota Martinez Cirez""]","[""40517019541328731989785432773020461254288177358818444983292078331940942325879"", ""93557967919251518982687967851950659203600232769245319265187885513073921167873""]",Zeynep Sonmez,2026-04-28,2026-05-05T08:00:00Z,2026-04-28,,
129,zhang lys,sports_fees_v2,Tennis,1.0,2026549,wta-zhang-lys-2026-04-21,https://polymarket.com/event/wta-zhang-lys-2026-04-21,KXWTAMATCH-26APR21ZHALYS-LYS,https://kalshi.com/markets/KXWTAMATCH-26APR21ZHALYS-LYS,https://polymarket.com/event/wta-zhang-lys-2026-04-21,"[""Eva Lys"", ""Shuai Zhang""]","[""100805566664149223884334410547753768728534253123971291661013400957975714984046"", ""12491867704614230213009938823898804830953369921863436166985721984680415528431""]",Eva Lys,2026-04-28,2026-05-05T08:00:00Z,2026-04-28,,
130,zhang lys,sports_fees_v2,Tennis,1.0,2026549,wta-zhang-lys-2026-04-21,https://polymarket.com/event/wta-zhang-lys-2026-04-21,KXWTAMATCH-26APR21ZHALYS-ZHA,https://kalshi.com/markets/KXWTAMATCH-26APR21ZHALYS-ZHA,https://polymarket.com/event/wta-zhang-lys-2026-04-21,"[""Shuai Zhang"", ""Eva Lys""]","[""12491867704614230213009938823898804830953369921863436166985721984680415528431"", ""100805566664149223884334410547753768728534253123971291661013400957975714984046""]",Shuai Zhang,2026-04-28,2026-05-05T08:00:00Z,2026-04-28,,
131,krueger kenin,sports_fees_v2,Tennis,1.0,2026550,wta-krueger-kenin-2026-04-21,https://polymarket.com/event/wta-krueger-kenin-2026-04-21,KXWTAMATCH-26APR21KRUKEN-KRU,https://kalshi.com/markets/KXWTAMATCH-26APR21KRUKEN-KRU,https://polymarket.com/event/wta-krueger-kenin-2026-04-21,"[""Ashlyn Krueger"", ""Sofia Kenin""]","[""66339140840705047680701311008004400692139882846343569348338114826074674538992"", ""17974712288578397085757110338918259515221492982708692509121912951135201730866""]",Ashlyn Krueger,2026-04-28,2026-05-05T08:00:00Z,2026-04-28,,
132,krueger kenin,sports_fees_v2,Tennis,1.0,2026550,wta-krueger-kenin-2026-04-21,https://polymarket.com/event/wta-krueger-kenin-2026-04-21,KXWTAMATCH-26APR21KRUKEN-KEN,https://kalshi.com/markets/KXWTAMATCH-26APR21KRUKEN-KEN,https://polymarket.com/event/wta-krueger-kenin-2026-04-21,"[""Sofia Kenin"", ""Ashlyn Krueger""]","[""17974712288578397085757110338918259515221492982708692509121912951135201730866"", ""66339140840705047680701311008004400692139882846343569348338114826074674538992""]",Sofia Kenin,2026-04-28,2026-05-05T08:00:00Z,2026-04-28,,
133,ruse ruzic,sports_fees_v2,Tennis,1.0,2026551,wta-ruse-ruzic-2026-04-21,https://polymarket.com/event/wta-ruse-ruzic-2026-04-21,KXWTAMATCH-26APR21RUSRUZ-RUZ,https://kalshi.com/markets/KXWTAMATCH-26APR21RUSRUZ-RUZ,https://polymarket.com/event/wta-ruse-ruzic-2026-04-21,"[""Antonia Ruzic"", ""Gabriela Ruse""]","[""35207564038600543569405951698733977083955375171050393065706743658320698117741"", ""3401562678667626797415956744257463099101186576858517549234800620776601866841""]",Antonia Ruzic,2026-04-28,2026-05-05T08:00:00Z,2026-04-28,,
134,ruse ruzic,sports_fees_v2,Tennis,1.0,2026551,wta-ruse-ruzic-2026-04-21,https://polymarket.com/event/wta-ruse-ruzic-2026-04-21,KXWTAMATCH-26APR21RUSRUZ-RUS,https://kalshi.com/markets/KXWTAMATCH-26APR21RUSRUZ-RUS,https://polymarket.com/event/wta-ruse-ruzic-2026-04-21,"[""Gabriela Ruse"", ""Antonia Ruzic""]","[""3401562678667626797415956744257463099101186576858517549234800620776601866841"", ""35207564038600543569405951698733977083955375171050393065706743658320698117741""]",Gabriela Ruse,2026-04-28,2026-05-05T08:00:00Z,2026-04-28,,
135,spurs trail blazers,sports_fees_v2,Basketball,1.0,2030087,nba-por-sas-2026-04-21-1h-moneyline,https://polymarket.com/event/nba-por-sas-2026-04-21-1h-moneyline,KXNBA1HWINNER-26APR21PORSAS-SAS,https://kalshi.com/markets/KXNBA1HWINNER-26APR21PORSAS-SAS,https://polymarket.com/event/nba-por-sas-2026-04-21-1h-moneyline,"[""Spurs"", ""Trail Blazers""]","[""12328145728186494377628689525133889145158277996086118038964342651433531788135"", ""109052203354291020779270320620248251267781765654725288811414312162326710422532""]",Spurs,2026-04-22,2026-05-06T00:00:00Z,2026-04-22,,
136,trail blazers spurs,sports_fees_v2,Basketball,1.0,2030087,nba-por-sas-2026-04-21-1h-moneyline,https://polymarket.com/event/nba-por-sas-2026-04-21-1h-moneyline,KXNBA1HWINNER-26APR21PORSAS-POR,https://kalshi.com/markets/KXNBA1HWINNER-26APR21PORSAS-POR,https://polymarket.com/event/nba-por-sas-2026-04-21-1h-moneyline,"[""Trail Blazers"", ""Spurs""]","[""109052203354291020779270320620248251267781765654725288811414312162326710422532"", ""12328145728186494377628689525133889145158277996086118038964342651433531788135""]",Trail Blazers,2026-04-22,2026-05-06T00:00:00Z,2026-04-22,,
137,waltert salkova,sports_fees_v2,Tennis,1.0,2031917,wta-waltert-salkova-2026-04-21,https://polymarket.com/event/wta-waltert-salkova-2026-04-21,KXWTAMATCH-26APR21WALSAL-SAL,https://kalshi.com/markets/KXWTAMATCH-26APR21WALSAL-SAL,https://polymarket.com/event/wta-waltert-salkova-2026-04-21,"[""Dominika Salkova"", ""Simona Waltert""]","[""81684058919341081883356747861960996619130443517391591741385541814816603324167"", ""108690826850175556597876196928402330286121316665356696802254591220617980405216""]",Dominika Salkova,2026-04-28,2026-05-05T08:00:00Z,2026-04-28,,
138,sakamoto gaubas,sports_fees_v2,Tennis,1.0,2031918,atp-sakamot-gaubas-2026-04-21,https://polymarket.com/event/atp-sakamot-gaubas-2026-04-21,KXATPMATCH-26APR21SAKGAU-SAK,https://kalshi.com/markets/KXATPMATCH-26APR21SAKGAU-SAK,https://polymarket.com/event/atp-sakamot-gaubas-2026-04-21,"[""Rei Sakamoto"", ""Vilius Gaubas""]","[""41713593800640415970066575043634384314673941159192346822079276734987507630141"", ""106881604871430104606343431015339962456010868577886146657257541934341600372333""]",Rei Sakamoto,2026-04-28,2026-05-05T08:00:00Z,2026-04-28,,
139,sakamoto gaubas,sports_fees_v2,Tennis,1.0,2031918,atp-sakamot-gaubas-2026-04-21,https://polymarket.com/event/atp-sakamot-gaubas-2026-04-21,KXATPMATCH-26APR21SAKGAU-GAU,https://kalshi.com/markets/KXATPMATCH-26APR21SAKGAU-GAU,https://polymarket.com/event/atp-sakamot-gaubas-2026-04-21,"[""Vilius Gaubas"", ""Rei Sakamoto""]","[""106881604871430104606343431015339962456010868577886146657257541934341600372333"", ""41713593800640415970066575043634384314673941159192346822079276734987507630141""]",Vilius Gaubas,2026-04-28,2026-05-05T08:00:00Z,2026-04-28,,
140,islanders hershey bears,sports_fees_v2,Ice Hockey,1.0,2034197,ahl-her-bri-2026-04-21,https://polymarket.com/event/ahl-her-bri-2026-04-21,KXAHLGAME-26APR211900HERBRI-BRI,https://kalshi.com/markets/KXAHLGAME-26APR211900HERBRI-BRI,https://polymarket.com/event/ahl-her-bri-2026-04-21,"[""Bridgeport Islanders"", ""Hershey Bears""]","[""22444042921220409234672584442575587651068592027199512075840271937548467069426"", ""78977433473697768085034136837909780316954935931020405306039593482691432595883""]",Bridgeport Islanders,2026-04-21,2026-05-05T23:00:00Z,2026-04-21,,
141,hershey bears islanders,sports_fees_v2,Ice Hockey,1.0,2034197,ahl-her-bri-2026-04-21,https://polymarket.com/event/ahl-her-bri-2026-04-21,KXAHLGAME-26APR211900HERBRI-HER,https://kalshi.com/markets/KXAHLGAME-26APR211900HERBRI-HER,https://polymarket.com/event/ahl-her-bri-2026-04-21,"[""Hershey Bears"", ""Bridgeport Islanders""]","[""78977433473697768085034136837909780316954935931020405306039593482691432595883"", ""22444042921220409234672584442575587651068592027199512075840271937548467069426""]",Hershey Bears,2026-04-21,2026-05-05T23:00:00Z,2026-04-21,,
142,shimizu uchiyama,sports_fees_v2,Tennis,1.0,2034476,atp-shimizu-uchiyam-2026-04-20,https://polymarket.com/event/atp-shimizu-uchiyam-2026-04-20,KXATPCHALLENGERMATCH-26APR20SHIUCH-UCH,https://kalshi.com/markets/KXATPCHALLENGERMATCH-26APR20SHIUCH-UCH,https://polymarket.com/event/atp-shimizu-uchiyam-2026-04-20,"[""Yasutaka Uchiyama"", ""Yuta Shimizu""]","[""76050413039409784531540416388082655015146683494137943173985691140405411921839"", ""45980160793934573322860923023246067460204398886195959457538329069641945833147""]",Yasutaka Uchiyama,2026-04-28,2026-05-05T02:00:00Z,2026-04-28,,
143,shimizu uchiyama,sports_fees_v2,Tennis,1.0,2034476,atp-shimizu-uchiyam-2026-04-20,https://polymarket.com/event/atp-shimizu-uchiyam-2026-04-20,KXATPCHALLENGERMATCH-26APR20SHIUCH-SHI,https://kalshi.com/markets/KXATPCHALLENGERMATCH-26APR20SHIUCH-SHI,https://polymarket.com/event/atp-shimizu-uchiyam-2026-04-20,"[""Yuta Shimizu"", ""Yasutaka Uchiyama""]","[""45980160793934573322860923023246067460204398886195959457538329069641945833147"", ""76050413039409784531540416388082655015146683494137943173985691140405411921839""]",Yuta Shimizu,2026-04-28,2026-05-05T02:00:00Z,2026-04-28,,
144,jeanjean masarova,sports_fees_v2,Tennis,1.0,2034478,wta-jeanjea-masarov-2026-04-21,https://polymarket.com/event/wta-jeanjea-masarov-2026-04-21,KXWTAMATCH-26APR21JEAMAS-JEA,https://kalshi.com/markets/KXWTAMATCH-26APR21JEAMAS-JEA,https://polymarket.com/event/wta-jeanjea-masarov-2026-04-21,"[""Leolia Jeanjean"", ""Rebeka Masarova""]","[""30251551451133436153195608682669990271295270735631988704353056111195856187575"", ""112771139419993414365314487894737441836368055817531396410561651866567433759376""]",Leolia Jeanjean,2026-04-28,2026-05-05T08:00:00Z,2026-04-28,,
145,jeanjean masarova,sports_fees_v2,Tennis,1.0,2034478,wta-jeanjea-masarov-2026-04-21,https://polymarket.com/event/wta-jeanjea-masarov-2026-04-21,KXWTAMATCH-26APR21JEAMAS-MAS,https://kalshi.com/markets/KXWTAMATCH-26APR21JEAMAS-MAS,https://polymarket.com/event/wta-jeanjea-masarov-2026-04-21,"[""Rebeka Masarova"", ""Leolia Jeanjean""]","[""112771139419993414365314487894737441836368055817531396410561651866567433759376"", ""30251551451133436153195608682669990271295270735631988704353056111195856187575""]",Rebeka Masarova,2026-04-28,2026-05-05T08:00:00Z,2026-04-28,,
146,blinkova kalieva,sports_fees_v2,Tennis,1.0,2034483,wta-blinkov-kalieva-2026-04-21,https://polymarket.com/event/wta-blinkov-kalieva-2026-04-21,KXWTAMATCH-26APR21BLIKAL-BLI,https://kalshi.com/markets/KXWTAMATCH-26APR21BLIKAL-BLI,https://polymarket.com/event/wta-blinkov-kalieva-2026-04-21,"[""Anna Blinkova"", ""Elvina Kalieva""]","[""7512061693463091103838103408684364498205456773740039113468133276717915438164"", ""8923195653378575596374339564359580977568829821447368172035477452473428000599""]",Anna Blinkova,2026-04-28,2026-05-05T08:00:00Z,2026-04-28,,
147,blinkova kalieva,sports_fees_v2,Tennis,1.0,2034483,wta-blinkov-kalieva-2026-04-21,https://polymarket.com/event/wta-blinkov-kalieva-2026-04-21,KXWTAMATCH-26APR21BLIKAL-KAL,https://kalshi.com/markets/KXWTAMATCH-26APR21BLIKAL-KAL,https://polymarket.com/event/wta-blinkov-kalieva-2026-04-21,"[""Elvina Kalieva"", ""Anna Blinkova""]","[""8923195653378575596374339564359580977568829821447368172035477452473428000599"", ""7512061693463091103838103408684364498205456773740039113468133276717915438164""]",Elvina Kalieva,2026-04-28,2026-05-05T08:00:00Z,2026-04-28,,
148,sharipov riedi,sports_fees_v2,Tennis,1.0,2034484,atp-sharipo-riedi-2026-04-21,https://polymarket.com/event/atp-sharipo-riedi-2026-04-21,KXATPCHALLENGERMATCH-26APR21SHARIE-RIE,https://kalshi.com/markets/KXATPCHALLENGERMATCH-26APR21SHARIE-RIE,https://polymarket.com/event/atp-sharipo-riedi-2026-04-21,"[""Leandro Riedi"", ""Marat Sharipov""]","[""2983690551685048972764370280094141918860138096412812565299698429891097847734"", ""8394810520671809429951849126458424038322813816367357823326868999933718517744""]",Leandro Riedi,2026-04-28,2026-05-05T05:00:00Z,2026-04-28,,
149,sharipov riedi,sports_fees_v2,Tennis,1.0,2034484,atp-sharipo-riedi-2026-04-21,https://polymarket.com/event/atp-sharipo-riedi-2026-04-21,KXATPCHALLENGERMATCH-26APR21SHARIE-SHA,https://kalshi.com/markets/KXATPCHALLENGERMATCH-26APR21SHARIE-SHA,https://polymarket.com/event/atp-sharipo-riedi-2026-04-21,"[""Marat Sharipov"", ""Leandro Riedi""]","[""8394810520671809429951849126458424038322813816367357823326868999933718517744"", ""2983690551685048972764370280094141918860138096412812565299698429891097847734""]",Marat Sharipov,2026-04-28,2026-05-05T05:00:00Z,2026-04-28,,
150,udvardy grant,sports_fees_v2,Tennis,1.0,2034485,wta-udvardy-grant-2026-04-21,https://polymarket.com/event/wta-udvardy-grant-2026-04-21,KXWTAMATCH-26APR21UDVGRA-UDV,https://kalshi.com/markets/KXWTAMATCH-26APR21UDVGRA-UDV,https://polymarket.com/event/wta-udvardy-grant-2026-04-21,"[""Panna Udvardy"", ""Tyra Caterina Grant""]","[""109793757742362227644168269305307886405212152022189343085213026358057938203554"", ""85898869206647251037512453330213755917932817680932754692102150482717643679994""]",Panna Udvardy,2026-04-28,2026-05-05T08:00:00Z,2026-04-28,,
151,udvardy grant,sports_fees_v2,Tennis,1.0,2034485,wta-udvardy-grant-2026-04-21,https://polymarket.com/event/wta-udvardy-grant-2026-04-21,KXWTAMATCH-26APR21UDVGRA-GRA,https://kalshi.com/markets/KXWTAMATCH-26APR21UDVGRA-GRA,https://polymarket.com/event/wta-udvardy-grant-2026-04-21,"[""Tyra Caterina Grant"", ""Panna Udvardy""]","[""85898869206647251037512453330213755917932817680932754692102150482717643679994"", ""109793757742362227644168269305307886405212152022189343085213026358057938203554""]",Tyra Caterina Grant,2026-04-28,2026-05-05T08:00:00Z,2026-04-28,,
152,masur kwon,sports_fees_v2,Tennis,1.0,2034488,atp-masur-kwon-2026-04-20,https://polymarket.com/event/atp-masur-kwon-2026-04-20,KXATPCHALLENGERMATCH-26APR20MASKWON-MAS,https://kalshi.com/markets/KXATPCHALLENGERMATCH-26APR20MASKWON-MAS,https://polymarket.com/event/atp-masur-kwon-2026-04-20,"[""Daniel Masur"", ""Soon-Woo Kwon""]","[""59325891561889331860529340793168229409679339868250639035218031265910663970640"", ""45147637519882360252796247289328681479275163722936491403134814228839427666990""]",Daniel Masur,2026-04-28,2026-05-05T03:10:00Z,2026-04-28,,
153,masur kwon,sports_fees_v2,Tennis,1.0,2034488,atp-masur-kwon-2026-04-20,https://polymarket.com/event/atp-masur-kwon-2026-04-20,KXATPCHALLENGERMATCH-26APR20MASKWON-KWON,https://kalshi.com/markets/KXATPCHALLENGERMATCH-26APR20MASKWON-KWON,https://polymarket.com/event/atp-masur-kwon-2026-04-20,"[""Soon-Woo Kwon"", ""Daniel Masur""]","[""45147637519882360252796247289328681479275163722936491403134814228839427666990"", ""59325891561889331860529340793168229409679339868250639035218031265910663970640""]",Soon-Woo Kwon,2026-04-28,2026-05-05T03:10:00Z,2026-04-28,,
154,volynets korpatsch,sports_fees_v2,Tennis,1.0,2034489,wta-volynet-korpats-2026-04-21,https://polymarket.com/event/wta-volynet-korpats-2026-04-21,KXWTAMATCH-26APR21VOLKOR-KOR,https://kalshi.com/markets/KXWTAMATCH-26APR21VOLKOR-KOR,https://polymarket.com/event/wta-volynet-korpats-2026-04-21,"[""Tamara Korpatsch"", ""Katie Volynets""]","[""64475078052564930368320191286028574758018657909806361511171524519306148305720"", ""63011301540257834001719171231270779424862993644933265368761518371875403762545""]",Tamara Korpatsch,2026-04-28,2026-05-05T08:00:00Z,2026-04-28,,
155,broady zhukayev,sports_fees_v2,Tennis,1.0,2034498,atp-broady-zhukaye-2026-04-20,https://polymarket.com/event/atp-broady-zhukaye-2026-04-20,KXATPCHALLENGERMATCH-26APR20BROZHU-ZHU,https://kalshi.com/markets/KXATPCHALLENGERMATCH-26APR20BROZHU-ZHU,https://polymarket.com/event/atp-broady-zhukaye-2026-04-20,"[""Beibit Zhukayev"", ""Liam Broady""]","[""8082635193710740913166864374387718459155395998193465147979302547712878336755"", ""49677954481786233102387204948734200999596873701202665093276334078456684398125""]",Beibit Zhukayev,2026-04-28,2026-05-05T03:10:00Z,2026-04-28,,
156,broady zhukayev,sports_fees_v2,Tennis,1.0,2034498,atp-broady-zhukaye-2026-04-20,https://polymarket.com/event/atp-broady-zhukaye-2026-04-20,KXATPCHALLENGERMATCH-26APR20BROZHU-BRO,https://kalshi.com/markets/KXATPCHALLENGERMATCH-26APR20BROZHU-BRO,https://polymarket.com/event/atp-broady-zhukaye-2026-04-20,"[""Liam Broady"", ""Beibit Zhukayev""]","[""49677954481786233102387204948734200999596873701202665093276334078456684398125"", ""8082635193710740913166864374387718459155395998193465147979302547712878336755""]",Liam Broady,2026-04-28,2026-05-05T03:10:00Z,2026-04-28,,
157,starodubtseva pavlyuchenkova,sports_fees_v2,Tennis,1.0,2034499,wta-starodu-pavlyuc-2026-04-21,https://polymarket.com/event/wta-starodu-pavlyuc-2026-04-21,KXWTAMATCH-26APR21STAPAV-STA,https://kalshi.com/markets/KXWTAMATCH-26APR21STAPAV-STA,https://polymarket.com/event/wta-starodu-pavlyuc-2026-04-21,"[""Yulia Starodubtseva"", ""Anastasia Pavlyuchenkova""]","[""63850146365634654173061706811003869360459366413637150712651185028882958840267"", ""94016480742592449350927727876221861826368993673025734009544709681627328769142""]",Yulia Starodubtseva,2026-04-28,2026-05-05T11:20:00Z,2026-04-28,,
158,galfi vidmanova,sports_fees_v2,Tennis,1.0,2034514,wta-galfi-vidmano-2026-04-21,https://polymarket.com/event/wta-galfi-vidmano-2026-04-21,KXWTAMATCH-26APR21GALVID-GAL,https://kalshi.com/markets/KXWTAMATCH-26APR21GALVID-GAL,https://polymarket.com/event/wta-galfi-vidmano-2026-04-21,"[""Dalma Galfi"", ""Darja Vidmanova""]","[""35550448208866538635454206654955013882196287648669235058858083373024213789499"", ""90359071038788930433472748925728966324328225580030309953504423337209980176582""]",Dalma Galfi,2026-04-28,2026-05-05T12:30:00Z,2026-04-28,,
159,galfi vidmanova,sports_fees_v2,Tennis,1.0,2034514,wta-galfi-vidmano-2026-04-21,https://polymarket.com/event/wta-galfi-vidmano-2026-04-21,KXWTAMATCH-26APR21GALVID-VID,https://kalshi.com/markets/KXWTAMATCH-26APR21GALVID-VID,https://polymarket.com/event/wta-galfi-vidmano-2026-04-21,"[""Darja Vidmanova"", ""Dalma Galfi""]","[""90359071038788930433472748925728966324328225580030309953504423337209980176582"", ""35550448208866538635454206654955013882196287648669235058858083373024213789499""]",Darja Vidmanova,2026-04-28,2026-05-05T12:30:00Z,2026-04-28,,
160,matsuoka schoolkate,sports_fees_v2,Tennis,1.0,2034515,atp-matsuok-schoolk-2026-04-20,https://polymarket.com/event/atp-matsuok-schoolk-2026-04-20,KXATPCHALLENGERMATCH-26APR20MATSCH-MAT,https://kalshi.com/markets/KXATPCHALLENGERMATCH-26APR20MATSCH-MAT,https://polymarket.com/event/atp-matsuok-schoolk-2026-04-20,"[""Hayato Matsuoka"", ""Tristan Schoolkate""]","[""3129535701549514387176337898198204438486162735188727454985740356357140684236"", ""107406026934221365230002566160869989094417282031132868498076552825281886646425""]",Hayato Matsuoka,2026-04-28,2026-05-05T03:10:00Z,2026-04-28,,
161,matsuoka schoolkate,sports_fees_v2,Tennis,1.0,2034515,atp-matsuok-schoolk-2026-04-20,https://polymarket.com/event/atp-matsuok-schoolk-2026-04-20,KXATPCHALLENGERMATCH-26APR20MATSCH-SCH,https://kalshi.com/markets/KXATPCHALLENGERMATCH-26APR20MATSCH-SCH,https://polymarket.com/event/atp-matsuok-schoolk-2026-04-20,"[""Tristan Schoolkate"", ""Hayato Matsuoka""]","[""107406026934221365230002566160869989094417282031132868498076552825281886646425"", ""3129535701549514387176337898198204438486162735188727454985740356357140684236""]",Tristan Schoolkate,2026-04-28,2026-05-05T03:10:00Z,2026-04-28,,
162,garin damm,sports_fees_v2,Tennis,1.0,2034521,atp-garin-damm-2026-04-21,https://polymarket.com/event/atp-garin-damm-2026-04-21,KXATPMATCH-26APR21GARDAM-DAM,https://kalshi.com/markets/KXATPMATCH-26APR21GARDAM-DAM,https://polymarket.com/event/atp-garin-damm-2026-04-21,"[""Martin Damm"", ""Cristian Garin""]","[""54206845215388661828259585627144180108058441981140818712840729992890538212231"", ""98943954290032441325077625653543293642781808742502465549302189905682368129634""]",Martin Damm,2026-04-28,2026-05-05T08:00:00Z,2026-04-28,,
163,yibing droguet,sports_fees_v2,Tennis,1.0,2034527,atp-wu-droguet-2026-04-21,https://polymarket.com/event/atp-wu-droguet-2026-04-21,KXATPMATCH-26APR21YIBDRO-DRO,https://kalshi.com/markets/KXATPMATCH-26APR21YIBDRO-DRO,https://polymarket.com/event/atp-wu-droguet-2026-04-21,"[""Titouan Droguet"", ""Yibing Wu""]","[""48667762428693286265735784688559146928820942199011530956775945488739386438488"", ""49241792078997565638621173733619907115010995847209866754871250706689107961029""]",Titouan Droguet,2026-04-28,2026-05-05T08:00:00Z,2026-04-28,,
164,yibing droguet,sports_fees_v2,Tennis,1.0,2034527,atp-wu-droguet-2026-04-21,https://polymarket.com/event/atp-wu-droguet-2026-04-21,KXATPMATCH-26APR21YIBDRO-YIB,https://kalshi.com/markets/KXATPMATCH-26APR21YIBDRO-YIB,https://polymarket.com/event/atp-wu-droguet-2026-04-21,"[""Yibing Wu"", ""Titouan Droguet""]","[""49241792078997565638621173733619907115010995847209866754871250706689107961029"", ""48667762428693286265735784688559146928820942199011530956775945488739386438488""]",Yibing Wu,2026-04-28,2026-05-05T08:00:00Z,2026-04-28,,
165,ostapenkov pieri,sports_fees_v2,Tennis,1.0,2034554,atp-ostapen-pieri-2026-04-21,https://polymarket.com/event/atp-ostapen-pieri-2026-04-21,KXATPCHALLENGERMATCH-26APR21OSTPIE-OST,https://kalshi.com/markets/KXATPCHALLENGERMATCH-26APR21OSTPIE-OST,https://polymarket.com/event/atp-ostapen-pieri-2026-04-21,"[""Daniil Ostapenkov"", ""Samuele Pieri""]","[""83828265727617770578912411297794812755159857092296773112273925178922293598457"", ""83569356035293709930979396695671927279424384168673182322993187770495549415528""]",Daniil Ostapenkov,2026-04-28,2026-05-05T05:00:00Z,2026-04-28,,
166,ostapenkov pieri,sports_fees_v2,Tennis,1.0,2034554,atp-ostapen-pieri-2026-04-21,https://polymarket.com/event/atp-ostapen-pieri-2026-04-21,KXATPCHALLENGERMATCH-26APR21OSTPIE-PIE,https://kalshi.com/markets/KXATPCHALLENGERMATCH-26APR21OSTPIE-PIE,https://polymarket.com/event/atp-ostapen-pieri-2026-04-21,"[""Samuele Pieri"", ""Daniil Ostapenkov""]","[""83569356035293709930979396695671927279424384168673182322993187770495549415528"", ""83828265727617770578912411297794812755159857092296773112273925178922293598457""]",Samuele Pieri,2026-04-28,2026-05-05T05:00:00Z,2026-04-28,,
167,poljicak ghibaudo,sports_fees_v2,Tennis,1.0,2034561,atp-poljica-ghibaud-2026-04-21,https://polymarket.com/event/atp-poljica-ghibaud-2026-04-21,KXATPCHALLENGERMATCH-26APR21POLGHI-GHI,https://kalshi.com/markets/KXATPCHALLENGERMATCH-26APR21POLGHI-GHI,https://polymarket.com/event/atp-poljica-ghibaud-2026-04-21,"[""Antoine Ghibaudo"", ""Mili Poljicak""]","[""84699011022890169434214221742872016889704971313090401039790774278536288960376"", ""88782411225841327768660924540290650753245027481076211783290392311060211357947""]",Antoine Ghibaudo,2026-04-28,2026-05-05T06:10:00Z,2026-04-28,,
168,poljicak ghibaudo,sports_fees_v2,Tennis,1.0,2034561,atp-poljica-ghibaud-2026-04-21,https://polymarket.com/event/atp-poljica-ghibaud-2026-04-21,KXATPCHALLENGERMATCH-26APR21POLGHI-POL,https://kalshi.com/markets/KXATPCHALLENGERMATCH-26APR21POLGHI-POL,https://polymarket.com/event/atp-poljica-ghibaud-2026-04-21,"[""Mili Poljicak"", ""Antoine Ghibaudo""]","[""88782411225841327768660924540290650753245027481076211783290392311060211357947"", ""84699011022890169434214221742872016889704971313090401039790774278536288960376""]",Mili Poljicak,2026-04-28,2026-05-05T06:10:00Z,2026-04-28,,
169,fomin orlov,sports_fees_v2,Tennis,1.0,2034574,atp-fomin-orlov-2026-04-21,https://polymarket.com/event/atp-fomin-orlov-2026-04-21,KXATPCHALLENGERMATCH-26APR21FOMORL-FOM,https://kalshi.com/markets/KXATPCHALLENGERMATCH-26APR21FOMORL-FOM,https://polymarket.com/event/atp-fomin-orlov-2026-04-21,"[""Sergey Fomin"", ""Vladyslav Orlov""]","[""40407738025341510055486157655754135372668064393450707533154673876753340990024"", ""48236260656605275712564701214045514875589318337233173330650878955058672216161""]",Sergey Fomin,2026-04-28,2026-05-05T05:00:00Z,2026-04-28,,
170,kirkin bailly,sports_fees_v2,Tennis,1.0,2034587,atp-kirkin-bailly-2026-04-21,https://polymarket.com/event/atp-kirkin-bailly-2026-04-21,KXATPCHALLENGERMATCH-26APR21KIRARN-ARN,https://kalshi.com/markets/KXATPCHALLENGERMATCH-26APR21KIRARN-ARN,https://polymarket.com/event/atp-kirkin-bailly-2026-04-21,"[""Ergi Kirkin"", ""Gilles Arnaud Bailly""]","[""55877881661672715067671843552283702692784522897293668537840137797205267161707"", ""83726480377527387563849335902421217982744492390614535620265689552658767604614""]",Ergi Kirkin,2026-04-28,2026-05-05T07:20:00Z,2026-04-28,,
171,topo cretu,sports_fees_v2,Tennis,1.0,2034595,atp-topo-cretu-2026-04-21,https://polymarket.com/event/atp-topo-cretu-2026-04-21,KXATPCHALLENGERMATCH-26APR21TOPCRE-CRE,https://kalshi.com/markets/KXATPCHALLENGERMATCH-26APR21TOPCRE-CRE,https://polymarket.com/event/atp-topo-cretu-2026-04-21,"[""Cezar Cretu"", ""Marko Topo""]","[""102365326728936067385692139197551689579988809787650857855798406984637342467260"", ""14729766918616167565812172326082758266263560967808144164523613086318798428694""]",Cezar Cretu,2026-04-28,2026-05-05T08:00:00Z,2026-04-28,,
172,topo cretu,sports_fees_v2,Tennis,1.0,2034595,atp-topo-cretu-2026-04-21,https://polymarket.com/event/atp-topo-cretu-2026-04-21,KXATPCHALLENGERMATCH-26APR21TOPCRE-TOP,https://kalshi.com/markets/KXATPCHALLENGERMATCH-26APR21TOPCRE-TOP,https://polymarket.com/event/atp-topo-cretu-2026-04-21,"[""Marko Topo"", ""Cezar Cretu""]","[""14729766918616167565812172326082758266263560967808144164523613086318798428694"", ""102365326728936067385692139197551689579988809787650857855798406984637342467260""]",Marko Topo,2026-04-28,2026-05-05T08:00:00Z,2026-04-28,,
173,faria harris,sports_fees_v2,Tennis,1.0,2034606,atp-faria-harri-2026-04-21,https://polymarket.com/event/atp-faria-harri-2026-04-21,KXATPMATCH-26APR21FARHAR-FAR,https://kalshi.com/markets/KXATPMATCH-26APR21FARHAR-FAR,https://polymarket.com/event/atp-faria-harri-2026-04-21,"[""Jaime Faria"", ""Lloyd Harris""]","[""56428862436077363857220254200960018236338293209433051139881108948751809263248"", ""99152165121680603354334521403585784026988944402598779223781533923522049176438""]",Jaime Faria,2026-04-28,2026-05-05T08:00:00Z,2026-04-28,,
174,faria harris,sports_fees_v2,Tennis,1.0,2034606,atp-faria-harri-2026-04-21,https://polymarket.com/event/atp-faria-harri-2026-04-21,KXATPMATCH-26APR21FARHAR-HAR,https://kalshi.com/markets/KXATPMATCH-26APR21FARHAR-HAR,https://polymarket.com/event/atp-faria-harri-2026-04-21,"[""Lloyd Harris"", ""Jaime Faria""]","[""99152165121680603354334521403585784026988944402598779223781533923522049176438"", ""56428862436077363857220254200960018236338293209433051139881108948751809263248""]",Lloyd Harris,2026-04-28,2026-05-05T08:00:00Z,2026-04-28,,
175,dedura-palomero bonzi,sports_fees_v2,Tennis,1.0,2034607,atp-dedurap-bonzi-2026-04-21,https://polymarket.com/event/atp-dedurap-bonzi-2026-04-21,KXATPMATCH-26APR21DEDBON-BON,https://kalshi.com/markets/KXATPMATCH-26APR21DEDBON-BON,https://polymarket.com/event/atp-dedurap-bonzi-2026-04-21,"[""Benjamin Bonzi"", ""Diego Dedura-Palomero""]","[""49062785193584906381901473521811384104017396260640921600864108695897545691651"", ""17868731907828069707586605412077084576338350041817679531481546973357693427011""]",Benjamin Bonzi,2026-04-28,2026-05-05T08:00:00Z,2026-04-28,,
176,dedura-palomero bonzi,sports_fees_v2,Tennis,1.0,2034607,atp-dedurap-bonzi-2026-04-21,https://polymarket.com/event/atp-dedurap-bonzi-2026-04-21,KXATPMATCH-26APR21DEDBON-DED,https://kalshi.com/markets/KXATPMATCH-26APR21DEDBON-DED,https://polymarket.com/event/atp-dedurap-bonzi-2026-04-21,"[""Diego Dedura-Palomero"", ""Benjamin Bonzi""]","[""17868731907828069707586605412077084576338350041817679531481546973357693427011"", ""49062785193584906381901473521811384104017396260640921600864108695897545691651""]",Diego Dedura-Palomero,2026-04-28,2026-05-05T08:00:00Z,2026-04-28,,
177,noguchi galarneau,sports_fees_v2,Tennis,0.95,2015070,atp-noguchi-galarne-2026-04-19,https://polymarket.com/event/atp-noguchi-galarne-2026-04-19,KXATPCHALLENGERMATCH-26APR20NOGGAL-GAL,https://kalshi.com/markets/KXATPCHALLENGERMATCH-26APR20NOGGAL-GAL,https://polymarket.com/event/atp-noguchi-galarne-2026-04-19,"[""Alexis Galarneau"", ""Rio Noguchi""]","[""37941476509231495073035982798884119374008446454879315473071700049079910788818"", ""94290945290389477301981303191828932215520564551803647460146935415471666187529""]",Alexis Galarneau,2026-04-27,2026-05-05T02:00:00Z,2026-04-27,,
178,noguchi galarneau,sports_fees_v2,Tennis,0.95,2015070,atp-noguchi-galarne-2026-04-19,https://polymarket.com/event/atp-noguchi-galarne-2026-04-19,KXATPCHALLENGERMATCH-26APR20NOGGAL-NOG,https://kalshi.com/markets/KXATPCHALLENGERMATCH-26APR20NOGGAL-NOG,https://polymarket.com/event/atp-noguchi-galarne-2026-04-19,"[""Rio Noguchi"", ""Alexis Galarneau""]","[""94290945290389477301981303191828932215520564551803647460146935415471666187529"", ""37941476509231495073035982798884119374008446454879315473071700049079910788818""]",Rio Noguchi,2026-04-27,2026-05-05T02:00:00Z,2026-04-27,,
179,mccabe uchida,sports_fees_v2,Tennis,0.95,2015083,atp-mccabe-uchida-2026-04-19,https://polymarket.com/event/atp-mccabe-uchida-2026-04-19,KXATPCHALLENGERMATCH-26APR20MCCUCH-MCC,https://kalshi.com/markets/KXATPCHALLENGERMATCH-26APR20MCCUCH-MCC,https://polymarket.com/event/atp-mccabe-uchida-2026-04-19,"[""James McCabe"", ""Kaichi Uchida""]","[""61694057813482594287572927632851761296264124771827183586798369950928145258182"", ""27738366062524673098974477340200972269261969765236016360292439410118593513145""]",James McCabe,2026-04-27,2026-05-05T02:00:00Z,2026-04-27,,
180,mccabe uchida,sports_fees_v2,Tennis,0.95,2015083,atp-mccabe-uchida-2026-04-19,https://polymarket.com/event/atp-mccabe-uchida-2026-04-19,KXATPCHALLENGERMATCH-26APR20MCCUCH-UCH,https://kalshi.com/markets/KXATPCHALLENGERMATCH-26APR20MCCUCH-UCH,https://polymarket.com/event/atp-mccabe-uchida-2026-04-19,"[""Kaichi Uchida"", ""James McCabe""]","[""27738366062524673098974477340200972269261969765236016360292439410118593513145"", ""61694057813482594287572927632851761296264124771827183586798369950928145258182""]",Kaichi Uchida,2026-04-27,2026-05-05T02:00:00Z,2026-04-27,,
181,bolt simakin,sports_fees_v2,Tennis,0.95,2015120,atp-bolt-simakin-2026-04-19,https://polymarket.com/event/atp-bolt-simakin-2026-04-19,KXATPCHALLENGERMATCH-26APR20BOLSIM-BOL,https://kalshi.com/markets/KXATPCHALLENGERMATCH-26APR20BOLSIM-BOL,https://polymarket.com/event/atp-bolt-simakin-2026-04-19,"[""Alex Bolt"", ""Ilia Simakin""]","[""54766457820605549228060704403278157859526884613617406823410310032523121050709"", ""113848110479592031259253354608837956257747317426814833913131888568473157087516""]",Alex Bolt,2026-04-27,2026-05-05T03:10:00Z,2026-04-27,,
182,bolt simakin,sports_fees_v2,Tennis,0.95,2015120,atp-bolt-simakin-2026-04-19,https://polymarket.com/event/atp-bolt-simakin-2026-04-19,KXATPCHALLENGERMATCH-26APR20BOLSIM-SIM,https://kalshi.com/markets/KXATPCHALLENGERMATCH-26APR20BOLSIM-SIM,https://polymarket.com/event/atp-bolt-simakin-2026-04-19,"[""Ilia Simakin"", ""Alex Bolt""]","[""113848110479592031259253354608837956257747317426814833913131888568473157087516"", ""54766457820605549228060704403278157859526884613617406823410310032523121050709""]",Ilia Simakin,2026-04-27,2026-05-05T03:10:00Z,2026-04-27,,
183,jung chung,sports_fees_v2,Tennis,0.95,2015127,atp-jung-chung-2026-04-19,https://polymarket.com/event/atp-jung-chung-2026-04-19,KXATPCHALLENGERMATCH-26APR20JUNCHU-CHU,https://kalshi.com/markets/KXATPCHALLENGERMATCH-26APR20JUNCHU-CHU,https://polymarket.com/event/atp-jung-chung-2026-04-19,"[""Hyeon Chung"", ""Jason Jung""]","[""69475774271056502728771278141529741574435159047856155631411239669477977344678"", ""21100649130527926867407915233130546812795499312013844250829520805968966255072""]",Hyeon Chung,2026-04-27,2026-05-05T02:00:00Z,2026-04-27,,
184,jung chung,sports_fees_v2,Tennis,0.95,2015127,atp-jung-chung-2026-04-19,https://polymarket.com/event/atp-jung-chung-2026-04-19,KXATPCHALLENGERMATCH-26APR20JUNCHU-JUN,https://kalshi.com/markets/KXATPCHALLENGERMATCH-26APR20JUNCHU-JUN,https://polymarket.com/event/atp-jung-chung-2026-04-19,"[""Jason Jung"", ""Hyeon Chung""]","[""21100649130527926867407915233130546812795499312013844250829520805968966255072"", ""69475774271056502728771278141529741574435159047856155631411239669477977344678""]",Jason Jung,2026-04-27,2026-05-05T02:00:00Z,2026-04-27,,
185,skatov prihodko,sports_fees_v2,Tennis,0.95,2017288,atp-skatov-prihodk-2026-04-20,https://polymarket.com/event/atp-skatov-prihodk-2026-04-20,KXATPCHALLENGERMATCH-26APR21SKAPRI-PRI,https://kalshi.com/markets/KXATPCHALLENGERMATCH-26APR21SKAPRI-PRI,https://polymarket.com/event/atp-skatov-prihodk-2026-04-20,"[""Oleg Prihodko"", ""Timofey Skatov""]","[""42737504050336030131757147372640216248604000725628618729503757146404250960675"", ""36078793651568683948814310936745742323037250821386225925005655172991947309780""]",Oleg Prihodko,2026-04-27,2026-05-05T06:10:00Z,2026-04-27,,
186,skatov prihodko,sports_fees_v2,Tennis,0.95,2017288,atp-skatov-prihodk-2026-04-20,https://polymarket.com/event/atp-skatov-prihodk-2026-04-20,KXATPCHALLENGERMATCH-26APR21SKAPRI-SKA,https://kalshi.com/markets/KXATPCHALLENGERMATCH-26APR21SKAPRI-SKA,https://polymarket.com/event/atp-skatov-prihodk-2026-04-20,"[""Timofey Skatov"", ""Oleg Prihodko""]","[""36078793651568683948814310936745742323037250821386225925005655172991947309780"", ""42737504050336030131757147372640216248604000725628618729503757146404250960675""]",Timofey Skatov,2026-04-27,2026-05-05T06:10:00Z,2026-04-27,,
187,gakhov nurlanuly,sports_fees_v2,Tennis,0.95,2017318,atp-gakhov-nurlanu-2026-04-20,https://polymarket.com/event/atp-gakhov-nurlanu-2026-04-20,KXATPCHALLENGERMATCH-26APR21GAKNUR-GAK,https://kalshi.com/markets/KXATPCHALLENGERMATCH-26APR21GAKNUR-GAK,https://polymarket.com/event/atp-gakhov-nurlanu-2026-04-20,"[""Ivan Gakhov"", ""Zangar Nurlanuly""]","[""92425539148127363818842613600189310335510446865927373103803491343144584981653"", ""23499422101448170880503661035146379761974640752567971743010772655785660982991""]",Ivan Gakhov,2026-04-27,2026-05-05T07:20:00Z,2026-04-27,,
188,albot omarkhanov,sports_fees_v2,Tennis,0.95,2017330,atp-albot-omarkha-2026-04-20,https://polymarket.com/event/atp-albot-omarkha-2026-04-20,KXATPCHALLENGERMATCH-26APR21ALBOMA-OMA,https://kalshi.com/markets/KXATPCHALLENGERMATCH-26APR21ALBOMA-OMA,https://polymarket.com/event/atp-albot-omarkha-2026-04-20,"[""Amir Omarkhanov"", ""Radu Albot""]","[""17018226953788146879567403775896520266642521602353299870480778450579282184590"", ""29186063654373762183807285600928091722825268470851981223957920901150811982238""]",Amir Omarkhanov,2026-04-27,2026-05-05T05:00:00Z,2026-04-27,,
189,albot omarkhanov,sports_fees_v2,Tennis,0.95,2017330,atp-albot-omarkha-2026-04-20,https://polymarket.com/event/atp-albot-omarkha-2026-04-20,KXATPCHALLENGERMATCH-26APR21ALBOMA-ALB,https://kalshi.com/markets/KXATPCHALLENGERMATCH-26APR21ALBOMA-ALB,https://polymarket.com/event/atp-albot-omarkha-2026-04-20,"[""Radu Albot"", ""Amir Omarkhanov""]","[""29186063654373762183807285600928091722825268470851981223957920901150811982238"", ""17018226953788146879567403775896520266642521602353299870480778450579282184590""]",Radu Albot,2026-04-27,2026-05-05T05:00:00Z,2026-04-27,,
190,blanch yevseyev,sports_fees_v2,Tennis,0.95,2017341,atp-blan-yevseye-2026-04-20,https://polymarket.com/event/atp-blan-yevseye-2026-04-20,KXATPCHALLENGERMATCH-26APR21BLAYEV-YEV,https://kalshi.com/markets/KXATPCHALLENGERMATCH-26APR21BLAYEV-YEV,https://polymarket.com/event/atp-blan-yevseye-2026-04-20,"[""Denis Yevseyev"", ""Dali Blanch""]","[""65242839574685246852966861334140659718165557628471770331052777569794733431631"", ""33349411064011236280030125030591587836141599293293470928525818026893714563209""]",Denis Yevseyev,2026-04-27,2026-05-05T06:10:00Z,2026-04-27,,
191,wiskandt erhard,sports_fees_v2,Tennis,0.95,2017350,atp-wiskand-erhard-2026-04-20,https://polymarket.com/event/atp-wiskand-erhard-2026-04-20,KXATPCHALLENGERMATCH-26APR21WISERH-ERH,https://kalshi.com/markets/KXATPCHALLENGERMATCH-26APR21WISERH-ERH,https://polymarket.com/event/atp-wiskand-erhard-2026-04-20,"[""Mathys Erhard"", ""Max Wiskandt""]","[""97000299142540730285440013448482740510351495860077904129795302581603079997142"", ""84144507370630369525173791813709570555785594109458516717129952537474267371858""]",Mathys Erhard,2026-04-27,2026-05-05T07:20:00Z,2026-04-27,,
192,wiskandt erhard,sports_fees_v2,Tennis,0.95,2017350,atp-wiskand-erhard-2026-04-20,https://polymarket.com/event/atp-wiskand-erhard-2026-04-20,KXATPCHALLENGERMATCH-26APR21WISERH-WIS,https://kalshi.com/markets/KXATPCHALLENGERMATCH-26APR21WISERH-WIS,https://polymarket.com/event/atp-wiskand-erhard-2026-04-20,"[""Max Wiskandt"", ""Mathys Erhard""]","[""84144507370630369525173791813709570555785594109458516717129952537474267371858"", ""97000299142540730285440013448482740510351495860077904129795302581603079997142""]",Max Wiskandt,2026-04-27,2026-05-05T07:20:00Z,2026-04-27,,
