pair_id,title_clean,category_tag,similarity_score,poly_market_id,poly_slug,poly_url,poly_event_url,poly_outcomes_json,poly_token_ids_json,poly_primary_outcome,kalshi_market_id,kalshi_url,expiry_poly_utc,expiry_kalshi_utc,resolution_time_utc
pair-0294,Will the Fed decrease interest rates by 50+ bps after the April 2026 meeting?,default,1.0,0xd72622d154dfe65b9c019d6afcfe75a55717e5c502db611f555b101aafbf6ec5,will-the-fed-decrease-interest-rates-by-50-bps-after-the-april-2026-meeting,https://polymarket.com/market/will-the-fed-decrease-interest-rates-by-50-bps-after-the-april-2026-meeting,,"[""Yes"", ""No""]","[""18690049947242812495755151360212639738977254879109748949267393375856311641700"", ""44217754360633979680316989769899520588351517398269898942558308875588541304698""]",yes,KXFEDDECISION-26APR-H25,https://kalshi.com/markets/kxfeddecision-26apr/fed-decision-in-apr-2026/kxfeddecision-26apr-h25,2026-04-29T00:00:00Z,2026-04-29T17:59:00Z,2026-04-29T17:59:00Z
pair-0319,Will Jasmine Crockett win the 2028 Democratic presidential nomination?,default,1.0,0x3cd6e52603d80ddbbdac9b1a4d43f9b7faa6aae4fae4d0fdfad3bd58454da7d3,will-jasmine-crockett-win-the-2028-democratic-presidential-nomination,https://polymarket.com/market/will-jasmine-crockett-win-the-2028-democratic-presidential-nomination,,"[""Yes"", ""No""]","[""22103094389913052942362639589409218272323168761614999702665821259175535456835"", ""10893367019711826592833821276710094799225035200719824531380610476790390190688""]",yes,KXPRESNOMD-28-JCRO,https://kalshi.com/markets/kxpresnomd-28/2028-democratic-nominee-for-president/kxpresnomd-28-jcro,2028-11-07T00:00:00Z,2028-11-07T15:00:00Z,2028-11-07T15:00:00Z
pair-0320,Will Beto O’Rourke win the 2028 Democratic presidential nomination?,default,1.0,0x8ecd1d15e521b7d1020ad5596cc981c8764e9dcfbc3648f582e1a5138aee7185,will-beto-orourke-win-the-2028-democratic-presidential-nomination,https://polymarket.com/market/will-beto-orourke-win-the-2028-democratic-presidential-nomination,,"[""Yes"", ""No""]","[""37126434962149084556522721025504254258386171468763869879755961635390358765833"", ""2426274669138238576933962603416907393958833898063513872892433203206006096668""]",yes,KXPRESNOMD-28-BORO,https://kalshi.com/markets/kxpresnomd-28/2028-democratic-nominee-for-president/kxpresnomd-28-boro,2028-11-07T00:00:00Z,2028-11-07T15:00:00Z,2028-11-07T15:00:00Z
pair-0321,Will Andrew Yang win the 2028 Democratic presidential nomination?,default,1.0,0x450810ae738a0ff820d3248f2b24937f63fb8c8cf422ed2a915125adb4d9d3c8,will-andrew-yang-win-the-2028-democratic-presidential-nomination,https://polymarket.com/market/will-andrew-yang-win-the-2028-democratic-presidential-nomination,,"[""Yes"", ""No""]","[""102504892414163237174864879683522880588750452841477290216845150938663289742135"", ""21234886083000978203440582985665409733123024063268807484684316771005736994028""]",yes,KXPRESNOMD-28-AYAN,https://kalshi.com/markets/kxpresnomd-28/2028-democratic-nominee-for-president/kxpresnomd-28-ayan,2028-11-07T00:00:00Z,2028-11-07T15:00:00Z,2028-11-07T15:00:00Z
pair-0339,Will Pete Hegseth be the next to leave the Trump Cabinet before 2027?,default,1.0,0x646f8f3d9bd911294338b80898b6192ca12a76d62ed8c65c4ec600f32aa6f097,will-pete-hegseth-be-the-next-to-leave-the-trump-cabinet-before-2027-919,https://polymarket.com/market/will-pete-hegseth-be-the-next-to-leave-the-trump-cabinet-before-2027-919,,"[""Yes"", ""No""]","[""56495246011480578133338705107531549829295482150698941443273007113116107751667"", ""84592453476218796007044744816516065187672380069780451046703610415695434991479""]",yes,KXCABOUT-26MAR-PHEG,https://kalshi.com/markets/kxcabout-26mar/who-will-leave-trump-s-cabinet-next/kxcabout-26mar-pheg,2026-12-31T00:00:00Z,2029-01-20T15:00:00Z,2029-01-20T15:00:00Z
pair-0354,LoL: Kiwoom DRX vs DN SOOPers (BO3) - LCK Rounds 1-2,default,1.0,0xd5786fa81474cc98be9b1558eb36480da79881891bd28ae269786e69237b523e,lol-drx-dnf-2026-04-02,https://polymarket.com/market/lol-drx-dnf-2026-04-02,,"[""Kiwoom DRX"", ""DN SOOPers""]","[""67603822079729690528320196010733745008589293516220750697857871014364066095101"", ""98472587104594602754810163963279451660582744253141615708901775843885137765574""]",DN SOOPers,KXLOLGAME-26APR02DNFDRX-DNF,https://kalshi.com/markets/kxlolgame-26apr02dnfdrx/dn-soopers-vs-drx/kxlolgame-26apr02dnfdrx-dnf,2026-04-02T16:00:00Z,2026-04-16T10:00:00Z,2026-04-16T10:00:00Z
pair-0356,Will the highest temperature in New York City be between 60-61°F on April 2?,default,1.0,0x0be653ca69c68ded247b9d147148bf2eb29246f3c3bdc0efa4b58c25a8c00a6e,highest-temperature-in-nyc-on-april-2-2026-60-61f,https://polymarket.com/market/highest-temperature-in-nyc-on-april-2-2026-60-61f,,"[""Yes"", ""No""]","[""12898720845583618272758343325771198763442902284920344001539671600192994778287"", ""61611830799791999035940783083743167230438641981432339620787187438664658806995""]",yes,KXHIGHNY-26APR02-B60.5,https://kalshi.com/markets/kxhighny-26apr02/highest-temperature-in-nyc-on-apr-2-2026/kxhighny-26apr02-b60.5,2026-04-02T12:00:00Z,2026-04-03T04:59:00Z,2026-04-03T04:59:00Z
pair-0357,"Will Khamzat Chimaev be the UFC Middleweight Champion on December 31, 2026?",default,1.0,0x154b5e4cad7d1d18816ca37434fce3b699232ab6b1ee29aeb107d6b1d09758c1,will-khamzat-chimaev-be-the-ufc-middleweight-champion-on-december-31-2026,https://polymarket.com/market/will-khamzat-chimaev-be-the-ufc-middleweight-champion-on-december-31-2026,,"[""Yes"", ""No""]","[""67660634835671778811364951798894554103988602458180191091499142140553451195784"", ""55203308664976466815032483543462442113516123506425929584997359618629749563916""]",yes,KXUFCMIDDLEWEIGHTTITLE-26-KCHI,https://kalshi.com/markets/kxufcmiddleweighttitle-26/ufc-middleweight-title-holder-on-dec-31-2026/kxufcmiddleweighttitle-26-kchi,2026-12-31T00:00:00Z,2026-12-31T17:00:00Z,2026-12-31T17:00:00Z
pair-0358,"Will Sean Strickland be the UFC Middleweight Champion on December 31, 2026?",default,1.0,0x83df756ae0573207e64790bae996c605553bb0831f8d1ff60823b71b63c09822,will-sean-strickland-be-the-ufc-middleweight-champion-on-december-31-2026,https://polymarket.com/market/will-sean-strickland-be-the-ufc-middleweight-champion-on-december-31-2026,,"[""Yes"", ""No""]","[""20378600951485464849672966369201654683307593621002954347556085141663626930283"", ""14265907721103675502202673752569855273494951495706289755096181793879117144873""]",yes,KXUFCMIDDLEWEIGHTTITLE-26-SSTR,https://kalshi.com/markets/kxufcmiddleweighttitle-26/ufc-middleweight-title-holder-on-dec-31-2026/kxufcmiddleweighttitle-26-sstr,2026-12-31T00:00:00Z,2026-12-31T17:00:00Z,2026-12-31T17:00:00Z
pair-0359,"Will Caio Borralho be the UFC Middleweight Champion on December 31, 2026?",default,1.0,0x911e17e95c22030539806be68e8b6e37cfa8790d66549a2dd4c9707e3f6abf81,will-caio-borralho-be-the-ufc-middleweight-champion-on-december-31-2026,https://polymarket.com/market/will-caio-borralho-be-the-ufc-middleweight-champion-on-december-31-2026,,"[""Yes"", ""No""]","[""104105802382507915754579463429629828737664520404647439662618391235451262025658"", ""113892186463551993734738329553407127096791487764393248387144551625920931200307""]",yes,KXUFCMIDDLEWEIGHTTITLE-26-CBOR,https://kalshi.com/markets/kxufcmiddleweighttitle-26/ufc-middleweight-title-holder-on-dec-31-2026/kxufcmiddleweighttitle-26-cbor,2026-12-31T00:00:00Z,2026-12-31T17:00:00Z,2026-12-31T17:00:00Z
pair-0361,"Will Dricus Du Plessis be the UFC Middleweight Champion on December 31, 2026?",default,1.0,0xb5d08bd13d2124469dec2c445e427bcc92a22dd1deb71d95351ae22b3a2806f1,will-dricus-du-plessis-be-the-ufc-middleweight-champion-on-december-31-2026,https://polymarket.com/market/will-dricus-du-plessis-be-the-ufc-middleweight-champion-on-december-31-2026,,"[""Yes"", ""No""]","[""107595323429060264803065909771983353858422288566768898445094796713448711745750"", ""38343641080220463036175630110467188882330864073906070036670211092423738500923""]",yes,KXUFCMIDDLEWEIGHTTITLE-26-DPLE,https://kalshi.com/markets/kxufcmiddleweighttitle-26/ufc-middleweight-title-holder-on-dec-31-2026/kxufcmiddleweighttitle-26-dple,2026-12-31T00:00:00Z,2026-12-31T17:00:00Z,2026-12-31T17:00:00Z
pair-0362,"Will Israel Adesanya be the UFC Middleweight Champion on December 31, 2026?",default,1.0,0x6d0d9932221ce4b85c6152bbd0150c2cafe6a11890b1cae2e911813dcaaf599d,will-israel-adesanya-be-the-ufc-middleweight-champion-on-december-31-2026,https://polymarket.com/market/will-israel-adesanya-be-the-ufc-middleweight-champion-on-december-31-2026,,"[""Yes"", ""No""]","[""32700263518439142283056298261342719031623677014374611358181795167960765812422"", ""81107047787725967556552186542074780377903927295190221044059251288455288294978""]",yes,KXUFCMIDDLEWEIGHTTITLE-26-IADE,https://kalshi.com/markets/kxufcmiddleweighttitle-26/ufc-middleweight-title-holder-on-dec-31-2026/kxufcmiddleweighttitle-26-iade,2026-12-31T00:00:00Z,2026-12-31T17:00:00Z,2026-12-31T17:00:00Z
pair-0363,"Will Anthony Hernandez be the UFC Middleweight Champion on December 31, 2026?",default,1.0,0x3a76e5c182ddf657efd84b114c86d69f3f2ab31fd23630dffadd07940b9463b2,will-anthony-hernandez-be-the-ufc-middleweight-champion-on-december-31-2026,https://polymarket.com/market/will-anthony-hernandez-be-the-ufc-middleweight-champion-on-december-31-2026,,"[""Yes"", ""No""]","[""82417229838217988408749209417452416612346790981048524827059563714784928418420"", ""59023860792526078338758330750022839791419361441803110779804266766624335664863""]",yes,KXUFCMIDDLEWEIGHTTITLE-26-AHER,https://kalshi.com/markets/kxufcmiddleweighttitle-26/ufc-middleweight-title-holder-on-dec-31-2026/kxufcmiddleweighttitle-26-aher,2026-12-31T00:00:00Z,2026-12-31T17:00:00Z,2026-12-31T17:00:00Z
pair-0364,"Will Reinier de Ridder be the UFC Middleweight Champion on December 31, 2026?",default,1.0,0xc5d95d18b267894cd118b5eabe28a232a6c0420f100140789004215c048281d3,will-reinier-de-ridder-be-the-ufc-middleweight-champion-on-december-31-2026,https://polymarket.com/market/will-reinier-de-ridder-be-the-ufc-middleweight-champion-on-december-31-2026,,"[""Yes"", ""No""]","[""36783814494052597301061717493672407699334471478264929067040585720930032594082"", ""17639646226115431210781615051010918333344289241463098191643868885090323547669""]",yes,KXUFCMIDDLEWEIGHTTITLE-26-RRID,https://kalshi.com/markets/kxufcmiddleweighttitle-26/ufc-middleweight-title-holder-on-dec-31-2026/kxufcmiddleweighttitle-26-rrid,2026-12-31T00:00:00Z,2026-12-31T17:00:00Z,2026-12-31T17:00:00Z
pair-0365,"Will Azamat Murzakanov be the UFC Light Heavyweight Champion on December 31, 2026?",default,1.0,0x933a64c5f3678f5b75ceaa2c8b0ffff1aca5ce474779ee6fe8f22491864d1216,will-azamat-murzakanov-be-the-ufc-light-heavyweight-champion-on-december-31-2026,https://polymarket.com/market/will-azamat-murzakanov-be-the-ufc-light-heavyweight-champion-on-december-31-2026,,"[""Yes"", ""No""]","[""9175342821341872652126886333178051405776731769977201689886601378721240647673"", ""47990855057638439475956560470229292385728237851928016638796473207431513827829""]",yes,KXUFCLHEAVYWEIGHTTITLE-26-AMUR,https://kalshi.com/markets/kxufclheavyweighttitle-26/ufc-light-heavyweight-title-on-dec-31-2026/kxufclheavyweighttitle-26-amur,2026-12-31T00:00:00Z,2026-12-31T17:00:00Z,2026-12-31T17:00:00Z
pair-0366,"Will Carlos Ulberg be the UFC Light Heavyweight Champion on December 31, 2026?",default,1.0,0xaa034dc646a0fd4b6ae5c1d467485255acf4739754a7e7a90b6dc304df2176ca,will-carlos-ulberg-be-the-ufc-light-heavyweight-champion-on-december-31-2026,https://polymarket.com/market/will-carlos-ulberg-be-the-ufc-light-heavyweight-champion-on-december-31-2026,,"[""Yes"", ""No""]","[""74347223216860712312233049603557491866586362552346047170906157427988625147649"", ""81246341117576159919071234423173802934463940597825860607382087524216381659188""]",yes,KXUFCLHEAVYWEIGHTTITLE-26-CULB,https://kalshi.com/markets/kxufclheavyweighttitle-26/ufc-light-heavyweight-title-on-dec-31-2026/kxufclheavyweighttitle-26-culb,2026-12-31T00:00:00Z,2026-12-31T17:00:00Z,2026-12-31T17:00:00Z
pair-0367,"Will Jiří Procházka be the UFC Light Heavyweight Champion on December 31, 2026?",default,1.0,0xb5fb2b79ca615bd9c27e150a00f7ca8038a8864cf778b39ac407f5c3a10e4b37,will-ji-prochzka-be-the-ufc-light-heavyweight-champion-on-december-31-2026,https://polymarket.com/market/will-ji-prochzka-be-the-ufc-light-heavyweight-champion-on-december-31-2026,,"[""Yes"", ""No""]","[""33535761066992399595703241564195091306139412330110625045869489003498121843144"", ""26145495454648977896003540856521792238673331076228160930077309185439590450701""]",yes,KXUFCLHEAVYWEIGHTTITLE-26-JPRO,https://kalshi.com/markets/kxufclheavyweighttitle-26/ufc-light-heavyweight-title-on-dec-31-2026/kxufclheavyweighttitle-26-jpro,2026-12-31T00:00:00Z,2026-12-31T17:00:00Z,2026-12-31T17:00:00Z
pair-0368,"Will Alex Pereira be the UFC Light Heavyweight Champion on December 31, 2026?",default,1.0,0x9f314704922e731188b1c4841bb597a28b8965fb029ebe733132aec0d8b1ecec,will-alex-pereira-be-the-ufc-light-heavyweight-champion-on-december-31-2026,https://polymarket.com/market/will-alex-pereira-be-the-ufc-light-heavyweight-champion-on-december-31-2026,,"[""Yes"", ""No""]","[""52554701969138464785613610809736427872991295310488292214422253543962862833134"", ""98277867237690789532946636812756522757836305131809048244507750523532940672821""]",yes,KXUFCLHEAVYWEIGHTTITLE-26-APER,https://kalshi.com/markets/kxufclheavyweighttitle-26/ufc-light-heavyweight-title-on-dec-31-2026/kxufclheavyweighttitle-26-aper,2026-12-31T00:00:00Z,2026-12-31T17:00:00Z,2026-12-31T17:00:00Z
pair-0369,"Will Jamahal Hill be the UFC Light Heavyweight Champion on December 31, 2026?",default,1.0,0x515be3fc2472c5ca713b78fe5b5ba9118c892e07f041cc809581257dcfef7891,will-jamahal-hill-be-the-ufc-light-heavyweight-champion-on-december-31-2026,https://polymarket.com/market/will-jamahal-hill-be-the-ufc-light-heavyweight-champion-on-december-31-2026,,"[""Yes"", ""No""]","[""39015979181504446951939846333503005925423158846867563543816445245790000389414"", ""112517657661236142240520884915113849351672685371528739480793945515254109285183""]",yes,KXUFCLHEAVYWEIGHTTITLE-26-JHIL,https://kalshi.com/markets/kxufclheavyweighttitle-26/ufc-light-heavyweight-title-on-dec-31-2026/kxufclheavyweighttitle-26-jhil,2026-12-31T00:00:00Z,2026-12-31T17:00:00Z,2026-12-31T17:00:00Z
pair-0370,"Will Khalil Rountree Jr. be the UFC Light Heavyweight Champion on December 31, 2026?",default,1.0,0x6bb8773885be53846bfc4c823180338fe7e073cef888bd47fba4e5a7604d6bd3,will-khalil-rountree-jr-be-the-ufc-light-heavyweight-champion-on-december-31-2026,https://polymarket.com/market/will-khalil-rountree-jr-be-the-ufc-light-heavyweight-champion-on-december-31-2026,,"[""Yes"", ""No""]","[""86173756424106091768251257271361907166488157621575169496226209747989908974691"", ""8081200171091071374922294809460189942697840377906335191134665747842203010015""]",yes,KXUFCLHEAVYWEIGHTTITLE-26-KROU,https://kalshi.com/markets/kxufclheavyweighttitle-26/ufc-light-heavyweight-title-on-dec-31-2026/kxufclheavyweighttitle-26-krou,2026-12-31T00:00:00Z,2026-12-31T17:00:00Z,2026-12-31T17:00:00Z
pair-0371,"Will Magomed Ankalaev be the UFC Light Heavyweight Champion on December 31, 2026?",default,1.0,0x4e163905cb466ebc0774daaff40d91ce7513e0172ce02f3bb4a6725c2ffc3206,will-magomed-ankalaev-be-the-ufc-light-heavyweight-champion-on-december-31-2026,https://polymarket.com/market/will-magomed-ankalaev-be-the-ufc-light-heavyweight-champion-on-december-31-2026,,"[""Yes"", ""No""]","[""55915863759114441227254612684581936053726000439613771783855987051654948195200"", ""43779854973708375167948756616215507473711221256787065721831787672659002602484""]",yes,KXUFCLHEAVYWEIGHTTITLE-26-MANK,https://kalshi.com/markets/kxufclheavyweighttitle-26/ufc-light-heavyweight-title-on-dec-31-2026/kxufclheavyweighttitle-26-mank,2026-12-31T00:00:00Z,2026-12-31T17:00:00Z,2026-12-31T17:00:00Z
pair-0372,"Will Jan Błachowicz be the UFC Light Heavyweight Champion on December 31, 2026?",default,1.0,0x5febf195f5a23256bc72c42b784bb1016e6c196c6d30da580e73b4c1d90bb538,will-jan-bachowicz-be-the-ufc-light-heavyweight-champion-on-december-31-2026,https://polymarket.com/market/will-jan-bachowicz-be-the-ufc-light-heavyweight-champion-on-december-31-2026,,"[""Yes"", ""No""]","[""41766081816151983792985150351769794911116569315987258973638411239449963187541"", ""91288828007522244868042488060433622054903988918742813587188392649477439940563""]",yes,KXUFCLHEAVYWEIGHTTITLE-26-JBTA,https://kalshi.com/markets/kxufclheavyweighttitle-26/ufc-light-heavyweight-title-on-dec-31-2026/kxufclheavyweighttitle-26-jbta,2026-12-31T00:00:00Z,2026-12-31T17:00:00Z,2026-12-31T17:00:00Z
pair-0374,"Will Charles Oliveira be the UFC Lightweight Champion on December 31, 2026?",default,1.0,0xa267ac751ec25021cf6fedbae2aa38c59a732c1bdca1b55587b0bb2ebccaffdd,will-charles-oliveira-be-the-ufc-lightweight-champion-on-december-31-2026,https://polymarket.com/market/will-charles-oliveira-be-the-ufc-lightweight-champion-on-december-31-2026,,"[""Yes"", ""No""]","[""56768227553144963642428658064914291002564624740057179914948086840254709806064"", ""83100122040240399113356973342094720094832083297030174008551666181088733056204""]",yes,KXUFCLIGHTWEIGHTTITLE-26-COLI,https://kalshi.com/markets/kxufclightweighttitle-26/ufc-lightweight-title-holder-on-dec-31-2026/kxufclightweighttitle-26-coli,2026-12-31T00:00:00Z,2026-12-31T17:00:00Z,2026-12-31T17:00:00Z
pair-0375,"Will Arman Tsarukyan be the UFC Lightweight Champion on December 31, 2026?",default,1.0,0xb95e2eed6d79fed611ef7d25fbda14a8eb54c951787dba969c6e1021efdde0e4,will-arman-tsarukyan-be-the-ufc-lightweight-champion-on-december-31-2026,https://polymarket.com/market/will-arman-tsarukyan-be-the-ufc-lightweight-champion-on-december-31-2026,,"[""Yes"", ""No""]","[""109653694401587996238634579753195888081567274889934639277234443069656570216996"", ""64127540731227884048024410158346875473683061339030425933229284182417481073291""]",yes,KXUFCLIGHTWEIGHTTITLE-26-ATSA,https://kalshi.com/markets/kxufclightweighttitle-26/ufc-lightweight-title-holder-on-dec-31-2026/kxufclightweighttitle-26-atsa,2026-12-31T00:00:00Z,2026-12-31T17:00:00Z,2026-12-31T17:00:00Z
pair-0377,"Will Max Holloway be the UFC Lightweight Champion on December 31, 2026?",default,1.0,0x028fe6fcde67f39bc54d606681523ef84bbdc2a212a76856e04765b4af8fa4db,will-max-holloway-be-the-ufc-lightweight-champion-on-december-31-2026,https://polymarket.com/market/will-max-holloway-be-the-ufc-lightweight-champion-on-december-31-2026,,"[""Yes"", ""No""]","[""27758845248116108905938290601904696673318192978073469023309257907143127713242"", ""108697217455948769911408429892729327065916817458947022597346595799084763831358""]",yes,KXUFCLIGHTWEIGHTTITLE-26-MHOL,https://kalshi.com/markets/kxufclightweighttitle-26/ufc-lightweight-title-holder-on-dec-31-2026/kxufclightweighttitle-26-mhol,2026-12-31T00:00:00Z,2026-12-31T17:00:00Z,2026-12-31T17:00:00Z
pair-0378,"Will Dan Hooker be the UFC Lightweight Champion on December 31, 2026?",default,1.0,0x48044aa03834162fec6f65e74c50a6607a659cebd603f1129df384400773eb24,will-dan-hooker-be-the-ufc-lightweight-champion-on-december-31-2026,https://polymarket.com/market/will-dan-hooker-be-the-ufc-lightweight-champion-on-december-31-2026,,"[""Yes"", ""No""]","[""23787650606735370655481032613405413500823850667213698821518077811900087856674"", ""6205939417654047986605790755845893260448833477677626606201401757758734024896""]",yes,KXUFCLIGHTWEIGHTTITLE-26-DHOO,https://kalshi.com/markets/kxufclightweighttitle-26/ufc-lightweight-title-holder-on-dec-31-2026/kxufclightweighttitle-26-dhoo,2026-12-31T00:00:00Z,2026-12-31T17:00:00Z,2026-12-31T17:00:00Z
pair-0379,"Will Mateusz Gamrot be the UFC Lightweight Champion on December 31, 2026?",default,1.0,0xdf43389b1686b4acbadadeab24d79c21b16f5564bb4af394641e16d2619c1aa1,will-mateusz-gamrot-be-the-ufc-lightweight-champion-on-december-31-2026,https://polymarket.com/market/will-mateusz-gamrot-be-the-ufc-lightweight-champion-on-december-31-2026,,"[""Yes"", ""No""]","[""58071330569983912532518572962721691962789017436314204579031888074021668609721"", ""84804039619980309363646653467714874126465768789987686713042180708142564327326""]",yes,KXUFCLIGHTWEIGHTTITLE-26-MGAM,https://kalshi.com/markets/kxufclightweighttitle-26/ufc-lightweight-title-holder-on-dec-31-2026/kxufclightweighttitle-26-mgam,2026-12-31T00:00:00Z,2026-12-31T17:00:00Z,2026-12-31T17:00:00Z
pair-0380,"Will Paddy Pimblett be the UFC Lightweight Champion on December 31, 2026?",default,1.0,0x3c37a6ecb4080c44d3da28c5d89d6979d1dd3112a6ee66face98f63a7db27b77,will-paddy-pimblett-be-the-ufc-lightweight-champion-on-december-31-2026,https://polymarket.com/market/will-paddy-pimblett-be-the-ufc-lightweight-champion-on-december-31-2026,,"[""Yes"", ""No""]","[""81590604790502881322361410316125553010822128521681208479952869274919740974531"", ""42223878090356423055854152582837363187961447924441422991785157333295622340575""]",yes,KXUFCLIGHTWEIGHTTITLE-26-PPIM,https://kalshi.com/markets/kxufclightweighttitle-26/ufc-lightweight-title-holder-on-dec-31-2026/kxufclightweighttitle-26-ppim,2026-12-31T00:00:00Z,2026-12-31T17:00:00Z,2026-12-31T17:00:00Z
pair-0383,"Will Belal Muhammad be the UFC Welterweight Champion on December 31, 2026?",default,1.0,0xf94e72c889a0f0104b12f0eb2d9364a83f20e403b50ec8d295e2bd1b2e1f30af,will-belal-muhammad-be-the-ufc-welterweight-champion-on-december-31-2026,https://polymarket.com/market/will-belal-muhammad-be-the-ufc-welterweight-champion-on-december-31-2026,,"[""Yes"", ""No""]","[""57436983810351392730880310603366900579159575771490998205302315270967581495665"", ""66517004058363258515662556808950033706466345420778370620404377763665739338683""]",yes,KXUFCWELTERWEIGHTTITLE-26-BMUH,https://kalshi.com/markets/kxufcwelterweighttitle-26/ufc-welterweight-title-holder-on-dec-31-2026/kxufcwelterweighttitle-26-bmuh,2026-12-31T00:00:00Z,2026-12-31T17:00:00Z,2026-12-31T17:00:00Z
pair-0384,"Will Sean Brady be the UFC Welterweight Champion on December 31, 2026?",default,1.0,0xbe494c850a189220f02969ca09189997bdfa3613e93f10dec8a31f0586f1d826,will-sean-brady-be-the-ufc-welterweight-champion-on-december-31-2026,https://polymarket.com/market/will-sean-brady-be-the-ufc-welterweight-champion-on-december-31-2026,,"[""Yes"", ""No""]","[""20177564753192476498668645992882088368587009249673866485690071991522572671968"", ""82289016242053575124241564501437965320955695489223700714505889669628575765330""]",yes,KXUFCWELTERWEIGHTTITLE-26-SBRA,https://kalshi.com/markets/kxufcwelterweighttitle-26/ufc-welterweight-title-holder-on-dec-31-2026/kxufcwelterweighttitle-26-sbra,2026-12-31T00:00:00Z,2026-12-31T17:00:00Z,2026-12-31T17:00:00Z
pair-0385,"Will Kamaru Usman be the UFC Welterweight Champion on December 31, 2026?",default,1.0,0x2db5b78983bf1f0dab2d7ec92bc81183153303ce08072c9282d2c9c05b9c606b,will-kamaru-usman-be-the-ufc-welterweight-champion-on-december-31-2026,https://polymarket.com/market/will-kamaru-usman-be-the-ufc-welterweight-champion-on-december-31-2026,,"[""Yes"", ""No""]","[""43532644668373301788505976258992757602292947093143643906774836562314689589635"", ""63046542983570867635453336675549200466901936166918998003651835484114710500400""]",yes,KXUFCWELTERWEIGHTTITLE-26-KUSM,https://kalshi.com/markets/kxufcwelterweighttitle-26/ufc-welterweight-title-holder-on-dec-31-2026/kxufcwelterweighttitle-26-kusm,2026-12-31T00:00:00Z,2026-12-31T17:00:00Z,2026-12-31T17:00:00Z
pair-0386,"Will Jack Della Maddalena be the UFC Welterweight Champion on December 31, 2026?",default,1.0,0x4619eba8de099e2af7c6d78ea02adaf9365b3aec04fe9da5027607448e4efd91,will-jack-della-maddalena-be-the-ufc-welterweight-champion-on-december-31-2026,https://polymarket.com/market/will-jack-della-maddalena-be-the-ufc-welterweight-champion-on-december-31-2026,,"[""Yes"", ""No""]","[""68985012782787586622646930556230094863276855926099781737477785861270375835914"", ""7295553622002533993070942001821216447688914762448273715787750138124832899443""]",yes,KXUFCWELTERWEIGHTTITLE-26-DMAD,https://kalshi.com/markets/kxufcwelterweighttitle-26/ufc-welterweight-title-holder-on-dec-31-2026/kxufcwelterweighttitle-26-dmad,2026-12-31T00:00:00Z,2026-12-31T17:00:00Z,2026-12-31T17:00:00Z
pair-0387,"Will Leon Edwards be the UFC Welterweight Champion on December 31, 2026?",default,1.0,0xe3b38d6b2dae58dfacd79807705dfe95469bef30ebf340c99b81ffa9c2a36a56,will-leon-edwards-be-the-ufc-welterweight-champion-on-december-31-2026,https://polymarket.com/market/will-leon-edwards-be-the-ufc-welterweight-champion-on-december-31-2026,,"[""Yes"", ""No""]","[""78867857392011920982601845391571407505765270067883998957732116044829956253485"", ""6699783446179042791620011361969710321739899283028398025556745569459565662496""]",yes,KXUFCWELTERWEIGHTTITLE-26-LEDW,https://kalshi.com/markets/kxufcwelterweighttitle-26/ufc-welterweight-title-holder-on-dec-31-2026/kxufcwelterweighttitle-26-ledw,2026-12-31T00:00:00Z,2026-12-31T17:00:00Z,2026-12-31T17:00:00Z
pair-0388,"Will Shavkat Rakhmonov be the UFC Welterweight Champion on December 31, 2026?",default,1.0,0xdf1a20900fec4ffd31220fbd992aa5ae659b0798c6773e5c6e4b54dcd67a33a8,will-shavkat-rakhmonov-be-the-ufc-welterweight-champion-on-december-31-2026,https://polymarket.com/market/will-shavkat-rakhmonov-be-the-ufc-welterweight-champion-on-december-31-2026,,"[""Yes"", ""No""]","[""51262511633988088938002067487857750610234620376222603139947006481796690096359"", ""84149461419821376839074399408676583747104120375926358219586545639560924030543""]",yes,KXUFCWELTERWEIGHTTITLE-26-SRAK,https://kalshi.com/markets/kxufcwelterweighttitle-26/ufc-welterweight-title-holder-on-dec-31-2026/kxufcwelterweighttitle-26-srak,2026-12-31T00:00:00Z,2026-12-31T17:00:00Z,2026-12-31T17:00:00Z
pair-0392,"Will Brandon Royval be the UFC Flyweight Champion on December 31, 2026?",default,1.0,0x97c2d0438f10dd37be32c578e718357a5f1bfd06efa5db29bbf4ade796659292,will-brandon-royval-be-the-ufc-flyweight-champion-on-december-31-2026,https://polymarket.com/market/will-brandon-royval-be-the-ufc-flyweight-champion-on-december-31-2026,,"[""Yes"", ""No""]","[""16378532440061541686560300866488577156506036017719664595359652619304354105304"", ""58631904538639205619407650291048039196920754955312190005249856353373471671190""]",yes,KXUFCFLYWEIGHTTITLE-26-BROY,https://kalshi.com/markets/kxufcflyweighttitle-26/ufc-flyweight-title-holder-on-dec-31-2026/kxufcflyweighttitle-26-broy,2026-12-31T00:00:00Z,2026-12-31T17:00:00Z,2026-12-31T17:00:00Z
pair-0393,"Will Brandon Moreno be the UFC Flyweight Champion on December 31, 2026?",default,1.0,0xd8ebca9b4fd45377d5affcbeaf85e88b0ac4b3b363db24f5244e6878e8d2ae7c,will-brandon-moreno-be-the-ufc-flyweight-champion-on-december-31-2026,https://polymarket.com/market/will-brandon-moreno-be-the-ufc-flyweight-champion-on-december-31-2026,,"[""Yes"", ""No""]","[""95050029404559112034768961053676083820963597280812405526023629282305898258478"", ""18184359940959208591781209962579756240652110266130326694409496420668268707172""]",yes,KXUFCFLYWEIGHTTITLE-26-BMOR,https://kalshi.com/markets/kxufcflyweighttitle-26/ufc-flyweight-title-holder-on-dec-31-2026/kxufcflyweighttitle-26-bmor,2026-12-31T00:00:00Z,2026-12-31T17:00:00Z,2026-12-31T17:00:00Z
pair-0394,"Will Amir Albazi be the UFC Flyweight Champion on December 31, 2026?",default,1.0,0xff89cc3bc445960784b9c0bbc6579228c2f681f2e0b2b0b50e2b75b5606ea790,will-amir-albazi-be-the-ufc-flyweight-champion-on-december-31-2026,https://polymarket.com/market/will-amir-albazi-be-the-ufc-flyweight-champion-on-december-31-2026,,"[""Yes"", ""No""]","[""27601945905551416063209824859220794432095674834946197347165423907848648510363"", ""103725953422413743472672897650509544508477933081822412518213763625105418265307""]",yes,KXUFCFLYWEIGHTTITLE-26-AALB,https://kalshi.com/markets/kxufcflyweighttitle-26/ufc-flyweight-title-holder-on-dec-31-2026/kxufcflyweighttitle-26-aalb,2026-12-31T00:00:00Z,2026-12-31T17:00:00Z,2026-12-31T17:00:00Z
pair-0396,"Will Manel Kape be the UFC Flyweight Champion on December 31, 2026?",default,1.0,0x7641183562e11eafc2104317d320903e366dbbc72365dba1b642178b606b7e8e,will-manel-kape-be-the-ufc-flyweight-champion-on-december-31-2026,https://polymarket.com/market/will-manel-kape-be-the-ufc-flyweight-champion-on-december-31-2026,,"[""Yes"", ""No""]","[""84786072093733178623464982703048632449273034834327545705181016615404031695100"", ""15350351316723951048149101434454695978330315628997617434273712709856658543733""]",yes,KXUFCFLYWEIGHTTITLE-26-MKAP,https://kalshi.com/markets/kxufcflyweighttitle-26/ufc-flyweight-title-holder-on-dec-31-2026/kxufcflyweighttitle-26-mkap,2026-12-31T00:00:00Z,2026-12-31T17:00:00Z,2026-12-31T17:00:00Z
pair-0397,"Will Petr Yan be the UFC Bantamweight Champion on December 31, 2026?",default,1.0,0xf380e5059be8629ca1eb322c23b265f4e453a0233a55ac8ee56818861b88c781,will-petr-yan-be-the-ufc-bantamweight-champion-on-december-31-2026,https://polymarket.com/market/will-petr-yan-be-the-ufc-bantamweight-champion-on-december-31-2026,,"[""Yes"", ""No""]","[""111582290315533419288012984875852804378430754577906052162266375907338857889487"", ""111543382850309041658546717463004071797230452365609295654546414763372564317909""]",yes,KXUFCBANTAMWEIGHTTITLE-26-PYAN,https://kalshi.com/markets/kxufcbantamweighttitle-26/ufc-bantamweight-title-holder-on-dec-31-2026/kxufcbantamweighttitle-26-pyan,2026-12-31T00:00:00Z,2026-12-31T17:00:00Z,2026-12-31T17:00:00Z
pair-0398,"Will Deiveson Figueiredo be the UFC Bantamweight Champion on December 31, 2026?",default,1.0,0x349837a05f087faf1c6038c886c85fdb16e9e46530b3cf8dbad172963313f47d,will-deiveson-figueiredo-be-the-ufc-bantamweight-champion-on-december-31-2026,https://polymarket.com/market/will-deiveson-figueiredo-be-the-ufc-bantamweight-champion-on-december-31-2026,,"[""Yes"", ""No""]","[""11024740882681923876748164888599101321361214435922983059334582653023740564088"", ""21762299657220467491519113886716831668027885815481416537966435229293475047360""]",yes,KXUFCBANTAMWEIGHTTITLE-26-DFIG,https://kalshi.com/markets/kxufcbantamweighttitle-26/ufc-bantamweight-title-holder-on-dec-31-2026/kxufcbantamweighttitle-26-dfig,2026-12-31T00:00:00Z,2026-12-31T17:00:00Z,2026-12-31T17:00:00Z
pair-0399,"Will Sean O'Malley be the UFC Bantamweight Champion on December 31, 2026?",default,1.0,0xfe0f6cdd4da99a36efce7516e02787672e0eacffa668e243f18e038f2e797e40,will-sean-omalley-be-the-ufc-bantamweight-champion-on-december-31-2026,https://polymarket.com/market/will-sean-omalley-be-the-ufc-bantamweight-champion-on-december-31-2026,,"[""Yes"", ""No""]","[""37531944126436716865087298086812371923490919478075074832306162393673754224072"", ""47845200556619052206394447196825936186946831492014422638130701270877480303073""]",yes,KXUFCBANTAMWEIGHTTITLE-26-SOMA,https://kalshi.com/markets/kxufcbantamweighttitle-26/ufc-bantamweight-title-holder-on-dec-31-2026/kxufcbantamweighttitle-26-soma,2026-12-31T00:00:00Z,2026-12-31T17:00:00Z,2026-12-31T17:00:00Z
pair-0400,"Will Song Yadong be the UFC Bantamweight Champion on December 31, 2026?",default,1.0,0xea688a9a90787f541780a32fd7a4f0b521eb3a32060ed2a0da0dc0a439473fda,will-song-yadong-be-the-ufc-bantamweight-champion-on-december-31-2026,https://polymarket.com/market/will-song-yadong-be-the-ufc-bantamweight-champion-on-december-31-2026,,"[""Yes"", ""No""]","[""4675208339736730505788846172007487234097437477200679841707862905563959835353"", ""44895586882943944399129039913083600170251539945677731675509215996593280471326""]",yes,KXUFCBANTAMWEIGHTTITLE-26-SYAD,https://kalshi.com/markets/kxufcbantamweighttitle-26/ufc-bantamweight-title-holder-on-dec-31-2026/kxufcbantamweighttitle-26-syad,2026-12-31T00:00:00Z,2026-12-31T17:00:00Z,2026-12-31T17:00:00Z
pair-0401,"Will Cory Sandhagen be the UFC Bantamweight Champion on December 31, 2026?",default,1.0,0x58be68a1138b5c5f2e1afe2255ecf994708ac472aedbe4b91b327aadbe3095ff,will-cory-sandhagen-be-the-ufc-bantamweight-champion-on-december-31-2026,https://polymarket.com/market/will-cory-sandhagen-be-the-ufc-bantamweight-champion-on-december-31-2026,,"[""Yes"", ""No""]","[""38677052487815989970187455199595786278186149087047586890345138094764926872993"", ""111319567642522084534371557826043544242733074799149051968202000245232261977625""]",yes,KXUFCBANTAMWEIGHTTITLE-26-CSAN,https://kalshi.com/markets/kxufcbantamweighttitle-26/ufc-bantamweight-title-holder-on-dec-31-2026/kxufcbantamweighttitle-26-csan,2026-12-31T00:00:00Z,2026-12-31T17:00:00Z,2026-12-31T17:00:00Z
pair-0403,"Will Marlon Vera be the UFC Bantamweight Champion on December 31, 2026?",default,1.0,0xd1da6624916b6737a41dc052c53286c0b4af24f5e7177c67b5dca988895d43f7,will-marlon-vera-be-the-ufc-bantamweight-champion-on-december-31-2026,https://polymarket.com/market/will-marlon-vera-be-the-ufc-bantamweight-champion-on-december-31-2026,,"[""Yes"", ""No""]","[""115732305343009549542177276581931126005578562226422973317866482425265679025939"", ""100174506014062685194231931672328469334088907659184100002848467336032103863955""]",yes,KXUFCBANTAMWEIGHTTITLE-26-MVER,https://kalshi.com/markets/kxufcbantamweighttitle-26/ufc-bantamweight-title-holder-on-dec-31-2026/kxufcbantamweighttitle-26-mver,2026-12-31T00:00:00Z,2026-12-31T17:00:00Z,2026-12-31T17:00:00Z
pair-0408,"Will Ciryl Gane be the UFC Heavyweight Champion on December 31, 2026?",default,1.0,0xa6ff20930374ae9241f48eb548a3d7d5f6f42da2bc658154b2e9425306a5f0cb,will-ciryl-gane-be-the-ufc-heavyweight-champion-on-december-31-2026,https://polymarket.com/market/will-ciryl-gane-be-the-ufc-heavyweight-champion-on-december-31-2026,,"[""Yes"", ""No""]","[""66288335433133411138266775069477704798464233908920270297845068145076438508674"", ""56933464236850119006902201987433151951196592729424580725022797452591348831513""]",yes,KXUFCHEAVYWEIGHTTITLE-26-CGAN,https://kalshi.com/markets/kxufcheavyweighttitle-26/ufc-heavyweight-title-on-dec-31-2026/kxufcheavyweighttitle-26-cgan,2026-12-31T00:00:00Z,2026-12-31T17:00:00Z,2026-12-31T17:00:00Z
pair-0410,"Will Waldo Cortes Acosta be the UFC Heavyweight Champion on December 31, 2026?",default,1.0,0xbfdcab0c470f567eeefdb84c3cba575ffcd41fdc3d9f688e60827bac76216039,will-waldo-cortes-acosta-be-the-ufc-heavyweight-champion-on-december-31-2026,https://polymarket.com/market/will-waldo-cortes-acosta-be-the-ufc-heavyweight-champion-on-december-31-2026,,"[""Yes"", ""No""]","[""68382251111756696882676623394508322878557796384701981199430925288044471412732"", ""34151835653750834331503519034419190089073012501678660352896743579484655574593""]",yes,KXUFCHEAVYWEIGHTTITLE-26-WACO,https://kalshi.com/markets/kxufcheavyweighttitle-26/ufc-heavyweight-title-on-dec-31-2026/kxufcheavyweighttitle-26-waco,2026-12-31T00:00:00Z,2026-12-31T17:00:00Z,2026-12-31T17:00:00Z
pair-0415,"Will Aljamain Sterling be the UFC Featherweight Champion on December 31, 2026?",default,1.0,0xcb1783750e711d047d2f37276565e7229cde76035d58735797653cb2d34a1680,will-aljamain-sterling-be-the-ufc-featherweight-champion-on-december-31-2026,https://polymarket.com/market/will-aljamain-sterling-be-the-ufc-featherweight-champion-on-december-31-2026,,"[""Yes"", ""No""]","[""26514609099037496398465454014349531752430929092605311429490000850530391425042"", ""23665835622227488941077758759330316570186201048264455112198338337687150158""]",yes,KXUFCFEATHERWEIGHTTITLE-26-ASTE,https://kalshi.com/markets/kxufcfeatherweighttitle-26/ufc-featherweight-title-holder-on-dec-31-2026/kxufcfeatherweighttitle-26-aste,2026-12-31T00:00:00Z,2026-12-31T17:00:00Z,2026-12-31T17:00:00Z
pair-0416,"Will Brian Ortega be the UFC Featherweight Champion on December 31, 2026?",default,1.0,0xbf1db7d5f60d7267848694876eb25594ef7c338f72c7fb4147a72f364f7c2486,will-brian-ortega-be-the-ufc-featherweight-champion-on-december-31-2026,https://polymarket.com/market/will-brian-ortega-be-the-ufc-featherweight-champion-on-december-31-2026,,"[""Yes"", ""No""]","[""29232391222007500423256904825929857835980577814286087772253223347886677475052"", ""68347176112599326790825505543009573954144902910287803156456164524366390655706""]",yes,KXUFCFEATHERWEIGHTTITLE-26-BORT,https://kalshi.com/markets/kxufcfeatherweighttitle-26/ufc-featherweight-title-holder-on-dec-31-2026/kxufcfeatherweighttitle-26-bort,2026-12-31T00:00:00Z,2026-12-31T17:00:00Z,2026-12-31T17:00:00Z
pair-0417,"Will Arnold Allen be the UFC Featherweight Champion on December 31, 2026?",default,1.0,0x11ffa3aad13807ec602a3d03a4fe023e91b4d8de20177561a38aaf8dbd9b0e46,will-arnold-allen-be-the-ufc-featherweight-champion-on-december-31-2026,https://polymarket.com/market/will-arnold-allen-be-the-ufc-featherweight-champion-on-december-31-2026,,"[""Yes"", ""No""]","[""80570263954584235506302138247737776964724100745780005821704588387677437645151"", ""56307622513284185765850014399908070657336279057631543765911663661717618721575""]",yes,KXUFCFEATHERWEIGHTTITLE-26-AALL,https://kalshi.com/markets/kxufcfeatherweighttitle-26/ufc-featherweight-title-holder-on-dec-31-2026/kxufcfeatherweighttitle-26-aall,2026-12-31T00:00:00Z,2026-12-31T17:00:00Z,2026-12-31T17:00:00Z
pair-0418,"Will Yair Rodriguez be the UFC Featherweight Champion on December 31, 2026?",default,1.0,0x538b928dc29c72b667aee2b4daf5f0af5a58f29a890cd25ab694dca328971975,will-yair-rodriguez-be-the-ufc-featherweight-champion-on-december-31-2026,https://polymarket.com/market/will-yair-rodriguez-be-the-ufc-featherweight-champion-on-december-31-2026,,"[""Yes"", ""No""]","[""23252888216274596304675463787417400782668770993498409812074302574138361573061"", ""45752281080405623372295918403271999194811558777360831017637971152445120785985""]",yes,KXUFCFEATHERWEIGHTTITLE-26-YROD,https://kalshi.com/markets/kxufcfeatherweighttitle-26/ufc-featherweight-title-holder-on-dec-31-2026/kxufcfeatherweighttitle-26-yrod,2026-12-31T00:00:00Z,2026-12-31T17:00:00Z,2026-12-31T17:00:00Z
pair-0420,"Will Lerone Murphy be the UFC Featherweight Champion on December 31, 2026?",default,1.0,0xe4b64191afb73acbc063482a0f10b03cb5819474c50214e1ea0621860235756a,will-lerone-murphy-be-the-ufc-featherweight-champion-on-december-31-2026,https://polymarket.com/market/will-lerone-murphy-be-the-ufc-featherweight-champion-on-december-31-2026,,"[""Yes"", ""No""]","[""22137769633994206759751464359053362726222166897694702109967341246588272861093"", ""42392120376250429595930551529032045476826272578171698877556795952202476559146""]",yes,KXUFCFEATHERWEIGHTTITLE-26-LMUR,https://kalshi.com/markets/kxufcfeatherweighttitle-26/ufc-featherweight-title-holder-on-dec-31-2026/kxufcfeatherweighttitle-26-lmur,2026-12-31T00:00:00Z,2026-12-31T17:00:00Z,2026-12-31T17:00:00Z
pair-0421,"Will Diego Lopes be the UFC Featherweight Champion on December 31, 2026?",default,1.0,0x379437647b5a6c05cf6bf8cbe72aaa7c4c064585e8ddc517a0329b86821333c7,will-diego-lopes-be-the-ufc-featherweight-champion-on-december-31-2026,https://polymarket.com/market/will-diego-lopes-be-the-ufc-featherweight-champion-on-december-31-2026,,"[""Yes"", ""No""]","[""48932867331465567209280907090699075721179402178458738419237341373832883151937"", ""38855766108129600832784308871321577097895370433620090532151414495412274682854""]",yes,KXUFCFEATHERWEIGHTTITLE-26-DLOP,https://kalshi.com/markets/kxufcfeatherweighttitle-26/ufc-featherweight-title-holder-on-dec-31-2026/kxufcfeatherweighttitle-26-dlop,2026-12-31T00:00:00Z,2026-12-31T17:00:00Z,2026-12-31T17:00:00Z
pair-0452,Will Drew Allar be the second pick in the 2026 NFL draft?,default,1.0,0x39403e9e68d54493fcd0f2bcc21591ecec4973f25266f0474c18344e3c36788d,will-drew-allar-be-the-second-pick-in-the-2026-nfl-draft,https://polymarket.com/market/will-drew-allar-be-the-second-pick-in-the-2026-nfl-draft,,"[""Yes"", ""No""]","[""44768533561037176453942517221728868002772125069196163637819632189909975737551"", ""86261554917980933888632684133351959904373070774890013193240011356772925020251""]",yes,KXNFLDRAFTPICK-26-2-DALL,https://kalshi.com/markets/kxnfldraftpick-26-2/pro-football-2-overall-pick/kxnfldraftpick-26-2-dall,2026-04-23T00:00:00Z,2026-05-01T00:00:00Z,2026-05-01T00:00:00Z
pair-0453,Will Kadyn Proctor be the second pick in the 2026 NFL draft?,default,1.0,0x3acc93e8e638bf487dae69eb545f4164569b41048c8af124939a2188bdb54857,will-kadyn-proctor-be-the-second-pick-in-the-2026-nfl-draft,https://polymarket.com/market/will-kadyn-proctor-be-the-second-pick-in-the-2026-nfl-draft,,"[""Yes"", ""No""]","[""71278278763606179886715575933585471997455916607857262804016485024840067465898"", ""82956401969597244636823656955968587751877611598686345319406036241384282071651""]",yes,KXNFLDRAFTPICK-26-2-KPRO,https://kalshi.com/markets/kxnfldraftpick-26-2/pro-football-2-overall-pick/kxnfldraftpick-26-2-kpro,2026-04-23T00:00:00Z,2026-05-01T00:00:00Z,2026-05-01T00:00:00Z
pair-0454,Will Kayden McDonald be the second pick in the 2026 NFL draft?,default,1.0,0x90552f81518dd3686143ddfc399ba8029856e57596870fb08ccbe489334b5908,will-kayden-mcdonald-be-the-second-pick-in-the-2026-nfl-draft,https://polymarket.com/market/will-kayden-mcdonald-be-the-second-pick-in-the-2026-nfl-draft,,"[""Yes"", ""No""]","[""23084608342157721691537383796977093727172822118364057047359059873662282748026"", ""55382754786377407458813291001058328966394739564510582878422210685422241069444""]",yes,KXNFLDRAFTPICK-26-2-KMCD,https://kalshi.com/markets/kxnfldraftpick-26-2/pro-football-2-overall-pick/kxnfldraftpick-26-2-kmcd,2026-04-23T00:00:00Z,2026-05-01T00:00:00Z,2026-05-01T00:00:00Z
pair-0455,Will Carson Beck be the second pick in the 2026 NFL draft?,default,1.0,0x287718f5d687dd4f5eb0131ecfcbf1ede57caca77d53220569923f228133ae99,will-carson-beck-be-the-second-pick-in-the-2026-nfl-draft,https://polymarket.com/market/will-carson-beck-be-the-second-pick-in-the-2026-nfl-draft,,"[""Yes"", ""No""]","[""1460907787801965244340707941339308105022557671846289554824824306330266589223"", ""1626757954195239392778044751531488797434250584102518383456738698696822609971""]",yes,KXNFLDRAFTPICK-26-2-CBEC,https://kalshi.com/markets/kxnfldraftpick-26-2/pro-football-2-overall-pick/kxnfldraftpick-26-2-cbec,2026-04-23T00:00:00Z,2026-05-01T00:00:00Z,2026-05-01T00:00:00Z
pair-0456,Will Peter Woods be the second pick in the 2026 NFL draft?,default,1.0,0xf0f488ac7c595ef859971fe1e0b14c828c10268d1e416ff27719b8bfc519146f,will-peter-woods-be-the-second-pick-in-the-2026-nfl-draft,https://polymarket.com/market/will-peter-woods-be-the-second-pick-in-the-2026-nfl-draft,,"[""Yes"", ""No""]","[""96522273122716851710624848792252589129826541520495253190941889505125096871212"", ""45723565541273205035326445489958669694948005266672093524704370899822419029744""]",yes,KXNFLDRAFTPICK-26-2-PWOO,https://kalshi.com/markets/kxnfldraftpick-26-2/pro-football-2-overall-pick/kxnfldraftpick-26-2-pwoo,2026-04-23T00:00:00Z,2026-05-01T00:00:00Z,2026-05-01T00:00:00Z
pair-0458,Will Francis Mauigoa be the second pick in the 2026 NFL draft?,default,1.0,0x76d8977cd09785035b1bca961db785592a0cd513dd086dddffaf06ffc08addff,will-francis-mauigoa-be-the-second-pick-in-the-2026-nfl-draft,https://polymarket.com/market/will-francis-mauigoa-be-the-second-pick-in-the-2026-nfl-draft,,"[""Yes"", ""No""]","[""44201886807230672146993986261442684370930976207557998849350511071055854072238"", ""48846313346500500360004416220534596550893342378092837965172707147326561938469""]",yes,KXNFLDRAFTPICK-26-2-FMAU,https://kalshi.com/markets/kxnfldraftpick-26-2/pro-football-2-overall-pick/kxnfldraftpick-26-2-fmau,2026-04-23T00:00:00Z,2026-05-01T00:00:00Z,2026-05-01T00:00:00Z
pair-0459,Will Jeremiyah Love be the second pick in the 2026 NFL draft?,default,1.0,0xe2fe99feb032b3d83d078f65410ecc5631c2abe45bd74a9999d700046a65e025,will-jeremiyah-love-be-the-second-pick-in-the-2026-nfl-draft,https://polymarket.com/market/will-jeremiyah-love-be-the-second-pick-in-the-2026-nfl-draft,,"[""Yes"", ""No""]","[""93877289436606012120253329330541663865545730481052487789586161535821967663348"", ""12482126485704553427054562801222411372632839483089312744051871077753709300470""]",yes,KXNFLDRAFTPICK-26-2-JLOV,https://kalshi.com/markets/kxnfldraftpick-26-2/pro-football-2-overall-pick/kxnfldraftpick-26-2-jlov,2026-04-23T00:00:00Z,2026-05-01T00:00:00Z,2026-05-01T00:00:00Z
pair-0460,Will David Bailey be the second pick in the 2026 NFL draft?,default,1.0,0x080e961df4eba589f5f9bf88252a58442e873a3a300a7b943c90b04a7b01e2c0,will-david-bailey-be-the-second-pick-in-the-2026-nfl-draft,https://polymarket.com/market/will-david-bailey-be-the-second-pick-in-the-2026-nfl-draft,,"[""Yes"", ""No""]","[""65453826624858032754810766028234202365075553547174425673243499825615793693326"", ""62173476542984945552139532303070448991454797158599903992967778668362293208924""]",yes,KXNFLDRAFTPICK-26-2-DBAI,https://kalshi.com/markets/kxnfldraftpick-26-2/pro-football-2-overall-pick/kxnfldraftpick-26-2-dbai,2026-04-23T00:00:00Z,2026-05-01T00:00:00Z,2026-05-01T00:00:00Z
pair-0461,Will Carnell Tate be the second pick in the 2026 NFL draft?,default,1.0,0x57313d3240e68ce29361583b9ab66d8272d90dc522e27ace1448471152a242f3,will-carnell-tate-be-the-second-pick-in-the-2026-nfl-draft,https://polymarket.com/market/will-carnell-tate-be-the-second-pick-in-the-2026-nfl-draft,,"[""Yes"", ""No""]","[""111869871658984587402207886195548829414940682980587757557842032081406621793951"", ""72107068916669712780307239964874106496137708424059867326714065389404369650251""]",yes,KXNFLDRAFTPICK-26-2-CTAT,https://kalshi.com/markets/kxnfldraftpick-26-2/pro-football-2-overall-pick/kxnfldraftpick-26-2-ctat,2026-04-23T00:00:00Z,2026-05-01T00:00:00Z,2026-05-01T00:00:00Z
pair-0462,Will Arvell Reese be the second pick in the 2026 NFL draft?,default,1.0,0xe1e8774bbe9028296cd9bf51eb78755f44893b940a952d26c9c78febc8452a7f,will-arvell-reese-be-the-second-pick-in-the-2026-nfl-draft,https://polymarket.com/market/will-arvell-reese-be-the-second-pick-in-the-2026-nfl-draft,,"[""Yes"", ""No""]","[""43483787162819761322284143699786281244593930870400936892667543533847265592777"", ""112772481256164174262836974389325431333679275611745185693398635957636105602558""]",yes,KXNFLDRAFTPICK-26-2-AREE,https://kalshi.com/markets/kxnfldraftpick-26-2/pro-football-2-overall-pick/kxnfldraftpick-26-2-aree,2026-04-23T00:00:00Z,2026-05-01T00:00:00Z,2026-05-01T00:00:00Z
pair-0463,Will Caleb Downs be the second pick in the 2026 NFL draft?,default,1.0,0x31e2f235fcde646ed9626b5b4d6965c0f74301fde4668f49c852c80851606740,will-caleb-downs-be-the-second-pick-in-the-2026-nfl-draft,https://polymarket.com/market/will-caleb-downs-be-the-second-pick-in-the-2026-nfl-draft,,"[""Yes"", ""No""]","[""29818634345020944070370814680348297164003055179689373598265753476796256630666"", ""73235226141036321881951035691367744069061368801671637806903141657042324051539""]",yes,KXNFLDRAFTPICK-26-2-CDOW,https://kalshi.com/markets/kxnfldraftpick-26-2/pro-football-2-overall-pick/kxnfldraftpick-26-2-cdow,2026-04-23T00:00:00Z,2026-05-01T00:00:00Z,2026-05-01T00:00:00Z
pair-0464,Will Keldric Faulk be the second pick in the 2026 NFL draft?,default,1.0,0xefa1b72262b9a676408114da10b5bd6fef9611d7b499825114544aa2f0da090b,will-keldric-faulk-be-the-second-pick-in-the-2026-nfl-draft,https://polymarket.com/market/will-keldric-faulk-be-the-second-pick-in-the-2026-nfl-draft,,"[""Yes"", ""No""]","[""37321095144595409424872785619960368146788670368618697795831816899281578996541"", ""38117407796482765012100757287745345716115605879058290121161579354695410382969""]",yes,KXNFLDRAFTPICK-26-2-KFAU,https://kalshi.com/markets/kxnfldraftpick-26-2/pro-football-2-overall-pick/kxnfldraftpick-26-2-kfau,2026-04-23T00:00:00Z,2026-05-01T00:00:00Z,2026-05-01T00:00:00Z
pair-0465,Will Ty Simpson be the second pick in the 2026 NFL draft?,default,1.0,0xe42bb5fca1afee7fec159908b74ef89dae288a7411a366689ad77b5686591023,will-ty-simpson-be-the-second-pick-in-the-2026-nfl-draft,https://polymarket.com/market/will-ty-simpson-be-the-second-pick-in-the-2026-nfl-draft,,"[""Yes"", ""No""]","[""94345323575151877388189546099511387720238959441900366942185466845194334655615"", ""60345249183499660768231804905045736533176292686179122572466761523921577441696""]",yes,KXNFLDRAFTPICK-26-2-TSIM,https://kalshi.com/markets/kxnfldraftpick-26-2/pro-football-2-overall-pick/kxnfldraftpick-26-2-tsim,2026-04-23T00:00:00Z,2026-05-01T00:00:00Z,2026-05-01T00:00:00Z
pair-0466,Will Jordyn Tyson be the second pick in the 2026 NFL draft?,default,1.0,0xb2cb7111bdb4ff8590c236af50a48f13a9a0dd25608b4aeecaf810b2bc3335e5,will-jordyn-tyson-be-the-second-pick-in-the-2026-nfl-draft,https://polymarket.com/market/will-jordyn-tyson-be-the-second-pick-in-the-2026-nfl-draft,,"[""Yes"", ""No""]","[""42028723119703217758145029807499627474370705131339268776813752175890967357670"", ""106634733181573581463493395697560695293477925961321766523192250267311814295975""]",yes,KXNFLDRAFTPICK-26-2-JTYS,https://kalshi.com/markets/kxnfldraftpick-26-2/pro-football-2-overall-pick/kxnfldraftpick-26-2-jtys,2026-04-23T00:00:00Z,2026-05-01T00:00:00Z,2026-05-01T00:00:00Z
pair-0467,Will Sonny Styles be the second pick in the 2026 NFL draft?,default,1.0,0x6c04bba742b0f22f9b88b9c8ebce371c14d623a0ed7d93a3251d3efa1d051a7f,will-sonny-styles-be-the-second-pick-in-the-2026-nfl-draft,https://polymarket.com/market/will-sonny-styles-be-the-second-pick-in-the-2026-nfl-draft,,"[""Yes"", ""No""]","[""71278873272786746317120635760670113214699920344044901135407793584902787789116"", ""97857298252592415941671324569933557998691597296665859602309402484124095555722""]",yes,KXNFLDRAFTPICK-26-2-SSTY,https://kalshi.com/markets/kxnfldraftpick-26-2/pro-football-2-overall-pick/kxnfldraftpick-26-2-ssty,2026-04-23T00:00:00Z,2026-05-01T00:00:00Z,2026-05-01T00:00:00Z
pair-0468,Will Rueben Bain Jr. be the third pick in the 2026 NFL draft?,default,1.0,0x1b1265e7a1868cbcd42480e40a68af3cd790b35094cdd2435eca9e852757a4df,will-rueben-bain-jr-be-the-third-pick-in-the-2026-nfl-draft,https://polymarket.com/market/will-rueben-bain-jr-be-the-third-pick-in-the-2026-nfl-draft,,"[""Yes"", ""No""]","[""110768763421746014427231508334251838151325427013121448667667736639497758269773"", ""18228323043474005570165004980132800248465189807899974383973184176302546127251""]",yes,KXNFLDRAFTPICK-26-3-RBAI,https://kalshi.com/markets/kxnfldraftpick-26-3/pro-football-3-overall-pick/kxnfldraftpick-26-3-rbai,2026-04-23T00:00:00Z,2026-05-01T00:00:00Z,2026-05-01T00:00:00Z
pair-0469,Will Kayden McDonald be the third pick in the 2026 NFL draft?,default,1.0,0x795888ddd53eac8e9573d18d44fbaa8704fa12e258df85f4d2600b4c5a31dcb8,will-kayden-mcdonald-be-the-third-pick-in-the-2026-nfl-draft,https://polymarket.com/market/will-kayden-mcdonald-be-the-third-pick-in-the-2026-nfl-draft,,"[""Yes"", ""No""]","[""48817760092097722657256915649999284743137412709350167042878678294992791058875"", ""18017517877482229184793370412010697000267299380106497555314887002575715186502""]",yes,KXNFLDRAFTPICK-26-3-KMCD,https://kalshi.com/markets/kxnfldraftpick-26-3/pro-football-3-overall-pick/kxnfldraftpick-26-3-kmcd,2026-04-23T00:00:00Z,2026-05-01T00:00:00Z,2026-05-01T00:00:00Z
pair-0470,Will Jeremiyah Love be the third pick in the 2026 NFL draft?,default,1.0,0x61d1b2fe0eb1b21b502e7a65e443de0b65bebf5f4ff646dbf779d0315851e943,will-jeremiyah-love-be-the-third-pick-in-the-2026-nfl-draft,https://polymarket.com/market/will-jeremiyah-love-be-the-third-pick-in-the-2026-nfl-draft,,"[""Yes"", ""No""]","[""64252466359759524101680640382777385757014195079394424381698894232502433555032"", ""19331863199782398767965357194898944742881478290341158341172189721654790313641""]",yes,KXNFLDRAFTPICK-26-3-JLOV,https://kalshi.com/markets/kxnfldraftpick-26-3/pro-football-3-overall-pick/kxnfldraftpick-26-3-jlov,2026-04-23T00:00:00Z,2026-05-01T00:00:00Z,2026-05-01T00:00:00Z
pair-0472,Will Sonny Styles be the third pick in the 2026 NFL draft?,default,1.0,0x308d655d4e835d6d549f29d3d6505c1a66c200df7c74655931eeaea72c0ec48f,will-sonny-styles-be-the-third-pick-in-the-2026-nfl-draft,https://polymarket.com/market/will-sonny-styles-be-the-third-pick-in-the-2026-nfl-draft,,"[""Yes"", ""No""]","[""44168208867165802417245545031942009964193728092060871308620131767612157231892"", ""21659678301908572778795767919133658729591111506414400100256181828326794407254""]",yes,KXNFLDRAFTPICK-26-3-SSTY,https://kalshi.com/markets/kxnfldraftpick-26-3/pro-football-3-overall-pick/kxnfldraftpick-26-3-ssty,2026-04-23T00:00:00Z,2026-05-01T00:00:00Z,2026-05-01T00:00:00Z
pair-0474,Will Ty Simpson be the third pick in the 2026 NFL draft?,default,1.0,0x1e1e3da0d5f7c5fcdf9ad0bf027426092225493fd3d3b38a753d9376987459f9,will-ty-simpson-be-the-third-pick-in-the-2026-nfl-draft,https://polymarket.com/market/will-ty-simpson-be-the-third-pick-in-the-2026-nfl-draft,,"[""Yes"", ""No""]","[""54478915362035445174798514132184660670283881926653787260441142723224448019544"", ""18414984707149524457173655763951375201979767284862186634267999133368541920212""]",yes,KXNFLDRAFTPICK-26-3-TSIM,https://kalshi.com/markets/kxnfldraftpick-26-3/pro-football-3-overall-pick/kxnfldraftpick-26-3-tsim,2026-04-23T00:00:00Z,2026-05-01T00:00:00Z,2026-05-01T00:00:00Z
pair-0476,Will Caleb Downs be the third pick in the 2026 NFL draft?,default,1.0,0x990ca0d31c1bdbef2473c507af4f2856bd5187313a07ebd58f1f828ae2b1bd5f,will-caleb-downs-be-the-third-pick-in-the-2026-nfl-draft,https://polymarket.com/market/will-caleb-downs-be-the-third-pick-in-the-2026-nfl-draft,,"[""Yes"", ""No""]","[""63968933497992567087826536052271110824315236637472436677610366267734678356685"", ""89038770790657082926980185643378278796789600318078328643370867672219966613336""]",yes,KXNFLDRAFTPICK-26-3-CDOW,https://kalshi.com/markets/kxnfldraftpick-26-3/pro-football-3-overall-pick/kxnfldraftpick-26-3-cdow,2026-04-23T00:00:00Z,2026-05-01T00:00:00Z,2026-05-01T00:00:00Z
pair-0479,Will Spencer Fano be the third pick in the 2026 NFL draft?,default,1.0,0xb606ee54e5c915ff0fb63fe58bf2910414f425549f817ad9df988558ef300f8c,will-spencer-fano-be-the-third-pick-in-the-2026-nfl-draft,https://polymarket.com/market/will-spencer-fano-be-the-third-pick-in-the-2026-nfl-draft,,"[""Yes"", ""No""]","[""48103015557645432598648376786954201541780785553972646425406210677568838764942"", ""101478769142413116606288444948195037126592617840218891701350626993921662110901""]",yes,KXNFLDRAFTPICK-26-3-SFAN,https://kalshi.com/markets/kxnfldraftpick-26-3/pro-football-3-overall-pick/kxnfldraftpick-26-3-sfan,2026-04-23T00:00:00Z,2026-05-01T00:00:00Z,2026-05-01T00:00:00Z
pair-0481,Will Drew Allar be the third pick in the 2026 NFL draft?,default,1.0,0x730113b67f8cfc3db04cd18ecf8ab9e33d70183676b0d4b8922d382541694cfb,will-drew-allar-be-the-third-pick-in-the-2026-nfl-draft,https://polymarket.com/market/will-drew-allar-be-the-third-pick-in-the-2026-nfl-draft,,"[""Yes"", ""No""]","[""23434521265620519249504886981515117274690252220537727189900909915076522063182"", ""108790883850480218798224691487090651973540819966744694868275431241297022281220""]",yes,KXNFLDRAFTPICK-26-3-DALL,https://kalshi.com/markets/kxnfldraftpick-26-3/pro-football-3-overall-pick/kxnfldraftpick-26-3-dall,2026-04-23T00:00:00Z,2026-05-01T00:00:00Z,2026-05-01T00:00:00Z
pair-0482,Will Jordyn Tyson be the third pick in the 2026 NFL draft?,default,1.0,0x7befd92fcd7b0f628f9976291e7c316624688c1f28b2fee4363353165ef7420c,will-jordyn-tyson-be-the-third-pick-in-the-2026-nfl-draft,https://polymarket.com/market/will-jordyn-tyson-be-the-third-pick-in-the-2026-nfl-draft,,"[""Yes"", ""No""]","[""62777768297994868926578002364518602035054332315513543385661042550080690957895"", ""53723943093056279041819253996998020230266045922710592575824435456641517493645""]",yes,KXNFLDRAFTPICK-26-3-JTYS,https://kalshi.com/markets/kxnfldraftpick-26-3/pro-football-3-overall-pick/kxnfldraftpick-26-3-jtys,2026-04-23T00:00:00Z,2026-05-01T00:00:00Z,2026-05-01T00:00:00Z
pair-0488,Will AJ Dybantsa be the first pick in the 2026 NBA draft?,default,1.0,0xaf13295bb3ad70cbb2939479477adb281b6b65a2362c1a5ea3fc9451644275f4,will-aj-dybantsa-be-the-first-pick-in-the-2026-nba-draft,https://polymarket.com/market/will-aj-dybantsa-be-the-first-pick-in-the-2026-nba-draft,,"[""Yes"", ""No""]","[""3984616423194530948071484088101383550752729740555612260169262905210851632809"", ""101746300066879227658650827050374661300669879754099839131894752881356574367850""]",yes,KXNBADRAFT1-26-ADYB,https://kalshi.com/markets/kxnbadraft1-26/pro-basketball-1-overall-pick/kxnbadraft1-26-adyb,2026-06-25T00:00:00Z,2026-07-07T14:00:00Z,2026-07-07T14:00:00Z
pair-0489,Will Nate Ament be the first pick in the 2026 NBA draft?,default,1.0,0x9058616cdf098ebf0cfa084ef0e1e713d3a4a3673ff0dace425601af18036454,will-nate-ament-be-the-first-pick-in-the-2026-nba-draft,https://polymarket.com/market/will-nate-ament-be-the-first-pick-in-the-2026-nba-draft,,"[""Yes"", ""No""]","[""57609887195037651506583961884268226053909579066856986978084846949202474295539"", ""107728416261207900907069657732616040445373106618328741738622549530167757935897""]",yes,KXNBADRAFT1-26-NAME,https://kalshi.com/markets/kxnbadraft1-26/pro-basketball-1-overall-pick/kxnbadraft1-26-name,2026-06-25T00:00:00Z,2026-07-07T14:00:00Z,2026-07-07T14:00:00Z
pair-0490,Will Caleb Wilson be the first pick in the 2026 NBA draft?,default,1.0,0xe28c0e484cd0707449bb2159b48c59f54cee9990525557dba6247948d19437ed,will-caleb-wilson-be-the-first-pick-in-the-2026-nba-draft,https://polymarket.com/market/will-caleb-wilson-be-the-first-pick-in-the-2026-nba-draft,,"[""Yes"", ""No""]","[""45686075707025032292698835905525642141177018651316811786733001057662395145187"", ""5583791690678213553382162193222641452539581462837792382846876097172987944808""]",yes,KXNBADRAFT1-26-1-CWIL,https://kalshi.com/markets/kxnbadraft1-26/pro-basketball-1-overall-pick/kxnbadraft1-26-1-cwil,2026-06-25T00:00:00Z,2026-07-07T14:00:00Z,2026-07-07T14:00:00Z
pair-0491,Will Lucas Leon win American Idol Season 24?,default,1.0,0xfca9665f9a68681e18048117e96eb9c36575d7e2609894acf4962e55e2228c47,will-lucas-leon-win-american-idol-season-24,https://polymarket.com/market/will-lucas-leon-win-american-idol-season-24,,"[""Yes"", ""No""]","[""44765520563063835684861960498026713055023400449767327920674867062262881355574"", ""75714898544053544829339957515385715053066885377962576748105629652764227334611""]",yes,KXAMERICANIDOL-26DEC31-LUC,https://kalshi.com/markets/kxamericanidol-26dec31/who-will-win-american-idol/kxamericanidol-26dec31-luc,2026-05-11T00:00:00Z,2027-01-07T15:00:00Z,2027-01-07T15:00:00Z
pair-0492,Will Brooks Rosser win American Idol Season 24?,default,1.0,0x5eb37fd7b372c42d67ea381c9a26a70c19933360d191b3ca151254d960c43940,will-brooks-rosser-win-american-idol-season-24,https://polymarket.com/market/will-brooks-rosser-win-american-idol-season-24,,"[""Yes"", ""No""]","[""5899940547103947964299353195725081025098379516587541469615686475083125835753"", ""103413290350495652352524674850785946279173087085625776965843097224480869539138""]",yes,KXAMERICANIDOL-26DEC31-BRO,https://kalshi.com/markets/kxamericanidol-26dec31/who-will-win-american-idol/kxamericanidol-26dec31-bro,2026-05-11T00:00:00Z,2027-01-07T15:00:00Z,2027-01-07T15:00:00Z
pair-0493,Will Jordan McCullough win American Idol Season 24?,default,1.0,0x467a1b23cc47ac37b0d85d262210555ee7879941a244bc1ab58e56606244a519,will-jordan-mccullough-win-american-idol-season-24,https://polymarket.com/market/will-jordan-mccullough-win-american-idol-season-24,,"[""Yes"", ""No""]","[""101196047441368559523766229938978326717058904712149150100777856845660354580687"", ""104023526362989915261583595701438256657507545369923749679271462895506513785895""]",yes,KXAMERICANIDOL-26DEC31-JOR,https://kalshi.com/markets/kxamericanidol-26dec31/who-will-win-american-idol/kxamericanidol-26dec31-jor,2026-05-11T00:00:00Z,2027-01-07T15:00:00Z,2027-01-07T15:00:00Z
pair-0494,Will Ruby Rae win American Idol Season 24?,default,1.0,0xc8b6cee6936021077b659338f6445f58a7181ed6e1796b6e5602fa926ee2ff06,will-ruby-rae-win-american-idol-season-24,https://polymarket.com/market/will-ruby-rae-win-american-idol-season-24,,"[""Yes"", ""No""]","[""8374369059055833403641213025650402174477408891625494748132490485396968230100"", ""61775795569448309046681246318425807431671132816537127037453622028354405319881""]",yes,KXAMERICANIDOL-26DEC31-RAE,https://kalshi.com/markets/kxamericanidol-26dec31/who-will-win-american-idol/kxamericanidol-26dec31-rae,2026-05-11T00:00:00Z,2027-01-07T15:00:00Z,2027-01-07T15:00:00Z
pair-0495,Will Rae win American Idol Season 24?,default,1.0,0xe92d1c58280b4d7631f687f030e0da6240606b0f0b42f85789a1bca5a7b14aba,will-rae-win-american-idol-season-24,https://polymarket.com/market/will-rae-win-american-idol-season-24,,"[""Yes"", ""No""]","[""105887134284133024061107428298314728351090923471436242890422311867766150742845"", ""68648969982839724540367621343216538361005877786054119532404088879524714597930""]",yes,KXAMERICANIDOL-26DEC31-RAE,https://kalshi.com/markets/kxamericanidol-26dec31/who-will-win-american-idol/kxamericanidol-26dec31-rae,2026-05-11T00:00:00Z,2027-01-07T15:00:00Z,2027-01-07T15:00:00Z
pair-0496,Will Abayomi win American Idol Season 24?,default,1.0,0x1826351db840040a430fcbb0c980599b6c8cc8810a8a3d91303815e0e02ea37d,will-abayomi-win-american-idol-season-24,https://polymarket.com/market/will-abayomi-win-american-idol-season-24,,"[""Yes"", ""No""]","[""13434906876370018351097104497506384835944071197082501148077473230695381917093"", ""61446326849061665203663090965364481194774955328613019143252395253172985397964""]",yes,KXAMERICANIDOL-26DEC31-ABA,https://kalshi.com/markets/kxamericanidol-26dec31/who-will-win-american-idol/kxamericanidol-26dec31-aba,2026-05-11T00:00:00Z,2027-01-07T15:00:00Z,2027-01-07T15:00:00Z
pair-0497,Will Hannah Harper win American Idol Season 24?,default,1.0,0x1efa3877225e6148aa7405f97f99fe6e83adc4851aa3214136ccf722150422f4,will-hannah-harper-win-american-idol-season-24,https://polymarket.com/market/will-hannah-harper-win-american-idol-season-24,,"[""Yes"", ""No""]","[""77982815809022970466252155239754270301440782540864829782771205254806627613714"", ""70719416803512890997125187106412986231509853172812289991508001108141539386921""]",yes,KXAMERICANIDOL-26DEC31-HAN,https://kalshi.com/markets/kxamericanidol-26dec31/who-will-win-american-idol/kxamericanidol-26dec31-han,2026-05-11T00:00:00Z,2027-01-07T15:00:00Z,2027-01-07T15:00:00Z
pair-0499,Will Philmon Lee win American Idol Season 24?,default,1.0,0x7cd8b9ff7fd68dfaf0ef35380ca5606b536b35319ac6977af15c0aedda4f69bc,will-philmon-lee-win-american-idol-season-24,https://polymarket.com/market/will-philmon-lee-win-american-idol-season-24,,"[""Yes"", ""No""]","[""37674303578223078569073090001121037485399807323334275335990716032407832268746"", ""30253471060660452521398485223561567697946857290549899528246726750962460082954""]",yes,KXAMERICANIDOL-26DEC31-PHI,https://kalshi.com/markets/kxamericanidol-26dec31/who-will-win-american-idol/kxamericanidol-26dec31-phi,2026-05-11T00:00:00Z,2027-01-07T15:00:00Z,2027-01-07T15:00:00Z
pair-0500,Will Chris Tungseth win American Idol Season 24?,default,1.0,0x18e90584389db9db1a20aa11c4aad6827867367f2f92f061a239e5bfa9f51286,will-chris-tungseth-win-american-idol-season-24,https://polymarket.com/market/will-chris-tungseth-win-american-idol-season-24,,"[""Yes"", ""No""]","[""17118092813304672350843616895147489060557955939270830438648737855960261704855"", ""60393055402797048969241398784335876294988584256272554417155370033134514997596""]",yes,KXAMERICANIDOL-26DEC31-CHR,https://kalshi.com/markets/kxamericanidol-26dec31/who-will-win-american-idol/kxamericanidol-26dec31-chr,2026-05-11T00:00:00Z,2027-01-07T15:00:00Z,2027-01-07T15:00:00Z
pair-0501,Will Braden Rumfelt win American Idol Season 24?,default,1.0,0x344d7c781176ec4f5c5c58b0ccf4f23d0e7d6d60a8ce107375b9e60f86dcbbd8,will-braden-rumfelt-win-american-idol-season-24,https://polymarket.com/market/will-braden-rumfelt-win-american-idol-season-24,,"[""Yes"", ""No""]","[""887559303105759418053433342575644339049282996722675439606089635728180583095"", ""52122960638296178217532107316153213233283563085018668195507482268960874654232""]",yes,KXAMERICANIDOL-26DEC31-BRA,https://kalshi.com/markets/kxamericanidol-26dec31/who-will-win-american-idol/kxamericanidol-26dec31-bra,2026-05-11T00:00:00Z,2027-01-07T15:00:00Z,2027-01-07T15:00:00Z
pair-0502,Will Jake Thistle win American Idol Season 24?,default,1.0,0x98e4e069785ec2ecef0a73afec5d21125ab6c4328330f100c5e7e9de5f78cd4e,will-jake-thistle-win-american-idol-season-24,https://polymarket.com/market/will-jake-thistle-win-american-idol-season-24,,"[""Yes"", ""No""]","[""23036080787687402725127887643904102104218170308895915858686864434440468325001"", ""65441848925163029995393622672275685676075430890247227263488637639231212167792""]",yes,KXAMERICANIDOL-26DEC31-JAK,https://kalshi.com/markets/kxamericanidol-26dec31/who-will-win-american-idol/kxamericanidol-26dec31-jak,2026-05-11T00:00:00Z,2027-01-07T15:00:00Z,2027-01-07T15:00:00Z
pair-0505,Will Madison Moon win American Idol Season 24?,default,1.0,0x7f3deb30047d8277244c0752159a3e20af7dbdca44a16117f026aeaa0a9f81bd,will-madison-moon-win-american-idol-season-24,https://polymarket.com/market/will-madison-moon-win-american-idol-season-24,,"[""Yes"", ""No""]","[""79540651599787590649438615249426906250089664811930907779555857453208956811945"", ""70894222147658137777635865579448673493466793099082471152461608421589536336358""]",yes,KXAMERICANIDOL-26DEC31-MAD,https://kalshi.com/markets/kxamericanidol-26dec31/who-will-win-american-idol/kxamericanidol-26dec31-mad,2026-05-11T00:00:00Z,2027-01-07T15:00:00Z,2027-01-07T15:00:00Z
pair-0506,Will Genevieve Heyward win American Idol Season 24?,default,1.0,0xde59dee7cc6b8ead4cf71f70b2ee5c3203083e52548cec22ae12d6fc71166746,will-genevieve-heyward-win-american-idol-season-24,https://polymarket.com/market/will-genevieve-heyward-win-american-idol-season-24,,"[""Yes"", ""No""]","[""58133657493932245073669117083192698878833200352675936149234119040191683782648"", ""38814646689693323618966365040669400464934545242940055523754223745963593716492""]",yes,KXAMERICANIDOL-26DEC31-GEN,https://kalshi.com/markets/kxamericanidol-26dec31/who-will-win-american-idol/kxamericanidol-26dec31-gen,2026-05-11T00:00:00Z,2027-01-07T15:00:00Z,2027-01-07T15:00:00Z
pair-0508,Will Sheldon Riley win American Idol Season 24?,default,1.0,0xc2b3262bbd7dfbfb34e50e764c5ee22fe1fa749e8a8cb2891780bf551c853ff0,will-sheldon-riley-win-american-idol-season-24,https://polymarket.com/market/will-sheldon-riley-win-american-idol-season-24,,"[""Yes"", ""No""]","[""12277303450105519266123279251724662114046045994992398850479003719902811068372"", ""46165970337956305063829896938035272779079717921440273335928071926950444067742""]",yes,KXAMERICANIDOL-26DEC31-SHE,https://kalshi.com/markets/kxamericanidol-26dec31/who-will-win-american-idol/kxamericanidol-26dec31-she,2026-05-11T00:00:00Z,2027-01-07T15:00:00Z,2027-01-07T15:00:00Z
pair-0510,Will Brianna Yancey win American Idol Season 24?,default,1.0,0x59622cd2a507963e53d36f61d0ea825524d79f93e9923bc8fbcd0b7ebbb8bde0,will-brianna-yancey-win-american-idol-season-24,https://polymarket.com/market/will-brianna-yancey-win-american-idol-season-24,,"[""Yes"", ""No""]","[""61507324240870915400616937784469951731672516990462148909684343103623362787730"", ""115138320199088569919482963006220085299796465618756875683887593932344560214186""]",yes,KXAMERICANIDOL-26DEC31-BRI,https://kalshi.com/markets/kxamericanidol-26dec31/who-will-win-american-idol/kxamericanidol-26dec31-bri,2026-05-11T00:00:00Z,2027-01-07T15:00:00Z,2027-01-07T15:00:00Z
pair-0511,Will Kiera Howell win American Idol Season 24?,default,1.0,0x500b292c52e4483976db6f2712b58195896b66183019169290093920ced32334,will-kiera-howell-win-american-idol-season-24,https://polymarket.com/market/will-kiera-howell-win-american-idol-season-24,,"[""Yes"", ""No""]","[""36781638950905150910435370275178625751176171075411669112750527326096193519178"", ""61044839206993349655494778274300834165344842965810834675717542102779795333617""]",yes,KXAMERICANIDOL-26DEC31-KIE,https://kalshi.com/markets/kxamericanidol-26dec31/who-will-win-american-idol/kxamericanidol-26dec31-kie,2026-05-11T00:00:00Z,2027-01-07T15:00:00Z,2027-01-07T15:00:00Z
pair-0513,Will Keyla Richardson win American Idol Season 24?,default,1.0,0x044662937f0b66e72b1280d6c095eaf5301561dc216cc4b53b4c7ad4825209ad,will-keyla-richardson-win-american-idol-season-24,https://polymarket.com/market/will-keyla-richardson-win-american-idol-season-24,,"[""Yes"", ""No""]","[""74580293020307827615066653964919458104692802475778622103066527843165891143627"", ""97962035805607813515197193167032996589292269163055479344514043376782301611815""]",yes,KXAMERICANIDOL-26DEC31-KEY,https://kalshi.com/markets/kxamericanidol-26dec31/who-will-win-american-idol/kxamericanidol-26dec31-key,2026-05-11T00:00:00Z,2027-01-07T15:00:00Z,2027-01-07T15:00:00Z
pair-0514,Will Kyndal Inskeep win American Idol Season 24?,default,1.0,0x8a18f9731b10e1de7251cc0afec4afe2ad835d9f4a304eda5747b4ddacd1ab4a,will-kyndal-inskeep-win-american-idol-season-24,https://polymarket.com/market/will-kyndal-inskeep-win-american-idol-season-24,,"[""Yes"", ""No""]","[""97146650145254077490607808072995888463872017336968328487819155944605281023032"", ""53927689722139151507924284974545435631960319556550671846904641078162817632845""]",yes,KXAMERICANIDOL-26DEC31-KYN,https://kalshi.com/markets/kxamericanidol-26dec31/who-will-win-american-idol/kxamericanidol-26dec31-kyn,2026-05-11T00:00:00Z,2027-01-07T15:00:00Z,2027-01-07T15:00:00Z
pair-0515,Will Daniel Stallworth win American Idol Season 24?,default,1.0,0x4b0bd430be7b4af8afbaca64362be6b4c4e5c37b494b5286a844bd383c2a53ac,will-daniel-stallworth-win-american-idol-season-24,https://polymarket.com/market/will-daniel-stallworth-win-american-idol-season-24,,"[""Yes"", ""No""]","[""107736020154377637222611799394402400920311650757466298118879785982826723784746"", ""75235136962166589426467587290679031710780557243872901805128432318069656645305""]",yes,KXAMERICANIDOL-26DEC31-DAN,https://kalshi.com/markets/kxamericanidol-26dec31/who-will-win-american-idol/kxamericanidol-26dec31-dan,2026-05-11T00:00:00Z,2027-01-07T15:00:00Z,2027-01-07T15:00:00Z
pair-0516,Will Kutter Bradley win American Idol Season 24?,default,1.0,0xdcc347711efe94a2eba5ee224eb33ecce347a95f199f076662da9e8256d6e2a6,will-kutter-bradley-win-american-idol-season-24,https://polymarket.com/market/will-kutter-bradley-win-american-idol-season-24,,"[""Yes"", ""No""]","[""82882725610553703350874204334307350354325896568657247466916451980753440181482"", ""114711818468868036226987432623177769016729124592935344993979465932823839001631""]",yes,KXAMERICANIDOL-26DEC31-KUT,https://kalshi.com/markets/kxamericanidol-26dec31/who-will-win-american-idol/kxamericanidol-26dec31-kut,2026-05-11T00:00:00Z,2027-01-07T15:00:00Z,2027-01-07T15:00:00Z
pair-0519,Will Tianna Roberts win American Idol Season 24?,default,1.0,0xae67ae3bbe2e4e9176a16bfd45e2735acb9e77b61817075d654d0453ce2833c2,will-tianna-roberts-win-american-idol-season-24,https://polymarket.com/market/will-tianna-roberts-win-american-idol-season-24,,"[""Yes"", ""No""]","[""37404831460256624106619327528823658977428667017054692584125705505665917191569"", ""27489035958820640551822508073821993394831483333806303908887837891184296474004""]",yes,KXAMERICANIDOL-26DEC31-TIA,https://kalshi.com/markets/kxamericanidol-26dec31/who-will-win-american-idol/kxamericanidol-26dec31-tia,2026-05-11T00:00:00Z,2027-01-07T15:00:00Z,2027-01-07T15:00:00Z
pair-0520,Will Jesse Findling win American Idol Season 24?,default,1.0,0x923c1daf8099305dde361c687788a9b29e14d0b280f72dc53e8302be27f67b39,will-jesse-findling-win-american-idol-season-24,https://polymarket.com/market/will-jesse-findling-win-american-idol-season-24,,"[""Yes"", ""No""]","[""90050711943098052015925755394428408778210374984872521110190780985655406759862"", ""29060959390478969755968254390616392381680018736285250418384803385739290963057""]",yes,KXAMERICANIDOL-26DEC31-JES,https://kalshi.com/markets/kxamericanidol-26dec31/who-will-win-american-idol/kxamericanidol-26dec31-jes,2026-05-11T00:00:00Z,2027-01-07T15:00:00Z,2027-01-07T15:00:00Z
pair-0521,Will Makiyah win American Idol Season 24?,default,1.0,0xab119a55d4eef36a7b0a997b789f79b843e764a97c562dd0647b82b16c183f07,will-makiyah-win-american-idol-season-24,https://polymarket.com/market/will-makiyah-win-american-idol-season-24,,"[""Yes"", ""No""]","[""113812768350105890258852258211529918860622490371366515927825677256290903391010"", ""28217663092497597607160749701611244940363140660117136462414047211204124433103""]",yes,KXAMERICANIDOL-26DEC31-MAK,https://kalshi.com/markets/kxamericanidol-26dec31/who-will-win-american-idol/kxamericanidol-26dec31-mak,2026-05-11T00:00:00Z,2027-01-07T15:00:00Z,2027-01-07T15:00:00Z
pair-0540,"Will ""The Bad Guardian"" be the top US Netflix movie this week?",default,1.0,0x2a32e044c96d36f53e1bbe1720d982238d531bef2d264ef39a2cd2a0f12ccd06,will-the-bad-guardian-be-the-top-us-netflix-movie-this-week,https://polymarket.com/market/will-the-bad-guardian-be-the-top-us-netflix-movie-this-week,,"[""Yes"", ""No""]","[""31585206142511100105453237583391127143968926011371641924127999930093904465763"", ""25203355029540716387844597471187575680320040515762932018729700133192810008741""]",yes,KXNETFLIXRANKMOVIE-26APR06-THEB,https://kalshi.com/markets/kxnetflixrankmovie-26apr06/top-us-netflix-movie-this-week/kxnetflixrankmovie-26apr06-theb,2026-04-07T00:00:00Z,2026-04-07T03:59:00Z,2026-04-07T03:59:00Z
pair-0542,"Will ""Sisu: Road to Revenge"" be the top US Netflix movie this week?",default,1.0,0x7b802579b4ee67a5f6b5d76717a0c2ee580c75bcbd04a33bc2eeda37afc3dec3,will-sisu-road-to-revenge-be-the-top-us-netflix-movie-this-week,https://polymarket.com/market/will-sisu-road-to-revenge-be-the-top-us-netflix-movie-this-week,,"[""Yes"", ""No""]","[""68114753014219329302609128852440194223805442491517310550988703045114242049640"", ""4436626216228539446916707165691371899988299298362763955189715122220847271963""]",yes,KXNETFLIXRANKMOVIE-26APR06-SIS,https://kalshi.com/markets/kxnetflixrankmovie-26apr06/top-us-netflix-movie-this-week/kxnetflixrankmovie-26apr06-sis,2026-04-07T00:00:00Z,2026-04-07T03:59:00Z,2026-04-07T03:59:00Z
pair-0544,"Will ""KPop Demon Hunters"" be the top US Netflix movie this week?",default,1.0,0xdd6b5b7f6f66df0ba0c30a232be20c6ef417a12fcc2dc0c3544b614e7ed5cbb5,will-kpop-demon-hunters-be-the-top-us-netflix-movie-this-week-875,https://polymarket.com/market/will-kpop-demon-hunters-be-the-top-us-netflix-movie-this-week-875,,"[""Yes"", ""No""]","[""77934763934745376005709211133806851196345036760152792476450093131213680665918"", ""55576654641628031467292527034432419357744874552468580535061177378772931127094""]",yes,KXNETFLIXRANKMOVIE-26APR06-KPO,https://kalshi.com/markets/kxnetflixrankmovie-26apr06/top-us-netflix-movie-this-week/kxnetflixrankmovie-26apr06-kpo,2026-04-07T00:00:00Z,2026-04-07T03:59:00Z,2026-04-07T03:59:00Z
pair-0562,Will Max Verstappen be the 2026 F1 Drivers' Champion?,default,1.0,0x696576c9b20d20a71e0acd6f84d215f129fa361ed544b0df14f1ae540d84059f,will-max-verstappen-be-the-2026-f1-drivers-champion,https://polymarket.com/market/will-max-verstappen-be-the-2026-f1-drivers-champion,,"[""Yes"", ""No""]","[""1253784411034901624384838438079744067552854611268416006133878658719743556218"", ""108879872919407003618123992310695745119360422359207656432575295100543906401921""]",yes,KXF1-26-MV,https://kalshi.com/markets/kxf1-26/f1-drivers-champion/kxf1-26-mv,2026-12-06T00:00:00Z,2026-12-22T15:00:00Z,2026-12-22T15:00:00Z
pair-0563,Will Charles Leclerc be the 2026 F1 Drivers' Champion?,default,1.0,0xe0711866c51f7d0c43284f43e3ae34125e462e909e16bf685718df7610e6a1e7,will-charles-leclerc-be-the-2026-f1-drivers-champion,https://polymarket.com/market/will-charles-leclerc-be-the-2026-f1-drivers-champion,,"[""Yes"", ""No""]","[""2709284834738258468924839192854829143750961889384406449536217899798175177890"", ""46955778407439783468859052837985793249006652932715101652741257747909716565323""]",yes,KXF1-26-CL,https://kalshi.com/markets/kxf1-26/f1-drivers-champion/kxf1-26-cl,2026-12-06T00:00:00Z,2026-12-22T15:00:00Z,2026-12-22T15:00:00Z
pair-0565,Will Lando Norris be the 2026 F1 Drivers' Champion?,default,1.0,0x6eec2b6b1c8d62aaacda46471e8caf7320f4ea9235f5ee87cba970a32a4e6985,will-lando-norris-be-the-2026-f1-drivers-champion,https://polymarket.com/market/will-lando-norris-be-the-2026-f1-drivers-champion,,"[""Yes"", ""No""]","[""49363857890713679658249116526667302240522215201279074666732334459281427193397"", ""92810961400014685661454592832771984088831290167084620635197423420158788055855""]",yes,KXF1-26-LN,https://kalshi.com/markets/kxf1-26/f1-drivers-champion/kxf1-26-ln,2026-12-06T00:00:00Z,2026-12-22T15:00:00Z,2026-12-22T15:00:00Z
pair-0566,Will Oscar Piastri be the 2026 F1 Drivers' Champion?,default,1.0,0x1c373746c204f7437cb212d2bcfbc5fdf0f0263ae9b470dd92c676d4c2c5ba03,will-oscar-piastri-be-the-2026-f1-drivers-champion,https://polymarket.com/market/will-oscar-piastri-be-the-2026-f1-drivers-champion,,"[""Yes"", ""No""]","[""45035925547723382374916856041538026483546248029152755914741212781718674476988"", ""115566215208676819623338601769630868080437681137578005512462887928091437806438""]",yes,KXF1-26-OP,https://kalshi.com/markets/kxf1-26/f1-drivers-champion/kxf1-26-op,2026-12-06T00:00:00Z,2026-12-22T15:00:00Z,2026-12-22T15:00:00Z
pair-0567,Will Lewis Hamilton be the 2026 F1 Drivers' Champion?,default,1.0,0x2cefe6009ea518f77b8a82714e54c0af1d0f25e99b37d4861f4a5d3ebbf142d3,will-lewis-hamilton-be-the-2026-f1-drivers-champion,https://polymarket.com/market/will-lewis-hamilton-be-the-2026-f1-drivers-champion,,"[""Yes"", ""No""]","[""69833456690136644541052533876758499587133457040620330400923606566331654948227"", ""107302425155378894910136485915807504436516647414953576160717018829314861130331""]",yes,KXF1-26-LH,https://kalshi.com/markets/kxf1-26/f1-drivers-champion/kxf1-26-lh,2026-12-06T00:00:00Z,2026-12-22T15:00:00Z,2026-12-22T15:00:00Z
pair-0568,Will Carlos Sainz Jr. be the 2026 F1 Drivers' Champion?,default,1.0,0xaf15f055f10713cbd3c7c30cece5c20c4ff00a76e51da59d635bb5160654bd34,will-carlos-sainz-jr-be-the-2026-f1-drivers-champion,https://polymarket.com/market/will-carlos-sainz-jr-be-the-2026-f1-drivers-champion,,"[""Yes"", ""No""]","[""42426899074513566315797130662195264566557574463805850375923543197752542696845"", ""108945045801592569258419974610786649161511991147915144537532323865537362991760""]",yes,KXF1-26-CS,https://kalshi.com/markets/kxf1-26/f1-drivers-champion/kxf1-26-cs,2026-12-06T00:00:00Z,2026-12-22T15:00:00Z,2026-12-22T15:00:00Z
pair-0569,Will Fernando Alonso be the 2026 F1 Drivers' Champion?,default,1.0,0x38bb9355fd91f6d7053465caefbbf691bd4a81ec1b08edcca656fc9dde259b14,will-fernando-alonso-be-the-2026-f1-drivers-champion,https://polymarket.com/market/will-fernando-alonso-be-the-2026-f1-drivers-champion,,"[""Yes"", ""No""]","[""106808524115843794998672503569418644305147473603718663102162467102112041190726"", ""24394883319429306039663264000718457398189890106185871018116449375372229819354""]",yes,KXF1-26-FA,https://kalshi.com/markets/kxf1-26/f1-drivers-champion/kxf1-26-fa,2026-12-06T00:00:00Z,2026-12-22T15:00:00Z,2026-12-22T15:00:00Z
pair-0570,Will Isack Hadjar be the 2026 F1 Drivers' Champion?,default,1.0,0x80971af8befc488bbdd6dcc075d388793851a0ea1c46f7ffd353b190691c7199,will-isack-hadjar-be-the-2026-f1-drivers-champion,https://polymarket.com/market/will-isack-hadjar-be-the-2026-f1-drivers-champion,,"[""Yes"", ""No""]","[""740554372395562969852824732102908743873362172986366970263111332168756914258"", ""7098002907532810701211724759641809615571533544590189777506937337388681658362""]",yes,KXF1-26-IH,https://kalshi.com/markets/kxf1-26/f1-drivers-champion/kxf1-26-ih,2026-12-06T00:00:00Z,2026-12-22T15:00:00Z,2026-12-22T15:00:00Z
pair-0571,Will Liam Lawson be the 2026 F1 Drivers' Champion?,default,1.0,0xcf72b0f49af9446288a897ac1d73afa72549d98de7860bb17dacc3c4379a2c58,will-liam-lawson-be-the-2026-f1-drivers-champion,https://polymarket.com/market/will-liam-lawson-be-the-2026-f1-drivers-champion,,"[""Yes"", ""No""]","[""12049029739674782709547394278437698405073155537994805992211273099129156266263"", ""103862174600718979743576901161749418143790066185839837189169765006104491928832""]",yes,KXF1-26-LL,https://kalshi.com/markets/kxf1-26/f1-drivers-champion/kxf1-26-ll,2026-12-06T00:00:00Z,2026-12-22T15:00:00Z,2026-12-22T15:00:00Z
pair-0572,Will Gabriel Bortoleto be the 2026 F1 Drivers' Champion?,default,1.0,0x97b92c6c26b31dc3be183b76b1c39167806611396793eda0edf084d29b76fa46,will-gabriel-bortoleto-be-the-2026-f1-drivers-champion,https://polymarket.com/market/will-gabriel-bortoleto-be-the-2026-f1-drivers-champion,,"[""Yes"", ""No""]","[""4685949819716376522669877569719026780983708592137529477703111488178918425734"", ""42923736542470939550570685921838090823858051754384940958313539596190529665100""]",yes,KXF1-26-GB,https://kalshi.com/markets/kxf1-26/f1-drivers-champion/kxf1-26-gb,2026-12-06T00:00:00Z,2026-12-22T15:00:00Z,2026-12-22T15:00:00Z
pair-0573,Will Arvid Lindblad be the 2026 F1 Drivers' Champion?,default,1.0,0x7a6491e3c906af3657b9b5cf2b371b454f1ddb91b4f4ca3344caaabf424a8056,will-arvid-lindblad-be-the-2026-f1-drivers-champion,https://polymarket.com/market/will-arvid-lindblad-be-the-2026-f1-drivers-champion,,"[""Yes"", ""No""]","[""64226098776561185059769533241366611985885973140193149458309872405524360027300"", ""77423503973314105278307298935957072836743340928887609922419974229890831772870""]",yes,KXF1-26-AL,https://kalshi.com/markets/kxf1-26/f1-drivers-champion/kxf1-26-al,2026-12-06T00:00:00Z,2026-12-22T15:00:00Z,2026-12-22T15:00:00Z
pair-0574,Will Esteban Ocon be the 2026 F1 Drivers' Champion?,default,1.0,0x0cf91d3955d89ec43b8ac1e918b159fa1a62531f29b26093273c4048337a84d7,will-esteban-ocon-be-the-2026-f1-drivers-champion,https://polymarket.com/market/will-esteban-ocon-be-the-2026-f1-drivers-champion,,"[""Yes"", ""No""]","[""6916715613784204991816353276931022246228879746737115769314596145468774983735"", ""13103535630115884311336558023996533108266193798006949928798181628568235072214""]",yes,KXF1-26-EO,https://kalshi.com/markets/kxf1-26/f1-drivers-champion/kxf1-26-eo,2026-12-06T00:00:00Z,2026-12-22T15:00:00Z,2026-12-22T15:00:00Z
pair-0575,Will Alexander Albon be the 2026 F1 Drivers' Champion?,default,1.0,0x596b82d8371efcfcc2fd5312d5dde04f5e9aa1f0c61fd3f93be2a8be09e0da5f,will-alexander-albon-be-the-2026-f1-drivers-champion,https://polymarket.com/market/will-alexander-albon-be-the-2026-f1-drivers-champion,,"[""Yes"", ""No""]","[""13029823801528169768801236200914248929410601401263829196262132988455774125707"", ""35458733425021369518224383181183526269511353161052003336876735517491897561081""]",yes,KXF1-26-AA,https://kalshi.com/markets/kxf1-26/f1-drivers-champion/kxf1-26-aa,2026-12-06T00:00:00Z,2026-12-22T15:00:00Z,2026-12-22T15:00:00Z
pair-0576,Will Franco Colapinto be the 2026 F1 Drivers' Champion?,default,1.0,0xde3d62becec90cd596e01294346786f5a9406a026e105c054d0f7e62cffdcf8f,will-franco-colapinto-be-the-2026-f1-drivers-champion,https://polymarket.com/market/will-franco-colapinto-be-the-2026-f1-drivers-champion,,"[""Yes"", ""No""]","[""6928573582565267822546667761915798013669025288274552856000053706900531241559"", ""58394629104635350677984868205770706908984914797706302088659596865729991254815""]",yes,KXF1-26-FC,https://kalshi.com/markets/kxf1-26/f1-drivers-champion/kxf1-26-fc,2026-12-06T00:00:00Z,2026-12-22T15:00:00Z,2026-12-22T15:00:00Z
pair-0577,Will Oliver Bearman be the 2026 F1 Drivers' Champion?,default,1.0,0xa2b7d292821eafb97059947b9d834512deda11b7866e0f7b299bcb035071d626,will-oliver-bearman-be-the-2026-f1-drivers-champion,https://polymarket.com/market/will-oliver-bearman-be-the-2026-f1-drivers-champion,,"[""Yes"", ""No""]","[""36651695143257976296316443097895676898349243442057744955120299247443104698921"", ""19054482362666943562273480225378531345203144018228355695430835034849325181406""]",yes,KXF1-26-OB,https://kalshi.com/markets/kxf1-26/f1-drivers-champion/kxf1-26-ob,2026-12-06T00:00:00Z,2026-12-22T15:00:00Z,2026-12-22T15:00:00Z
pair-0578,Will Pierre Gasly be the 2026 F1 Drivers' Champion?,default,1.0,0x88d573d2ba5e43e1320cf0eb733452feb4cb4a1d4780dcb05ac6ee6830c2e4c3,will-pierre-gasly-be-the-2026-f1-drivers-champion,https://polymarket.com/market/will-pierre-gasly-be-the-2026-f1-drivers-champion,,"[""Yes"", ""No""]","[""2626952234259590914555295564799878112009792928452646455961775031030757356274"", ""36848251106993102357819279494829257932701974883969106404200355092502922813518""]",yes,KXF1-26-PG,https://kalshi.com/markets/kxf1-26/f1-drivers-champion/kxf1-26-pg,2026-12-06T00:00:00Z,2026-12-22T15:00:00Z,2026-12-22T15:00:00Z
pair-0579,Will Valtteri Bottas be the 2026 F1 Drivers' Champion?,default,1.0,0x00f89ad58499dfda366bf9182878c81d9ec6a73cdf4bf9a85b9d24474debf684,will-valtteri-bottas-be-the-2026-f1-drivers-champion,https://polymarket.com/market/will-valtteri-bottas-be-the-2026-f1-drivers-champion,,"[""Yes"", ""No""]","[""47163454224938970320488874259309764809542500890687165913620315329004602524782"", ""54819903648523033773427879935996909150765971447117202762780995176525969003013""]",yes,KXF1-26-VB,https://kalshi.com/markets/kxf1-26/f1-drivers-champion/kxf1-26-vb,2026-12-06T00:00:00Z,2026-12-22T15:00:00Z,2026-12-22T15:00:00Z
pair-0580,Will Lance Stroll be the 2026 F1 Drivers' Champion?,default,1.0,0xc62b78f7a1b56a4e2cc713a0633fe4cd2a6a5dce6cd3b4eec0bd292a6cbdff71,will-lance-stroll-be-the-2026-f1-drivers-champion,https://polymarket.com/market/will-lance-stroll-be-the-2026-f1-drivers-champion,,"[""Yes"", ""No""]","[""39133371819296059003541521092128254346605102576351704426326802558136998572706"", ""43260208680331236347091855559160701327888583562138767948147649710953870631622""]",yes,KXF1-26-LS,https://kalshi.com/markets/kxf1-26/f1-drivers-champion/kxf1-26-ls,2026-12-06T00:00:00Z,2026-12-22T15:00:00Z,2026-12-22T15:00:00Z
pair-0591,Blue wave in 2026?,other,1.0,0xed4fd09a24f20a3afc1d722ace811fffff3cffd9a56a3fbffc47f4d3d47a88ed,blue-wave-in-2026,https://polymarket.com/market/blue-wave-in-2026,,"[""Yes"", ""No""]","[""39304778737903437923367588791275882452466557469208611430474206291179458010087"", ""8220157955506226401999435518969354939458191207230003728260954309265715975901""]",yes,KXBLUEWAVECOMBO-27FEB,https://kalshi.com/markets/kxbluewavecombo-27feb/blue-wave-in-2026/kxbluewavecombo-27feb,2026-11-30T00:00:00Z,2027-02-01T15:00:00Z,2027-02-01T15:00:00Z
pair-0592,Blue tsunami in 2026?,other,1.0,0x5f5cf92636c3644a6221fba15d00e8aab9d539c17a0d25d8ae8d15220cbd2cb9,blue-tsunami-in-2026,https://polymarket.com/market/blue-tsunami-in-2026,,"[""Yes"", ""No""]","[""104553523523914235759341374025389236788228938851306015279604263702927625849402"", ""41459524264337272546561188587282154510414592209325388586279352627772498337794""]",yes,KXBLUETSUNAMICOMBO-27FEB,https://kalshi.com/markets/kxbluetsunamicombo-27feb/blue-tsunami-in-2026/kxbluetsunamicombo-27feb,2026-11-30T00:00:00Z,2027-02-01T15:00:00Z,2027-02-01T15:00:00Z
pair-0593,Will Republicans lose House majority before the midterms?,politics,1.0,0x4caf4c1f5e9294a32e922c14d3d48c67d2748f0482d6e4ae74c93f6ad43d91bb,will-republicans-lose-house-majority-before-the-midterms,https://polymarket.com/market/will-republicans-lose-house-majority-before-the-midterms,,"[""Yes"", ""No""]","[""82155281377141165143204560708045813743531231692081828482927028490588408258574"", ""55178006458331538097760352290708491389679587355834895003301404997679920341820""]",yes,KXLOSEMAJORITY-27JAN01,https://kalshi.com/markets/kxlosemajority-27jan01/will-republicans-lose-the-house-majority-before-the-midterms/kxlosemajority-27jan01,2026-11-03T00:00:00Z,2027-01-08T15:00:00Z,2027-01-08T15:00:00Z
pair-0594,Will Bitcoin outperform Gold in 2026?,crypto,1.0,0xdcae9573d5680a2c958cca4676ed28df7a06861572124f3396cc60ab6b92b9c2,will-bitcoin-outperform-gold-in-2026,https://polymarket.com/market/will-bitcoin-outperform-gold-in-2026,,"[""Yes"", ""No""]","[""47113934605305582772590235372495078183833796521066344951188393486940857661087"", ""108842731603268388872372442680604828937896736777451176037156713596409310394087""]",yes,KXBTCVSGOLD-26,https://kalshi.com/markets/kxbtcvsgold-26/will-bitcoin-outperform-gold-in-2026/kxbtcvsgold-26,2027-01-01T05:00:00Z,2027-01-01T04:59:00Z,2027-01-01T04:59:00Z
pair-0595,Will Victor Wembanyama record a quadruple double this season?,other,1.0,0xd7bcc8892de53920e83b7935847a6d8b1472cea90c72cb00c9c8e139e7e555ac,will-victor-wembanyama-record-a-quadruple-double-this-season,https://polymarket.com/market/will-victor-wembanyama-record-a-quadruple-double-this-season,,"[""Yes"", ""No""]","[""66624922053232848061161548591867636320537408639249191873054376029525279231491"", ""112345418131097240570070247521257055333223717360926607262445636367783202445647""]",yes,KXQUADRUPLEDOUBLE-25-VWEM,https://kalshi.com/markets/kxquadrupledouble-25/victor-wembanyama-to-record-a-quadruple-double-this-season/kxquadrupledouble-25-vwem,2026-04-12T00:00:00Z,2026-07-14T14:00:00Z,2026-07-14T14:00:00Z
pair-0596,Musk out as Tesla CEO before 2027?,tech,0.9519,0x3ad730e7246024cfeed00809f36869dc2b08fa43bc2ff44eb23ea179f7f3782f,musk-out-as-tesla-ceo-before-2027,https://polymarket.com/market/musk-out-as-tesla-ceo-before-2027,,"[""Yes"", ""No""]","[""101129384109437429316473694955824877559353345274754874163018334567697217858751"", ""39288963141128996081726917903469212844164834307858564320712174133789758624741""]",yes,TESLACEOCHANGE-26,https://kalshi.com/markets/teslaceochange-26/elon-musk-out-as-tesla-ceo-before-2027/teslaceochange-26,2026-12-31T00:00:00Z,2027-01-01T04:59:00Z,2027-01-01T04:59:00Z
pair-0597,Will the US confirm that aliens exist before 2027?,other,0.9404,0x747dc809fb79e1b05be09c42d6179459a58de2ef3e40f02484a4e1260f741f75,will-the-us-confirm-that-aliens-exist-before-2027-789,https://polymarket.com/market/will-the-us-confirm-that-aliens-exist-before-2027-789,,"[""Yes"", ""No""]","[""107505882767731489358349912513945399560393482969656700824895970500493757150417"", ""7305630249804085635496399869905769372294302716159034447326228509068694952392""]",yes,KXALIENS-27,https://kalshi.com/markets/kxaliens-27/will-the-u-s-confirm-that-aliens-exist-before-2027/kxaliens-27,2026-12-31T00:00:00Z,2027-01-01T15:00:00Z,2027-01-01T15:00:00Z
pair-0598,Will Donald Trump visit China in 2026?,politics,0.9285,0x96df159cbd669e5182ce0f22430493f12279718e8c23bf654895ca4338899ae0,will-donald-trump-visit-china-in-2026,https://polymarket.com/market/will-donald-trump-visit-china-in-2026,,"[""Yes"", ""No""]","[""104550993782851064229827172565720784760909075708896831077155912884695122111107"", ""68167278803814120907003288697756247051616773693613852665694549693976870268434""]",yes,KXTRUMPCHINA-26-MAY15,https://kalshi.com/markets/kxtrumpchina-26/when-will-trump-visit-china/kxtrumpchina-26-may15,2026-12-31T00:00:00Z,2026-05-15T14:00:00Z,2026-05-15T14:00:00Z
pair-0605,Will the US recognize Palestine before 2027?,other,0.9285,0x0acc45f7c62722af4ad639a0e1b08dd324d83a1d728d20f3cdeefd39375aa7f3,will-the-us-recognize-palestine-before-2027,https://polymarket.com/market/will-the-us-recognize-palestine-before-2027,,"[""Yes"", ""No""]","[""31196252735049957083374976220677288571569171003172878478181514853311587772855"", ""84380112602347185389689836513767485897077550958702205065291782969607194998282""]",yes,KXRECOGPALESTINE-27-DUT,https://kalshi.com/markets/kxrecogpalestine-27/who-will-recognize-palestine-before-2027/kxrecogpalestine-27-dut,2026-12-31T00:00:00Z,2027-01-01T04:59:00Z,2027-01-01T04:59:00Z
pair-0618,Will Apple release iPhone 18 in 2026?,tech,0.9285,0x8993fe75e5079e37bd765ec45548184645d3fdc6efef9f7302a95ba8113efa8a,will-apple-release-iphone-18-in-2026,https://polymarket.com/market/will-apple-release-iphone-18-in-2026,,"[""Yes"", ""No""]","[""78750942830446509475240189541045875612278965635577311919941808828698157936425"", ""4704339226907698860113947190267669627279176667658871586485068255055666340302""]",yes,KXIPHONERELEASE-IPHONE18-26JUL01,https://kalshi.com/markets/kxiphonerelease-iphone18/when-will-apple-release-the-iphone-18/kxiphonerelease-iphone18-26jul01,2026-12-31T00:00:00Z,2026-07-01T03:59:00Z,2026-07-01T03:59:00Z
pair-0621,Negative GDP growth in 2026?,macro,0.9106,0xd8c1b0a73653b1fb4fb6e8d13d0063d25810870d7ddf83e61fffb4de4522edf1,negative-gdp-growth-in-2026,https://polymarket.com/market/negative-gdp-growth-in-2026,,"[""Yes"", ""No""]","[""45429668890056162364307617807576387840293305143387096943585488315586563658159"", ""63147276005126770880954125047261230986291997315680909701649556277988435329355""]",yes,KXGDPYEAR-26-B4.8,https://kalshi.com/markets/kxgdpyear-26/gdp-growth-in-2026/kxgdpyear-26-b4.8,2027-01-29T00:00:00Z,2027-02-28T13:29:00Z,2027-02-28T13:29:00Z
pair-0635,Will SpaceX have 200 or more launches in 2026?,tech,0.9106,0xec9e92f27a98bc29028aec518993330e7920ac35f40fdea3c51e11d6ddc6acde,will-spacex-have-200-or-more-launches-in-2026,https://polymarket.com/market/will-spacex-have-200-or-more-launches-in-2026,,"[""Yes"", ""No""]","[""60398617244378456049688824901458243497054421865634316767045809775978489274100"", ""59763049832217360767815927482110227345033675085266872177107762955215410788102""]",yes,KXSPACEXCOUNT-26B-170,https://kalshi.com/markets/kxspacexcount-26b/how-many-launches-will-spacex-have-in-2026/kxspacexcount-26b-170,2026-12-31T00:00:00Z,2027-01-01T15:00:00Z,2027-01-01T15:00:00Z
pair-0643,Kylie Jenner and Timothée Chalamet engaged in 2026?,other,0.9038,0x02669fc2a99383d7b3cd667db3143c0aa34e20347e78d7f992f4e669f71821b4,kylie-jenner-and-timothe-chalamet-engaged-in-2026,https://polymarket.com/market/kylie-jenner-and-timothe-chalamet-engaged-in-2026,,"[""Yes"", ""No""]","[""43831588866788919644297390598525951242284289265909226593918261415714547058819"", ""65309684676027204480020925875525000207114488163915304326377371278844951250772""]",yes,KXENGAGEMENTTIMOTHEEKYLIE-26,https://kalshi.com/markets/kxengagementtimotheekylie-26/will-timoth-e-chalamet-and-kylie-jenner-be-engaged-in-2026/kxengagementtimotheekylie-26,2026-12-31T00:00:00Z,2027-01-01T04:59:00Z,2027-01-01T04:59:00Z
pair-0644,Will Clavicular be named People's Sexiest Man Alive in 2026?,other,0.8979,0xf7cdd53b7a381d8f268200c1094795c79cab414ebb882b3f2df84908deb10803,will-clavicular-be-named-peoples-sexiest-man-alive-in-2026-399,https://polymarket.com/market/will-clavicular-be-named-peoples-sexiest-man-alive-in-2026-399,,"[""Yes"", ""No""]","[""45192403302189095705690124053194394317106648523509681372554623453292460725314"", ""54759270142355251809038827208971850462858302884317394581158455688182901746447""]",yes,KXSEXYMAN-26-CHR,https://kalshi.com/markets/kxsexyman-26/who-will-be-people-s-sexiest-man-alive-in-2026/kxsexyman-26-chr,2026-12-31T00:00:00Z,2027-01-01T04:59:00Z,2027-01-01T04:59:00Z
pair-0692,Will any 2026 FIFA World Cup game scheduled in the U.S. be relocated abroad?,sports,0.895,0xe82058477cc3af4be561d02ef984ebfa8581f56b07d1ed037829074cf1a0cd57,will-any-2026-fifa-world-cup-game-scheduled-in-the-us-be-relocated-abroad,https://polymarket.com/market/will-any-2026-fifa-world-cup-game-scheduled-in-the-us-be-relocated-abroad,,"[""Yes"", ""No""]","[""43189282757237035928728983357191721227271350782993575202022336640911924467379"", ""99022674594831492808783066255427932815319153841144771259120241067283646771481""]",yes,KXFIFAUSPULLGAME-26JUN11,https://kalshi.com/markets/kxfifauspullgame-26jun11/will-any-2026-fifa-world-cup-game-scheduled-in-the-u-s-be-relocated-abroad-before-jun-11-2026/kxfifauspullgame-26jun11,2026-06-10T00:00:00Z,2026-06-11T03:59:00Z,2026-06-11T03:59:00Z
pair-0693,Will Mexico win the 2026 FIFA World Cup?,sports,0.89,0x5ccfe1b69a582d2985db08a8481a0d74c314b1fce9b4711ae2efb2c6467fe6aa,will-mexico-win-the-2026-fifa-world-cup-529,https://polymarket.com/market/will-mexico-win-the-2026-fifa-world-cup-529,,"[""Yes"", ""No""]","[""22587775301869146748237913050505932485648958481571808324285560650057390882036"", ""89041006475364789358805026139650677807087698981377208157664917554760333198878""]",yes,KXWCLOCATION-26MEX-YES,https://kalshi.com/markets/kxwclocation-26mex/2026-fifa-world-cup-game-played-in-mexico/kxwclocation-26mex-yes,2026-07-20T00:00:00Z,2026-07-20T03:59:00Z,2026-07-20T03:59:00Z
pair-0694,New pandemic in 2026?,other,0.8808,0xfaa433e162e020c56c522acb2f9f7215ce6e4e4391c4fb42beba14275c0a43fe,new-pandemic-in-2026,https://polymarket.com/market/new-pandemic-in-2026,,"[""Yes"", ""No""]","[""80671065454402118534970441822834492766941556283670671337094578358747393423487"", ""97725463464398783289601242767642888481974268800885687422778902740478294103024""]",yes,KXNEWOUTBREAK-P-26,https://kalshi.com/markets/kxnewoutbreak-p-26/pandemic-in-2026/kxnewoutbreak-p-26,2026-12-31T00:00:00Z,2027-01-01T15:00:00Z,2027-01-01T15:00:00Z
pair-0695,Will Alberto Pimentel win Big Brother Brasil 26?,other,0.8808,0x1924e651c41a8e0db8bc0605d6b2f5f3742f3e7a107dee0183237eeaad4aa47a,will-alberto-pimentel-win-big-brother-brasil-26,https://polymarket.com/market/will-alberto-pimentel-win-big-brother-brasil-26,,"[""Yes"", ""No""]","[""52671266017335943716900048548872262980457157200893585813687548470387552026841"", ""50535944597397011628099007615297246607836164203382005498943227692758437507934""]",yes,KXBIGBROTHERBRAZIL-27JAN01-SOLA,https://kalshi.com/markets/kxbigbrotherbrazil-27jan01/who-will-win-big-brother-brasil-26/kxbigbrotherbrazil-27jan01-sola,2026-04-30T00:00:00Z,2027-01-08T15:00:00Z,2027-01-08T15:00:00Z
pair-0717,Will Pedri win the 2026 Ballon d'Or?,other,0.8808,0x1eac56852d62aec470b9151ac79496384afc0cb0b8a1be56aee07540765f4628,will-pedri-win-the-2026-ballon-dor,https://polymarket.com/market/will-pedri-win-the-2026-ballon-dor,,"[""Yes"", ""No""]","[""53552470495843725048812481677645073699559091521993186199190332652220611054074"", ""15088271960879255514674916121009958893050751523818352795843020762513178004940""]",yes,KXBALLONDOR-26-LYAM,https://kalshi.com/markets/kxballondor-26/who-will-win-the-ballon-d-or-in-2026/kxballondor-26-lyam,2026-10-31T00:00:00Z,2026-12-31T04:59:00Z,2026-12-31T04:59:00Z
pair-0756,Will Rhoda Magbitang win Top Chef Season 23?,other,0.8808,0x81ad6f4551dc467fb3530a3052241126a5d687aa7258a490f378472a4806c252,will-rhoda-magbitang-win-top-chef-season-23,https://polymarket.com/market/will-rhoda-magbitang-win-top-chef-season-23,,"[""Yes"", ""No""]","[""75053302536598925420168598737086602373623483872483669849345543643217904408494"", ""92859478639396611875033220808486731205515643207195866430493487226951678214895""]",yes,KXTOPCHEF-26DEC31-OSC,https://kalshi.com/markets/kxtopchef-26dec31/who-will-win-top-chef-season-23/kxtopchef-26dec31-osc,2026-07-31T00:00:00Z,2027-01-07T15:00:00Z,2027-01-07T15:00:00Z
pair-0809,Will Avery Ayers be the Republican Nominee for TX-38?,politics,0.8808,0x289437966e76b2ea6918db272d82f5948a172fbf8f69f4b3d5751c0b455535fa,will-avery-ayers-be-the-republican-nominee-for-tx-38,https://polymarket.com/market/will-avery-ayers-be-the-republican-nominee-for-tx-38,,"[""Yes"", ""No""]","[""52130742739828250347583526093867281545533108874090074901271232015190768322552"", ""1268302559413670090077110152536590696669627771774434591743440996815587678760""]",yes,KXTXPRIMARY-38R26-SDEZ,https://kalshi.com/markets/kxtxprimary-38r26/tx-38-republican-nominee/kxtxprimary-38r26-sdez,2026-05-26T00:00:00Z,2027-11-03T15:00:00Z,2027-11-03T15:00:00Z
pair-0819,Will Sholdon Daniels be the Republican Nominee for TX-30?,politics,0.8808,0xce2dc1bcbca8c4d96a02f4c3d084c675190700d27c913cb7dad31e3759ce2f72,will-sholdon-daniels-be-the-republican-nominee-for-tx-30,https://polymarket.com/market/will-sholdon-daniels-be-the-republican-nominee-for-tx-30,,"[""Yes"", ""No""]","[""62974632673613971574358139551418411206640754570268983755012819474689480623818"", ""104941296616337065155878486144118802459112805445720770360687098759165714279107""]",yes,KXTXPRIMARY-30R26-SDAN,https://kalshi.com/markets/kxtxprimary-30r26/tx-30-republican-nominee/kxtxprimary-30r26-sdan,2026-05-26T00:00:00Z,2027-11-03T15:00:00Z,2027-11-03T15:00:00Z
pair-0823,Will Jared Moskowitz be the Democratic Nominee for FL-23?,politics,0.8808,0x729e6b80e055d18a38a801a195a668488cc35afe00c47bf403d83718a94649b8,will-jared-moskowitz-be-the-democratic-nominee-for-fl-23,https://polymarket.com/market/will-jared-moskowitz-be-the-democratic-nominee-for-fl-23,,"[""Yes"", ""No""]","[""110181625653646289087167977483314129024076404744566032543596297522686103612576"", ""46486748394667816648566408850885351567105304283052355156527299372049372698385""]",yes,KXFLPRIMARY-23D26-JMOS,https://kalshi.com/markets/kxflprimary-23d26/fl-23-democratic-nominee/kxflprimary-23d26-jmos,2026-08-18T00:00:00Z,2027-11-03T15:00:00Z,2027-11-03T15:00:00Z
pair-0825,Will Anthropic or OpenAI IPO first?,tech,0.8717,0xc289a877bc155123069739b21d690b3e8dc220b98f6ae3924468bbcbdfaf98dc,will-anthropic-or-openai-ipo-first,https://polymarket.com/market/will-anthropic-or-openai-ipo-first,,"[""Anthropic"", ""OpenAI""]","[""51304003362239709880504968390039580061990214698769992358487552410838121726408"", ""73754938275807077650190174893895455805053860210065772290515020396402080724560""]",OpenAI,KXOAIANTH-40-OAI,https://kalshi.com/markets/kxoaianth-40/will-openai-or-anthropic-ipo-first/kxoaianth-40-oai,2027-12-31T00:00:00Z,2040-01-01T04:59:00Z,2040-01-01T04:59:00Z
pair-0827,Will Greenland vote for independence in 2026?,politics,0.8717,0xa6ef52567677573f60cc0dd4450d9c5bc0bc67fac27b6f5b5d6d90bfb89ec790,will-greenland-vote-for-independence-in-2026,https://polymarket.com/market/will-greenland-vote-for-independence-in-2026,,"[""Yes"", ""No""]","[""25664225514029642249635961752974354103227758642034044436527314973639924441451"", ""19408678225785530918702978782702878368176921515036581970766232340054721313064""]",yes,KXGREENIND-27,https://kalshi.com/markets/kxgreenind-27/will-greenland-vote-for-independence-in-2026/kxgreenind-27,2026-12-31T00:00:00Z,2027-01-01T15:00:00Z,2027-01-01T15:00:00Z
pair-0834,Will Drake release a new song in 2026?,other,0.8643,0x832c7e1f9db10d94d6eb951411bd01ffebce4009c013014f2ccfdbb7cc2a9ca4,will-drake-release-a-new-song-in-2026,https://polymarket.com/market/will-drake-release-a-new-song-in-2026,,"[""Yes"", ""No""]","[""23615153224305862439034812959224454429293586748796989914082705095648382768821"", ""72099118653289875466554345295170301677833605033260483129426877654434166214239""]",yes,KXSONGRELEASE-27JAN01-FALL,https://kalshi.com/markets/kxsongrelease-27jan01/who-will-release-a-new-song-this-year/kxsongrelease-27jan01-fall,2026-12-31T00:00:00Z,2027-01-08T15:00:00Z,2027-01-08T15:00:00Z
pair-0932,Will A.C. Toulme be the Republican nominee for Senate in Florida?,politics,0.8643,0x338b22b288a5c6a69dd6cd7a0b8f6bc6d0031c43e4c8af2d488ab6e10310b05d,will-ac-toulme-be-the-republican-nominee-for-senate-in-florida,https://polymarket.com/market/will-ac-toulme-be-the-republican-nominee-for-senate-in-florida,,"[""Yes"", ""No""]","[""99687249252470846296785571255155001851017018812667895896502389974860250533751"", ""42587065778576358678223124500703225997435478099818438394926772664627547631589""]",yes,KXSENATEFLR-26-JO,https://kalshi.com/markets/kxsenateflr-26/florida-republican-senate-nominee/kxsenateflr-26-jo,2026-08-18T00:00:00Z,2026-11-03T15:00:00Z,2026-11-03T15:00:00Z
pair-0945,Will Chelsea win the 2025-2026 FA Cup?,other,0.8643,0xa3b892a495703e26c87f8226817c9d884a62692b6f98d20c42b5353e854cdcdd,will-chelsea-win-the-2025-2026-fa-cup-652,https://polymarket.com/market/will-chelsea-win-the-2025-2026-fa-cup-652,,"[""Yes"", ""No""]","[""81291800663778660953625202229433071214034575191642177717394334498421611962716"", ""32688773847233975607671228807804171534350253068866718830329068006462163295855""]",yes,KXFACUP-26-SOU,https://kalshi.com/markets/kxfacup-26/fa-cup-winner/kxfacup-26-sou,2026-05-16T23:55:00Z,2026-05-31T14:00:00Z,2026-05-31T14:00:00Z
pair-0967,Katy Perry and Justin Trudeau engaged by end of 2026?,other,0.8641,0x57630ca87de434c74db1c388ed88c1920a6d1dfcf4094ef14a415dcc5049babc,katy-perry-and-justin-trudeau-engaged-by-end-of-2026,https://polymarket.com/market/katy-perry-and-justin-trudeau-engaged-by-end-of-2026,,"[""Yes"", ""No""]","[""75971664127723976087466985937865139676371988915908568595607526815212140357980"", ""63288727222857538715525574191584916211293137089612615781724211046379219138896""]",yes,KXENGAGEMENTTRUDEAUPERRY-26,https://kalshi.com/markets/kxengagementtrudeauperry-26/will-katy-perry-and-justin-trudeau-be-engaged-in-2026/kxengagementtrudeauperry-26,2026-12-31T00:00:00Z,2027-01-01T04:59:00Z,2027-01-01T04:59:00Z
pair-0968,Will Aubry Bracco win Survivor Season 50?,other,0.857,0xa0965c6e18be3e0893f9a3f69cd77e8d998e817dfab4ad7c5388b5f718d1efeb,will-aubry-bracco-win-survivor-season-50,https://polymarket.com/market/will-aubry-bracco-win-survivor-season-50,,"[""Yes"", ""No""]","[""43707251690511944941898574616702455596632685019807310418339283438893635013425"", ""88882186930824072110587955855282870209237519033472953978659303226661055200209""]",yes,KXSURVIVOR-26DEC31-ANG,https://kalshi.com/markets/kxsurvivor-26dec31/who-will-win-survivor-season-50/kxsurvivor-26dec31-ang,2026-05-20T00:00:00Z,2027-01-07T15:00:00Z,2027-01-07T15:00:00Z
pair-0991,Will Karoline Leavitt leave the Trump administration before 2027?,politics,0.8486,0x1960b144c14900701330156dfc592272d97e42084ccc28ad4c653bf8c1f2bcb6,will-karoline-leavitt-leave-the-trump-administration-before-2027,https://polymarket.com/market/will-karoline-leavitt-leave-the-trump-administration-before-2027,,"[""Yes"", ""No""]","[""97582914808993515618455376664273119683622646779757471177281681287018328777234"", ""40123528792327813996053476572162024165760504475528331688337978572471765328117""]",yes,KXTRUMPADMINLEAVE-26DEC31-MOZ,https://kalshi.com/markets/kxtrumpadminleave-26dec31/who-will-leave-the-trump-administration-in-2026/kxtrumpadminleave-26dec31-moz,2026-12-31T00:00:00Z,2027-01-01T14:59:00Z,2027-01-01T14:59:00Z
pair-1017,Will Nathan MacKinnon win the 2025–2026 NHL Art Ross Trophy?,default,1.0,0xaf0a49a25ea007ee69b7fa97c20e0b3efd541c04dca00a57344cda5b5aa6b57f,nhl-2025-26-art-ross-trophy-nathan-mackinnon-winner,https://polymarket.com/market/nhl-2025-26-art-ross-trophy-nathan-mackinnon-winner,,"[""Yes"", ""No""]","[""33288436410544045956683963475110092974222015441736329868693640856385153258854"", ""10884140364379425719405059843981866239306343673133429481980883477629279393678""]",yes,KXNHLROSS-26-NMAC,https://kalshi.com/markets/kxnhlross-26/nhl-art-ross-trophy/kxnhlross-26-nmac,2026-04-20T00:00:00Z,2026-06-30T14:00:00Z,2026-06-30T14:00:00Z
pair-1018,Will Kyle Connor win the 2025–2026 NHL Art Ross Trophy?,default,1.0,0x04dab74811cfca42e75b97f6376f22ee1546e3ba45a4babcd7a6d0c2163a9b50,nhl-2025-26-art-ross-trophy-kyle-connor-winner,https://polymarket.com/market/nhl-2025-26-art-ross-trophy-kyle-connor-winner,,"[""Yes"", ""No""]","[""56675365429579610418756745044033788481114099268580931030773264140410799968410"", ""16485178825541581722681574726693263755973875982526614066627246193982848737135""]",yes,KXNHLROSS-26-KCON,https://kalshi.com/markets/kxnhlross-26/nhl-art-ross-trophy/kxnhlross-26-kcon,2026-04-20T00:00:00Z,2026-06-30T14:00:00Z,2026-06-30T14:00:00Z
pair-1020,Will Brayden Point win the 2025–2026 NHL Art Ross Trophy?,default,1.0,0x26f01b88e5621a595cebc13e16b6df3961db8d3da7d1597eca626cd7f7d76452,nhl-2025-26-art-ross-trophy-brayden-point-winner,https://polymarket.com/market/nhl-2025-26-art-ross-trophy-brayden-point-winner,,"[""Yes"", ""No""]","[""74547227593486931513493588932267044818316876581287520409082256873491676601680"", ""67438009076371610713810004606167305714410515661459130314510198102561407786392""]",yes,KXNHLROSS-26-BPOI,https://kalshi.com/markets/kxnhlross-26/nhl-art-ross-trophy/kxnhlross-26-bpoi,2026-04-20T00:00:00Z,2026-06-30T14:00:00Z,2026-06-30T14:00:00Z
pair-1021,Will Macklin Celebrini win the 2025–2026 NHL Art Ross Trophy?,default,1.0,0x214d8e4303f4575a25b4a4e8a0b6aa3d66e6c1e9f5a7732d2b96beba22a324f9,nhl-2025-26-art-ross-trophy-macklin-celebrini-winner,https://polymarket.com/market/nhl-2025-26-art-ross-trophy-macklin-celebrini-winner,,"[""Yes"", ""No""]","[""22452674668505994662864383382759651029138081663417927174924042248597995176734"", ""85479831964512465753223346814166124574943541418302412528935921878034007712909""]",yes,KXNHLROSS-26-MCEL,https://kalshi.com/markets/kxnhlross-26/nhl-art-ross-trophy/kxnhlross-26-mcel,2026-04-20T00:00:00Z,2026-06-30T14:00:00Z,2026-06-30T14:00:00Z
pair-1023,Will Connor McDavid win the 2025–2026 NHL Art Ross Trophy?,default,1.0,0x031a1e1bffa938b5c25f8b46176a84263f196e32bf1e2b5c394d7d9046fdb7c8,nhl-2025-26-art-ross-trophy-connor-mcdavid-winner,https://polymarket.com/market/nhl-2025-26-art-ross-trophy-connor-mcdavid-winner,,"[""Yes"", ""No""]","[""14519819648780246317327097481517975351375987510000087659708887639154885635220"", ""62936763181671748544334092592836392818215631305777907215234571595824533220087""]",yes,KXNHLROSS-26-CMCD,https://kalshi.com/markets/kxnhlross-26/nhl-art-ross-trophy/kxnhlross-26-cmcd,2026-04-20T00:00:00Z,2026-06-30T14:00:00Z,2026-06-30T14:00:00Z
pair-1024,Will Artemi Panarin win the 2025–2026 NHL Art Ross Trophy?,default,1.0,0xd2cc079655ee8154c235bd299158e747ea6583eba67d35d38c803654c1c4820d,nhl-2025-26-art-ross-trophy-artemi-panarin-winner,https://polymarket.com/market/nhl-2025-26-art-ross-trophy-artemi-panarin-winner,,"[""Yes"", ""No""]","[""32511455370940372637748130287907844201895199863970123176482160536415393170342"", ""20246719454158859509250686795670291038784038950748274828154863473748702110873""]",yes,KXNHLROSS-26-APAN,https://kalshi.com/markets/kxnhlross-26/nhl-art-ross-trophy/kxnhlross-26-apan,2026-04-20T00:00:00Z,2026-06-30T14:00:00Z,2026-06-30T14:00:00Z
pair-1025,Will Mikko Rantanen win the 2025–2026 NHL Art Ross Trophy?,default,1.0,0x73da37bea5e063597f2079e04a986061cecc9349bca3f2643ae7cbdee72156e4,nhl-2025-26-art-ross-trophy-mikko-rantanen-winner,https://polymarket.com/market/nhl-2025-26-art-ross-trophy-mikko-rantanen-winner,,"[""Yes"", ""No""]","[""68214782775369437085614378745200167122351732531204423531545708808891230210357"", ""67905252634891396741159384647546164528325513729335499545665315011365220450940""]",yes,KXNHLROSS-26-MRAN,https://kalshi.com/markets/kxnhlross-26/nhl-art-ross-trophy/kxnhlross-26-mran,2026-04-20T00:00:00Z,2026-06-30T14:00:00Z,2026-06-30T14:00:00Z
pair-1026,Will Tim Stutzle win the 2025–2026 NHL Art Ross Trophy?,default,1.0,0x5f1e1a50a9f9a9edfd5c388abd28b8192aa6c546e9550fd52b2bfccb0424fb21,nhl-2025-26-art-ross-trophy-tim-stutzle-winner,https://polymarket.com/market/nhl-2025-26-art-ross-trophy-tim-stutzle-winner,,"[""Yes"", ""No""]","[""79652853743403156551786216212460149167885308537396819298554645307482844445047"", ""24480545092789645663203849887450098855709054013688782151927210542026325527701""]",yes,KXNHLROSS-26-TSTU,https://kalshi.com/markets/kxnhlross-26/nhl-art-ross-trophy/kxnhlross-26-tstu,2026-04-20T00:00:00Z,2026-06-30T14:00:00Z,2026-06-30T14:00:00Z
pair-1027,Will William Nylander win the 2025–2026 NHL Art Ross Trophy?,default,1.0,0xa1671800188ea52f743834664c0085dbd5da0575104756703b86385301daa8a4,nhl-2025-26-art-ross-trophy-william-nylander-winner,https://polymarket.com/market/nhl-2025-26-art-ross-trophy-william-nylander-winner,,"[""Yes"", ""No""]","[""50532370794045403387031319028369271761137225017783266768191474865932683033563"", ""15037440042334489974967011527456795321159464657924603043359344354772665467199""]",yes,KXNHLROSS-26-WNYL,https://kalshi.com/markets/kxnhlross-26/nhl-art-ross-trophy/kxnhlross-26-wnyl,2026-04-20T00:00:00Z,2026-06-30T14:00:00Z,2026-06-30T14:00:00Z
pair-1029,Will Jack Hughes win the 2025–2026 NHL Art Ross Trophy?,default,1.0,0xa12c238fefddcdceb0dc989fcbefe075affd46efe75205e6a583abb725095570,nhl-2025-26-art-ross-trophy-jack-hughes-winner,https://polymarket.com/market/nhl-2025-26-art-ross-trophy-jack-hughes-winner,,"[""Yes"", ""No""]","[""2725271546029822641520295424046138093958744204214265527046781687925603683894"", ""23141628785663258869382227008992446913012814643811708850218215464741185178084""]",yes,KXNHLROSS-26-JHUG,https://kalshi.com/markets/kxnhlross-26/nhl-art-ross-trophy/kxnhlross-26-jhug,2026-04-20T00:00:00Z,2026-06-30T14:00:00Z,2026-06-30T14:00:00Z
pair-1030,Will Robert Thomas win the 2025–2026 NHL Art Ross Trophy?,default,1.0,0xd529c3dac85c855990e57011e455570cb0bff8ccd9b81b1be1dd4df8d089c70e,nhl-2025-26-art-ross-trophy-robert-thomas-winner,https://polymarket.com/market/nhl-2025-26-art-ross-trophy-robert-thomas-winner,,"[""Yes"", ""No""]","[""83484633395033681569943127235985477779588426979517988592745525126879059868122"", ""97861326320513607646192080444397902446212757876959803323383998552344624615725""]",yes,KXNHLROSS-26-RTHO,https://kalshi.com/markets/kxnhlross-26/nhl-art-ross-trophy/kxnhlross-26-rtho,2026-04-20T00:00:00Z,2026-06-30T14:00:00Z,2026-06-30T14:00:00Z
pair-1031,Will Leon Draisaitl win the 2025–2026 NHL Art Ross Trophy?,default,1.0,0x7394110214de9b05eaec5dafca3ccc8624accfef46a065e68e1f3f89525cb794,nhl-2025-26-art-ross-trophy-leon-draisaitl-winner,https://polymarket.com/market/nhl-2025-26-art-ross-trophy-leon-draisaitl-winner,,"[""Yes"", ""No""]","[""102306528420458716100954878551520805023564628474127408823579585105589585002668"", ""109889203262412946772421982112738512828158145082353539786266570042333755300228""]",yes,KXNHLROSS-26-LDRA,https://kalshi.com/markets/kxnhlross-26/nhl-art-ross-trophy/kxnhlross-26-ldra,2026-04-20T00:00:00Z,2026-06-30T14:00:00Z,2026-06-30T14:00:00Z
pair-1032,Will Jack Eichel win the 2025–2026 NHL Art Ross Trophy?,default,1.0,0x7c2a06fb985e24fe3786ccbc3aba1a4679a544600ae4351619892b1a0253c000,nhl-2025-26-art-ross-trophy-jack-eichel-winner,https://polymarket.com/market/nhl-2025-26-art-ross-trophy-jack-eichel-winner,,"[""Yes"", ""No""]","[""55904362240258245613354335613475395797459438763249142333715323342849225821437"", ""66461698496969084493980721006248079996548186324002995340417607939759217362027""]",yes,KXNHLROSS-26-JEIC,https://kalshi.com/markets/kxnhlross-26/nhl-art-ross-trophy/kxnhlross-26-jeic,2026-04-20T00:00:00Z,2026-06-30T14:00:00Z,2026-06-30T14:00:00Z
pair-1033,Will Kirill Kaprizov win the 2025–2026 NHL Art Ross Trophy?,default,1.0,0xf6cd3908a07b3b15335fa2464c0b30dc43cfe06bcb4c17f7989a217c8e7124d4,nhl-2025-26-art-ross-trophy-kirill-kaprizov-winner,https://polymarket.com/market/nhl-2025-26-art-ross-trophy-kirill-kaprizov-winner,,"[""Yes"", ""No""]","[""81786746302395296001892724167950291517990452108977391750836670133900693357919"", ""107403960682287723739409752259545095331885133822277396694063773261838531551818""]",yes,KXNHLROSS-26-KKAP,https://kalshi.com/markets/kxnhlross-26/nhl-art-ross-trophy/kxnhlross-26-kkap,2026-04-20T00:00:00Z,2026-06-30T14:00:00Z,2026-06-30T14:00:00Z
pair-1034,Will Jesper Bratt win the 2025–2026 NHL Art Ross Trophy?,default,1.0,0x952752505b90a8e8be08cd5eaefcc24fac6ed75acaf15df8ed3ed334e7b104cd,nhl-2025-26-art-ross-trophy-jesper-bratt-winner,https://polymarket.com/market/nhl-2025-26-art-ross-trophy-jesper-bratt-winner,,"[""Yes"", ""No""]","[""43659878134719083106875150776647440420706172622621393349450434928440792979597"", ""96112736124164437088765068160817147958884602993526804072891418207920716296826""]",yes,KXNHLROSS-26-JBRA,https://kalshi.com/markets/kxnhlross-26/nhl-art-ross-trophy/kxnhlross-26-jbra,2026-04-20T00:00:00Z,2026-06-30T14:00:00Z,2026-06-30T14:00:00Z
pair-1035,Will David Pastrnak win the 2025–2026 NHL Art Ross Trophy?,default,1.0,0x95c41b59effb2a83f1dd27df6799dd764e1d2332f06fafd0324ee74cdadf1870,nhl-2025-26-art-ross-trophy-david-pastrnak-winner,https://polymarket.com/market/nhl-2025-26-art-ross-trophy-david-pastrnak-winner,,"[""Yes"", ""No""]","[""52889363453547871987863372767373232260806825263019132020125652704904173132383"", ""25923951200829931484123422433525800644512871742295689534797966178410722110004""]",yes,KXNHLROSS-26-DPAS,https://kalshi.com/markets/kxnhlross-26/nhl-art-ross-trophy/kxnhlross-26-dpas,2026-04-20T00:00:00Z,2026-06-30T14:00:00Z,2026-06-30T14:00:00Z
pair-1036,Will Clayton Keller win the 2025–2026 NHL Art Ross Trophy?,default,1.0,0x1703e8e37a00e6e21d43c95a653a9b2c11849639b23f0151b790c012cc988046,nhl-2025-26-art-ross-trophy-clayton-keller-winner,https://polymarket.com/market/nhl-2025-26-art-ross-trophy-clayton-keller-winner,,"[""Yes"", ""No""]","[""60542543631307706010131597298898591007412643869605176595909245904971336014831"", ""64542923443767631923051223870234568501927500141799971107628993240273956393896""]",yes,KXNHLROSS-26-CKEL,https://kalshi.com/markets/kxnhlross-26/nhl-art-ross-trophy/kxnhlross-26-ckel,2026-04-20T00:00:00Z,2026-06-30T14:00:00Z,2026-06-30T14:00:00Z
pair-1038,Will Sidney Crosby win the 2025–2026 NHL Art Ross Trophy?,default,1.0,0xf463a9e8e268e68ce17d819ed95f3ffa97963164a3cad56f7986ce7ceec1b752,nhl-2025-26-art-ross-trophy-sidney-crosby-winner,https://polymarket.com/market/nhl-2025-26-art-ross-trophy-sidney-crosby-winner,,"[""Yes"", ""No""]","[""75294409050370603320461727267939740285793210321683784040236700209431061791452"", ""83912615470575751322594404326252620341365638771923225302298059011435638331469""]",yes,KXNHLROSS-26-SCRO,https://kalshi.com/markets/kxnhlross-26/nhl-art-ross-trophy/kxnhlross-26-scro,2026-04-20T00:00:00Z,2026-06-30T14:00:00Z,2026-06-30T14:00:00Z
pair-1039,Will Cale Makar win the 2025–2026 NHL Art Ross Trophy?,default,1.0,0x1e63d27dcdf8a25394a49691f17394cbbaf2a1e1ee0e1dbf60a857227073d298,nhl-2025-26-art-ross-trophy-cale-makar-winner,https://polymarket.com/market/nhl-2025-26-art-ross-trophy-cale-makar-winner,,"[""Yes"", ""No""]","[""43084918138083124601483507746732250332621794677863361059140111491252642233841"", ""100652854149626034208557832647160242091078094650973630508159483450999380241946""]",yes,KXNHLROSS-26-CMAK,https://kalshi.com/markets/kxnhlross-26/nhl-art-ross-trophy/kxnhlross-26-cmak,2026-04-20T00:00:00Z,2026-06-30T14:00:00Z,2026-06-30T14:00:00Z
pair-1040,Will Matthew Tkachuk win the 2025–2026 NHL Art Ross Trophy?,default,1.0,0xde4d5f60f8d6f88f2c608c54d49eb29775aa91bb3372b74a6544807bc4d82304,nhl-2025-26-art-ross-trophy-matthew-tkachuk-winner,https://polymarket.com/market/nhl-2025-26-art-ross-trophy-matthew-tkachuk-winner,,"[""Yes"", ""No""]","[""5420625489737867571496210812652177305949700732931279368315315354383558645944"", ""7071515344693862329931314324783377596223559096011925288336806006675524742329""]",yes,KXNHLROSS-26-MTKA,https://kalshi.com/markets/kxnhlross-26/nhl-art-ross-trophy/kxnhlross-26-mtka,2026-04-20T00:00:00Z,2026-06-30T14:00:00Z,2026-06-30T14:00:00Z
pair-1041,Will Nick Suzuki win the 2025–2026 NHL Art Ross Trophy?,default,1.0,0xadab0a7c467bbc87dda967b7d437bf450ea8254c7025b1a7e0d760b363db364f,nhl-2025-26-art-ross-trophy-nick-suzuki-winner,https://polymarket.com/market/nhl-2025-26-art-ross-trophy-nick-suzuki-winner,,"[""Yes"", ""No""]","[""67454372393600608625267326246217604287213294964441536568610220400319702033298"", ""25264009588475709176790441931411722433259990417606214361594609067651594500949""]",yes,KXNHLROSS-26-NSUZ,https://kalshi.com/markets/kxnhlross-26/nhl-art-ross-trophy/kxnhlross-26-nsuz,2026-04-20T00:00:00Z,2026-06-30T14:00:00Z,2026-06-30T14:00:00Z
pair-1042,Will Quinn Hughes win the 2025–2026 NHL Art Ross Trophy?,default,1.0,0xb2672bcafefd841dda922e9c53c3df891ccac206a5bf909a2850cfb5c4b47d5c,nhl-2025-26-art-ross-trophy-quinn-hughes-winner,https://polymarket.com/market/nhl-2025-26-art-ross-trophy-quinn-hughes-winner,,"[""Yes"", ""No""]","[""43318042034846842596590463535818440171983739613879323032186888783518701595624"", ""69130228647496552973513222207734205584320661116109639535877828798271264634724""]",yes,KXNHLROSS-26-QHUG,https://kalshi.com/markets/kxnhlross-26/nhl-art-ross-trophy/kxnhlross-26-qhug,2026-04-20T00:00:00Z,2026-06-30T14:00:00Z,2026-06-30T14:00:00Z
pair-1043,Will Auston Matthews win the 2025–2026 NHL Art Ross Trophy?,default,1.0,0xfdfb27eb3d930494dae209f340abf52a126be5584d46d5f09c6113b298bdb612,nhl-2025-26-art-ross-trophy-auston-matthews-winner,https://polymarket.com/market/nhl-2025-26-art-ross-trophy-auston-matthews-winner,,"[""Yes"", ""No""]","[""112534089409603647015279831546277956094583531754046312270680577048125147589853"", ""36178473550352643444902579688707618398710308754698689688583630190690105453475""]",yes,KXNHLROSS-26-AMAT,https://kalshi.com/markets/kxnhlross-26/nhl-art-ross-trophy/kxnhlross-26-amat,2026-04-20T00:00:00Z,2026-06-30T14:00:00Z,2026-06-30T14:00:00Z
pair-1044,Will Jason Robertson win the 2025–2026 NHL Art Ross Trophy?,default,1.0,0xe3b77a6a517f68b5adcb67a2d3677f3bdecaa10ecd8288673b54a54f9a01f246,nhl-2025-26-art-ross-trophy-jason-robertson-winner,https://polymarket.com/market/nhl-2025-26-art-ross-trophy-jason-robertson-winner,,"[""Yes"", ""No""]","[""70446029208400916675275239724316832108241039490039683513178787459837483423976"", ""73879754871833373290260751058001030866087841090243710443370578506920115162569""]",yes,KXNHLROSS-26-JROB,https://kalshi.com/markets/kxnhlross-26/nhl-art-ross-trophy/kxnhlross-26-jrob,2026-04-20T00:00:00Z,2026-06-30T14:00:00Z,2026-06-30T14:00:00Z
pair-1050,Will John E. Sununu be the Republican nominee for Senate in New Hampshire?,politics,0.8486,0x61c4f9b8b29569661a926fbbf35d8fd9c29f4a49c7d9652e63e8c36635af7e90,will-john-e-sununu-be-the-republican-nominee-for-senate-in-new-hampshire,https://polymarket.com/market/will-john-e-sununu-be-the-republican-nominee-for-senate-in-new-hampshire,,"[""Yes"", ""No""]","[""69839203014050310738285770489487399607824935783258097124985135350965237238801"", ""78684292002727412280960119371072804219753908421001332059115826618167775955498""]",yes,KXSENATENHR-26-SB,https://kalshi.com/markets/kxsenatenhr-26/new-hampshire-republican-senate-nominee/kxsenatenhr-26-sb,2026-09-08T00:00:00Z,2026-11-03T15:00:00Z,2026-11-03T15:00:00Z
pair-1054,Will Karishma Manzur be the Democratic nominee for Senate in New Hampshire?,politics,0.8486,0x1cf96ff28b0fa76e23f12a0cf299fc3bced8b26e0addfc1ef11fb58347c0216e,will-karishma-manzur-be-the-democratic-nominee-for-senate-in-new-hampshire,https://polymarket.com/market/will-karishma-manzur-be-the-democratic-nominee-for-senate-in-new-hampshire,,"[""Yes"", ""No""]","[""56624064231610260238088049093024377041287867285559273155770657490459058693715"", ""37806007110699379574196083156782938311392224981899208050840783070359178406119""]",yes,KXSENATENHD-26-SSHA,https://kalshi.com/markets/kxsenatenhd-26/new-hampshire-democratic-senate-nominee/kxsenatenhd-26-ssha,2026-09-08T00:00:00Z,2026-11-03T15:00:00Z,2026-11-03T15:00:00Z
pair-1060,Will Allen Waters be the Republican nominee for Senate in Rhode Island?,politics,0.8486,0xc9ec0ff194451373b723698e23bdaca64aa139a883d8b766999b0bea01b0e949,will-allen-waters-be-the-republican-nominee-for-senate-in-rhode-island,https://polymarket.com/market/will-allen-waters-be-the-republican-nominee-for-senate-in-rhode-island,,"[""Yes"", ""No""]","[""76953082602184447446392227868698611312931515419726728725776351799308439033216"", ""57875935520249792436423766681181302120432965298324468028465002266818763877386""]",yes,KXSENATERIR-26-RMCK,https://kalshi.com/markets/kxsenaterir-26/rhode-island-republican-senate-nominee/kxsenaterir-26-rmck,2026-09-08T00:00:00Z,2026-11-03T15:00:00Z,2026-11-03T15:00:00Z
pair-1062,Will Jack Reed be the Democratic nominee for Senate in Rhode Island?,politics,0.8486,0x0714dc5c20ec9714b05d1e85e365fcb99b34a0b5261f01c3a8333c568e02abce,will-jack-reed-be-the-democratic-nominee-for-senate-in-rhode-island,https://polymarket.com/market/will-jack-reed-be-the-democratic-nominee-for-senate-in-rhode-island,,"[""Yes"", ""No""]","[""75854345771145535899332860471190733582966961056463642423514620066170423619805"", ""72694444661790832837157669700915284596310605552628577016575854905928758664011""]",yes,KXSENATERID-26-CBUR,https://kalshi.com/markets/kxsenaterid-26/rhode-island-democratic-senate-nominee/kxsenaterid-26-cbur,2026-09-08T00:00:00Z,2026-11-03T15:00:00Z,2026-11-03T15:00:00Z
pair-1064,Will Justin McNeal be the Republican nominee for Senate in South Dakota?,politics,0.8486,0x01408db0d90e6ba11f7cb6347905b8d5b69dc881de8420e4629bdc8be6aade2e,will-justin-mcneal-be-the-republican-nominee-for-senate-in-south-dakota,https://polymarket.com/market/will-justin-mcneal-be-the-republican-nominee-for-senate-in-south-dakota,,"[""Yes"", ""No""]","[""6353093976917225092703808246266084449150938949457904808276955261688650820672"", ""62428689237212893866819600130514660871577692006353149103397567605701673511745""]",yes,KXSENATESDR-26-KNOE,https://kalshi.com/markets/kxsenatesdr-26/south-dakota-republican-senate-nominee/kxsenatesdr-26-knoe,2026-06-28T00:00:00Z,2027-06-02T14:00:00Z,2027-06-02T14:00:00Z
pair-1067,Will Lindsey Graham be the Republican nominee for Senate in South Carolina?,politics,0.8486,0x92197207636b8e30492f9d25e0833677914a178ff91113980f6f0fc8f0392746,will-lindsey-graham-be-the-republican-nominee-for-senate-in-south-carolina,https://polymarket.com/market/will-lindsey-graham-be-the-republican-nominee-for-senate-in-south-carolina,,"[""Yes"", ""No""]","[""56458125489755148756983070575884285785306433056136202728957154557809707541174"", ""32868332004782636316070250065897807482567926771587426094565280939810965032748""]",yes,KXSENATESCR-26-LGRA,https://kalshi.com/markets/kxsenatescr-26/south-carolina-republican-senate-nominee/kxsenatescr-26-lgra,2026-07-31T00:00:00Z,2026-11-03T15:00:00Z,2026-11-03T15:00:00Z
pair-1077,Will Rio Phillips be the Democratic nominee for Senate in West Virginia?,politics,0.8486,0xa36fa87e6203b4c8afb413b0d36241a925cd80a4bfe98a0f6d78ea0d70b547ff,will-rio-phillips-be-the-democratic-nominee-for-senate-in-west-virginia,https://polymarket.com/market/will-rio-phillips-be-the-democratic-nominee-for-senate-in-west-virginia,,"[""Yes"", ""No""]","[""4835507014992300277959685271181290188701411543195603584888475156296621379165"", ""84894400428625071047950881215661639722391493961642605510730968213782585346476""]",yes,KXSENATEWVD-26-ZSHR,https://kalshi.com/markets/kxsenatewvd-26/west-virginia-democratic-senate-nominee/kxsenatewvd-26-zshr,2026-05-12T00:00:00Z,2027-05-12T14:00:00Z,2027-05-12T14:00:00Z
pair-1105,Will Alexander Gaasserud be the Republican nominee for Senate in West Virginia?,politics,0.8486,0x3e299343fdb7d0b140359182de97d3c459787717b76cb65a7f1a8cae9883b5ae,will-alexander-gaasserud-be-the-republican-nominee-for-senate-in-west-virginia,https://polymarket.com/market/will-alexander-gaasserud-be-the-republican-nominee-for-senate-in-west-virginia,,"[""Yes"", ""No""]","[""32244594344203029759722279912076859013329453928692965702916979619102677621999"", ""33506398288003994546744080829708329825916812265393469217186849391571770954147""]",yes,KXSENATEWVR-26-TWIL,https://kalshi.com/markets/kxsenatewvr-26/west-virginia-republican-senate-nominee/kxsenatewvr-26-twil,2026-05-12T00:00:00Z,2026-11-03T15:00:00Z,2026-11-03T15:00:00Z
pair-1110,"Will Drake officially release Iceman by April 30, 2026?",other,0.8468,0x1081498f18c528f543e0342046f5a0a638168b9a3cb9197d4529addb1e76f8e1,will-drake-officially-release-iceman-by-april-30-2026,https://polymarket.com/market/will-drake-officially-release-iceman-by-april-30-2026,,"[""Yes"", ""No""]","[""85838221749211495830418625838641529224453493139711613670520357952652036741403"", ""10974805197571592180713434211359701560847388315565505119224266360274454569842""]",yes,KXSPOTIFYALBUMRELEASEDATEDRAKE-26-JUN01-26,https://kalshi.com/markets/kxspotifyalbumreleasedatedrake-26/when-will-drake-release-iceman/kxspotifyalbumreleasedatedrake-26-jun01-26,2026-04-30T00:00:00Z,2026-06-01T14:00:00Z,2026-06-01T14:00:00Z
pair-1112,Will Scottish Labour win the most seats in the 2026 Scottish Parliament election?,politics,0.8453,0x81e2491efe14b72bc375c2b90af3a7ebdd04754e4024788254d5823f33e7bdff,will-scottish-labour-win-the-most-seats-in-the-2026-scottish-parliament-election,https://polymarket.com/market/will-scottish-labour-win-the-most-seats-in-the-2026-scottish-parliament-election,,"[""Yes"", ""No""]","[""51006258302030545390363975789514627785504147276734978067987396769855974881291"", ""3369630650261522288070592536809812400298702757592609293371139368918509163439""]",yes,KXSNPMAJORITY-26MAY07-A64,https://kalshi.com/markets/kxsnpmajority-26may07/how-many-seats-will-the-snp-win-in-the-scottish-parliament-election/kxsnpmajority-26may07-a64,2026-05-07T00:00:00Z,2027-05-07T14:00:00Z,2027-05-07T14:00:00Z
pair-1116,Will Cardi B and Stefon Diggs get engaged in 2026?,other,0.8453,0xdb42bb65168f8e0d231c328be1ec0646df09630331631ac92afbaf30a4845d8f,will-cardi-b-and-stefon-diggs-get-engaged-in-2026,https://polymarket.com/market/will-cardi-b-and-stefon-diggs-get-engaged-in-2026,,"[""Yes"", ""No""]","[""27826923689794564123178179948398495458968688238101647405476798691106983365236"", ""42459310965524334667087736093158449887337155595319192043659585830662681400861""]",yes,KXSTEFONDIGGSCARDIB-26,https://kalshi.com/markets/kxstefondiggscardib-26/will-cardi-b-and-stefon-diggs-be-engaged-in-2026/kxstefondiggscardib-26,2026-12-31T00:00:00Z,2027-01-01T04:59:00Z,2027-01-01T04:59:00Z
pair-1117,Israel and Lebanon normalize relations before 2027?,other,0.8453,0xfb013a43c6ea97f5af4515baefbefdc2a9cfeca1d764aa9f3ce1f6bd93002dfe,israel-and-lebanon-normalize-relations-before-2027,https://polymarket.com/market/israel-and-lebanon-normalize-relations-before-2027,,"[""Yes"", ""No""]","[""101831681716333180244111475646971936256198362513844467846876475971510978571235"", ""52144999543229413513861544800124735490771359660172681885251993902562842903350""]",yes,KXABRAHAMSA-27-JAN01,https://kalshi.com/markets/kxabrahamsa-27/which-countries-will-normalize-relations-with-israel-before-2027/kxabrahamsa-27-jan01,2026-12-31T00:00:00Z,2027-01-01T15:00:00Z,2027-01-01T15:00:00Z
pair-1128,Will the 2026 trade deficit be 1.1T or more?,crypto,0.8336,0x306b01a825a423668beec573456610843ad4c47f72d1fb70d880f55b10109d91,will-the-2026-trade-deficit-be-1pt1t-or-more,https://polymarket.com/market/will-the-2026-trade-deficit-be-1pt1t-or-more,,"[""Yes"", ""No""]","[""5719638015015095021777253576720314166686827284908160443837910371323865840881"", ""81041681824483581150311469351093877024153338807206649092878012100346498915016""]",yes,KXTRADEDEFICIT-27FEB28-B59.95,https://kalshi.com/markets/kxtradedeficit-27feb28/us-trade-deficit-for-2026/kxtradedeficit-27feb28-b59.95,2027-02-28T00:00:00Z,2027-02-28T13:29:00Z,2027-02-28T13:29:00Z
pair-1140,Obama arrested before 2027?,other,0.8336,0x70b226359baf2441d277d46fe796af532992f42d792fc2fe444ad21d2f4cc1da,obama-arrested-before-2027,https://polymarket.com/market/obama-arrested-before-2027,,"[""Yes"", ""No""]","[""61558632026492917709441405396209872615406830480832374141759887801695256465896"", ""65937340254558014944482393317425424406676557936715934036746243707546323361255""]",yes,KXARREST-27JAN-LLYN,https://kalshi.com/markets/kxarrest-27jan/who-will-be-arrested-before-2027/kxarrest-27jan-llyn,2026-12-31T00:00:00Z,2027-01-01T04:59:00Z,2027-01-01T04:59:00Z
pair-1164,Will Will Sawin win the 2026 Fields Medal?,other,0.8336,0xf7a786e2562ac4087406521ed0b1cea006949ac070e2aa3f5c443a53427a1be7,will-will-sawin-win-the-2026-fields-medal,https://polymarket.com/market/will-will-sawin-win-the-2026-fields-medal,,"[""Yes"", ""No""]","[""104987187868832084510099176920015382176479527963896049446311204603020573360738"", ""100893605694271222081437671054884171611791833982514631987201735823419842980922""]",yes,KXFIELDS-26-HWAN,https://kalshi.com/markets/kxfields-26/who-will-win-the-fields-medal-in-2026/kxfields-26-hwan,2026-07-30T00:00:00Z,2026-12-31T15:00:00Z,2026-12-31T15:00:00Z
pair-1174,Will J.T. Miller win the 2025–2026 NHL Maurice 'Rocket' Richard Trophy?,sports,0.8336,0xa75ae2a93fa9c60affce5101b0c0b916fc3a8cc94128f4e7a59dbed7721c5fb4,nhl-2025-26-rocket-richard-trophy-j-t-miller,https://polymarket.com/market/nhl-2025-26-rocket-richard-trophy-j-t-miller,,"[""Yes"", ""No""]","[""15585329932869473940729851604659652859454322636126025534129941295854790135841"", ""32096303519249890330258519897372510289231383107895494345201849216149841694823""]",yes,KXNHLRICHARD-26-AMAT,https://kalshi.com/markets/kxnhlrichard-26/nhl-maurice-rocket-richard-trophy/kxnhlrichard-26-amat,2026-06-30T00:00:00Z,2026-06-30T14:00:00Z,2026-06-30T14:00:00Z
pair-1199,Will the Democrats win the New Hampshire governor race in 2026?,politics,0.824,0x4900fd99a53dc19621b3de761cdd75401fcd5733d785b9840275fe14ccd7d74c,will-the-democrats-win-the-new-hampshire-governor-race-in-2026,https://polymarket.com/market/will-the-democrats-win-the-new-hampshire-governor-race-in-2026,,"[""Yes"", ""No""]","[""50014042446564445111498439180144732017863294969428914194102372141019045896702"", ""38923169084089463430603971435663780560871986004214398164473514082879434955128""]",yes,GOVPARTYNH-28-R,https://kalshi.com/markets/govpartynh-28/new-hampshire-governor-winner/govpartynh-28-r,,2029-11-07T15:00:00Z,2029-11-07T15:00:00Z
pair-1201,Will the Democrats win the South Carolina governor race in 2026?,politics,0.824,0x9767768d75f0fde1ad998e52b83999315cd5f45152a143a0153366915513e0d2,will-the-democrats-win-the-south-carolina-governor-race-in-2026,https://polymarket.com/market/will-the-democrats-win-the-south-carolina-governor-race-in-2026,,"[""Yes"", ""No""]","[""69673263487139231624315897585768201230841320475352635832819992690850228911127"", ""60881151017130321740345136601526104676952077782755755891584789189096989545525""]",yes,GOVPARTYSC-26-D,https://kalshi.com/markets/govpartysc-26/south-carolina-governor-winner/govpartysc-26-d,,2027-11-03T15:00:00Z,2027-11-03T15:00:00Z
pair-1203,Will the Democrats win the South Dakota governor race in 2026?,politics,0.824,0xfc63bcdc71629dd77fba7e016021e4d9283d972d2a06f8552cbd25f87e5ce918,will-the-democrats-win-the-south-dakota-governor-race-in-2026,https://polymarket.com/market/will-the-democrats-win-the-south-dakota-governor-race-in-2026,,"[""Yes"", ""No""]","[""19857809653204352084235953967001149759321806996646353766198011041287290557051"", ""81928830076368461059680704904933018599743089984775447893064772019302534185483""]",yes,GOVPARTYSD-26-R,https://kalshi.com/markets/govpartysd-26/south-dakota-governor-winner/govpartysd-26-r,,2027-11-03T15:00:00Z,2027-11-03T15:00:00Z
pair-1205,Will the Democrats win the Rhode Island governor race in 2026?,politics,0.824,0xc65ec2459a79fb749948503161d42e13c4cb8bb0b670f0dd1ce2c71d7950b459,will-the-democrats-win-the-rhode-island-governor-race-in-2026,https://polymarket.com/market/will-the-democrats-win-the-rhode-island-governor-race-in-2026,,"[""Yes"", ""No""]","[""12963869833838696349134591178892586509546549676681530057691780490969939726649"", ""75325800980805191432247713433059602003287797994426454877102862804464373217417""]",yes,GOVPARTYRI-26-D,https://kalshi.com/markets/govpartyri-26/rhode-island-governor-winner/govpartyri-26-d,,2027-11-03T15:00:00Z,2027-11-03T15:00:00Z
pair-1207,Will the Democrats win the West Virginia Senate race in 2026?,politics,0.824,0xe109380d49786b25c8c20ca88bfbf5ffabbe0a91a25a9d8795312d5a9701f998,will-the-democrats-win-the-west-virginia-senate-race-in-2026,https://polymarket.com/market/will-the-democrats-win-the-west-virginia-senate-race-in-2026,,"[""Yes"", ""No""]","[""110692470670299760609405767524469998656804613573367102042492015567399413436772"", ""89611284751983444666516772199088261836184128361026213372833195934667653681164""]",yes,SENATEWV-26-R,https://kalshi.com/markets/senatewv-26/west-virginia-senate-winner/senatewv-26-r,,2027-11-03T15:00:00Z,2027-11-03T15:00:00Z
pair-1209,Will the Democrats win the South Dakota Senate race in 2026?,politics,0.824,0xf4f5714f7e70dda23fcbe21b9de67060cd6ab7a8a972686ff8495e45059ae531,will-the-democrats-win-the-south-dakota-senate-race-in-2026,https://polymarket.com/market/will-the-democrats-win-the-south-dakota-senate-race-in-2026,,"[""Yes"", ""No""]","[""67967023811721834738685695249992484419619114809767608640505747182577663027691"", ""87788307834855462980201710464461387411969659581088060979543565160826300016750""]",yes,SENATESD-26-R,https://kalshi.com/markets/senatesd-26/south-dakota-senate-winner/senatesd-26-r,,2027-11-03T15:00:00Z,2027-11-03T15:00:00Z
pair-1211,Will the Democrats win the South Carolina Senate race in 2026?,politics,0.824,0x4de72138204727d2821bff847d8158819ab5b591db1b5b263676126cbb3a0430,will-the-democrats-win-the-south-carolina-senate-race-in-2026,https://polymarket.com/market/will-the-democrats-win-the-south-carolina-senate-race-in-2026,,"[""Yes"", ""No""]","[""30718966535311015751929217398361750334834655110246828806892843311659716192347"", ""33485925353171072312284533208639606685310281710515007938376691890027292332545""]",yes,SENATESC-26-D,https://kalshi.com/markets/senatesc-26/south-carolina-senate-winner/senatesc-26-d,,2027-11-03T15:00:00Z,2027-11-03T15:00:00Z
pair-1213,Will the Democrats win the Rhode Island Senate race in 2026?,politics,0.824,0xe9b5814b6b770008d8ed384c45d41703e648d9dce3cdf3d2d15108431d4d865f,will-the-democrats-win-the-rhode-island-senate-race-in-2026,https://polymarket.com/market/will-the-democrats-win-the-rhode-island-senate-race-in-2026,,"[""Yes"", ""No""]","[""77004273724753899183699441849597881417275931290950171679615354396048734034984"", ""56999680715177473430966804355924370363620765680932198467899001505216633500449""]",yes,SENATERI-26-D,https://kalshi.com/markets/senateri-26/rhode-island-senate-winner/senateri-26-d,,2027-11-03T15:00:00Z,2027-11-03T15:00:00Z
pair-1215,Will the Democrats win the New Mexico Senate race in 2026?,politics,0.824,0x3ce6295fd9f1a6e2798a8a8a8845f69aca182b8cf35dc59db7203415cbe8d48e,will-the-democrats-win-the-new-mexico-senate-race-in-2026,https://polymarket.com/market/will-the-democrats-win-the-new-mexico-senate-race-in-2026,,"[""Yes"", ""No""]","[""86827974851753312617441915824618617861250657564707166327567168877893121374182"", ""36658361636301944946350626333493677081031062692438134395348552977069133544334""]",yes,SENATENM-26-D,https://kalshi.com/markets/senatenm-26/new-mexico-senate-winner/senatenm-26-d,,2027-11-03T15:00:00Z,2027-11-03T15:00:00Z
pair-1217,Will the Democrats win the New Jersey Senate race in 2026?,politics,0.824,0xd059a400cfceb9720559a5a67f53aa94381da88fa2007af5ce30f75facf57953,will-the-democrats-win-the-new-jersey-senate-race-in-2026,https://polymarket.com/market/will-the-democrats-win-the-new-jersey-senate-race-in-2026,,"[""Yes"", ""No""]","[""57191420250913616150846676905047388827581537310894242160546701872955141155912"", ""68681443500357642360075283680830487598986161680464858837462763850367316916961""]",yes,SENATENJ-26-R,https://kalshi.com/markets/senatenj-26/new-jersey-senate-winner/senatenj-26-r,,2027-11-03T15:00:00Z,2027-11-03T15:00:00Z
pair-1219,Will the Democrats win the New Hampshire Senate race in 2026?,politics,0.824,0xfc5c740e4617eb9908ceada7c91bfbe1cd41f172d703ef811d544e60a7a70bb5,will-the-democrats-win-the-new-hampshire-senate-race-in-2026,https://polymarket.com/market/will-the-democrats-win-the-new-hampshire-senate-race-in-2026,,"[""Yes"", ""No""]","[""82410058691149830741200014405570918770267839390767234397030380747995715352939"", ""28709552853916742051233428360468180906283732902940871675642481670799666825242""]",yes,SENATENH-26-R,https://kalshi.com/markets/senatenh-26/new-hampshire-senate-winner/senatenh-26-r,,2027-11-03T15:00:00Z,2027-11-03T15:00:00Z
pair-1221,Will the Democrats win the North Carolina Senate race in 2026?,politics,0.824,0x129dbcb7d39ff8df5f0d7685a2db6400b5db37d3963914486fbb7fd2bc96a923,will-the-democrats-win-the-north-carolina-senate-race-in-2026,https://polymarket.com/market/will-the-democrats-win-the-north-carolina-senate-race-in-2026,,"[""Yes"", ""No""]","[""107151098936186723859677628536733880558851060002514795735761427447010628440047"", ""111394826590193310622075208085123253955586587501538476190057516703346418362600""]",yes,SENATENC-26-R,https://kalshi.com/markets/senatenc-26/north-carolina-senate-winner/senatenc-26-r,,2027-11-03T15:00:00Z,2027-11-03T15:00:00Z
pair-1223,Will the Democrats win the New York governor race in 2026?,politics,0.824,0x4cd035dcfb450c9a6bc9aa13f3aa94fabc01e47499d05d28ef653ef42939c364,will-the-democrats-win-the-new-york-governor-race-in-2026,https://polymarket.com/market/will-the-democrats-win-the-new-york-governor-race-in-2026,,"[""Yes"", ""No""]","[""64050273355694113671090110638685043795558853994186493795797238541534244584786"", ""89871775413723061310900874811289289046282365859042241773701889222569854585191""]",yes,GOVPARTYNY-26-R,https://kalshi.com/markets/govpartyny-26/new-york-governor-winner/govpartyny-26-r,,2027-11-03T15:00:00Z,2027-11-03T15:00:00Z
pair-1225,Will Micah Lasher be the democratic nominee for NY-12?,politics,0.824,0x3ff129c6f6737846a0b7912778da9c68f3766fbe4c8056224bd12de7e3ecfc10,will-micah-lasher-be-the-democratic-nominee-for-ny-12,https://polymarket.com/market/will-micah-lasher-be-the-democratic-nominee-for-ny-12,,"[""Yes"", ""No""]","[""24041530577943873695641575585805736932115915267053261450463708482052797893890"", ""16257858861773653833053807021246241592557693746069200509921880926609249271252""]",yes,KXNY12D-26-MLAS,https://kalshi.com/markets/kxny12d-26/ny-12-democratic-nominee/kxny12d-26-mlas,2026-06-23T00:00:00Z,2026-11-03T15:00:00Z,2026-11-03T15:00:00Z
pair-1244,Will James Osyf be the Democratic nominee for VA-02?,politics,0.824,0x4ea35c8951c420b408b8a2a561959eaa09bd38cf50a9cae93a660db8bb209dd7,will-james-osyf-be-the-democratic-nominee-for-va-02,https://polymarket.com/market/will-james-osyf-be-the-democratic-nominee-for-va-02,,"[""Yes"", ""No""]","[""74458744948655408763401331036374743098427665113211643091798128087592194997030"", ""23685913067130242490875605911983278987324385164714209745848547222181742571378""]",yes,KXVA2D-26-JOSY,https://kalshi.com/markets/kxva2d-26/va-02-democratic-nominee/kxva2d-26-josy,2026-06-16T00:00:00Z,2026-11-03T15:00:00Z,2026-11-03T15:00:00Z
pair-1251,Will Ben McAdams be the Democratic nominee for UT-01?,politics,0.824,0x89c32a0f93d0fb5b46225e4ac76f3e00a8614f55e6aa365e0152d5ee92722a81,will-ben-mcadams-be-the-democratic-nominee-for-ut-01,https://polymarket.com/market/will-ben-mcadams-be-the-democratic-nominee-for-ut-01,,"[""Yes"", ""No""]","[""72548626523736472457326961446257598465068713097216042137859430107646060867095"", ""21641203507271799283487448524650701817083724258255143249251037733008767404524""]",yes,KXUT1D-26-KRIE,https://kalshi.com/markets/kxut1d-26/ut-01-democratic-nominee/kxut1d-26-krie,2026-06-23T00:00:00Z,2026-11-03T15:00:00Z,2026-11-03T15:00:00Z
pair-1259,Will Julie Johnson be the Democratic nominee for TX-33?,politics,0.824,0x6a5695fb003f6ceb9075445d9a8d2b16c142c148de52cd8826c8dad60ff7483f,will-julie-johnson-be-the-democratic-nominee-for-tx-33,https://polymarket.com/market/will-julie-johnson-be-the-democratic-nominee-for-tx-33,,"[""Yes"", ""No""]","[""82882535259113261986330853737914662911781014679628179076021154662839193035340"", ""65615237057223336396114562811915200475100242270613870859025835522552201562004""]",yes,KXTX33D-26-JJOH,https://kalshi.com/markets/kxtx33d-26/tx-33-democratic-nominee/kxtx33d-26-jjoh,2026-05-26T00:00:00Z,2027-11-03T15:00:00Z,2027-11-03T15:00:00Z
pair-1262,Will Bryce Reeves be the Republican nominee for Senate in Virginia?,politics,0.824,0x38cabfe3578270adcb745ea4ebc5a36a43f1977ab13b6a1204ddfa8bb29a81d3,will-bryce-reeves-be-the-republican-nominee-for-senate-in-virginia,https://polymarket.com/market/will-bryce-reeves-be-the-republican-nominee-for-senate-in-virginia,,"[""Yes"", ""No""]","[""76301318282710068580865993981620256698727241372007922364537939320671427617117"", ""85054706207298929155939366087393752397815756736310461149862629168477515927362""]",yes,KXSENATEVAR-26-AMIN,https://kalshi.com/markets/kxsenatevar-26/virginia-republican-senate-nominee/kxsenatevar-26-amin,2026-06-16T00:00:00Z,2026-11-03T15:00:00Z,2026-11-03T15:00:00Z
pair-1269,Will Troy Green be the Democratic nominee for Senate in Oklahoma?,politics,0.824,0xdbe2f22b6f905331858d5f20a742b9812fcf85976cbe031633f85267ac9193da,will-troy-green-be-the-democratic-nominee-for-senate-in-oklahoma,https://polymarket.com/market/will-troy-green-be-the-democratic-nominee-for-senate-in-oklahoma,,"[""Yes"", ""No""]","[""81760003698378745868412716714759404818309320292259613883895891575258350140549"", ""95603479677891743381476382441350890611490772351840468581094711733067063044541""]",yes,KXSENATEOKD-26-RLAV,https://kalshi.com/markets/kxsenateokd-26/oklahoma-democratic-senate-nominee/kxsenateokd-26-rlav,2026-06-16T00:00:00Z,2027-11-03T15:00:00Z,2027-11-03T15:00:00Z
pair-1273,Will Sherrod Brown be the Democratic nominee for Senate in Ohio?,politics,0.824,0x190b4ecbbbdad53110817ba3666e6b5dd735737e0b7b19acebb8e102f7867d68,will-sherrod-brown-be-the-democratic-nominee-for-senate-in-ohio,https://polymarket.com/market/will-sherrod-brown-be-the-democratic-nominee-for-senate-in-ohio,,"[""Yes"", ""No""]","[""55679405818179773145926481664262296890082605172358511364723728842818104463049"", ""88825959624406478267431050539729089859727450898927392840751298147458319435788""]",yes,KXSENATEOHSD-26-SB,https://kalshi.com/markets/kxsenateohsd-26/ohio-democratic-senate-nominee/kxsenateohsd-26-sb,2026-05-05T00:00:00Z,2026-11-03T15:00:00Z,2026-11-03T15:00:00Z
pair-1277,Will Peggy Flanagan be the Democratic nominee for Senate in Minnesota?,politics,0.824,0x125d64e41a8b3225d81e84ec1fbeb58b1d8091fa9d54a9f500e01a00586baf9a,will-peggy-flanagan-be-the-democratic-nominee-for-senate-in-minnesota,https://polymarket.com/market/will-peggy-flanagan-be-the-democratic-nominee-for-senate-in-minnesota,,"[""Yes"", ""No""]","[""60943150913445569098948996747449588303488188668731678369368198128375130061370"", ""73142131521508156787664769671015758784626035753313539132382781782244117337464""]",yes,KXSENATEMND-26-ACRA,https://kalshi.com/markets/kxsenatemnd-26/minnesota-democratic-senate-nominee/kxsenatemnd-26-acra,2026-08-11T00:00:00Z,2026-11-03T15:00:00Z,2026-11-03T15:00:00Z
pair-1289,Will Graham Platner be the Democratic nominee for Senate in Maine?,politics,0.824,0x807a5bd3d52942c2d8b58bf71a583d4aa03a637f3fd9ff7a7c4a1ad818003067,will-graham-platner-be-the-democratic-nominee-for-senate-in-maine,https://polymarket.com/market/will-graham-platner-be-the-democratic-nominee-for-senate-in-maine,,"[""Yes"", ""No""]","[""51273396751548994017117054764897754414228591289652072971120018616721173971444"", ""69732267236340588035067724177359769962979053624149789047101950615640324836190""]",yes,KXSENATEMED-26-TJ,https://kalshi.com/markets/kxsenatemed-26/maine-democratic-senate-nominee/kxsenatemed-26-tj,2026-07-31T00:00:00Z,2026-11-03T15:00:00Z,2026-11-03T15:00:00Z
pair-1297,Will Tracie Burke be the Democratic nominee for Senate in Louisiana?,politics,0.824,0x381d4dbc31885a6d2af5cd3561324c0b1c37712c2e65418bc06d36e3110f42ea,will-tracie-burke-be-the-democratic-nominee-for-senate-in-louisiana-612,https://polymarket.com/market/will-tracie-burke-be-the-democratic-nominee-for-senate-in-louisiana-612,,"[""Yes"", ""No""]","[""20556656934216384366673335201652730454522224610206193069089461904156468272806"", ""62447136030721970085605905505860036036961643741992036310912964566105703209160""]",yes,KXSENATELAD-26-GCRO,https://kalshi.com/markets/kxsenatelad-26/louisiana-democratic-senate-nominee/kxsenatelad-26-gcro,2026-05-16T00:00:00Z,2027-11-03T15:00:00Z,2027-11-03T15:00:00Z
pair-1300,Will Andy Barr be the Republican nominee for Senate in Kentucky?,politics,0.824,0xd6ae0f160bff700f4fbe88b2d58ef0d1491a1dc799419f3ad9b75f5d3184a969,will-andy-barr-be-the-republican-nominee-for-senate-in-kentucky,https://polymarket.com/market/will-andy-barr-be-the-republican-nominee-for-senate-in-kentucky,,"[""Yes"", ""No""]","[""86781543001484463186180817204217257427606945619317566179205708886668776711601"", ""66671012570353323102301672282472917980048475424012904071174081176173484205495""]",yes,KXSENATEKYR-26-NMOR,https://kalshi.com/markets/kxsenatekyr-26/kentucky-republican-senate-nominee/kxsenatekyr-26-nmor,2026-05-19T00:00:00Z,2026-11-03T15:00:00Z,2026-11-03T15:00:00Z
pair-1307,Will Christy Davis be the Democratic nominee for Senate in Kansas?,politics,0.824,0x23138fc034c49853887431d6009400c26dbfb09525e0edc80878c218d19e28e8,will-christy-davis-be-the-democratic-nominee-for-senate-in-kansas,https://polymarket.com/market/will-christy-davis-be-the-democratic-nominee-for-senate-in-kansas,,"[""Yes"", ""No""]","[""68571423472619818785895187841072072034791671005100329725468988805264509815989"", ""10736926434302986558841348050604723050016832369761238191045942284117502122033""]",yes,KXSENATEKSD-26-SNEU,https://kalshi.com/markets/kxsenateksd-26/kansas-democratic-senate-nominee/kxsenateksd-26-sneu,2026-08-04T00:00:00Z,2027-11-03T15:00:00Z,2027-11-03T15:00:00Z
pair-1317,Will Reagan Box be the Republican nominee for Senate in Georgia?,politics,0.824,0x6e3eeb27b7b38793ae0aeae71a244a9dd916d984a98fd01bd99d043801e12aec,will-reagan-box-be-the-republican-nominee-for-senate-in-georgia,https://polymarket.com/market/will-reagan-box-be-the-republican-nominee-for-senate-in-georgia,,"[""Yes"", ""No""]","[""20375332101194971743833922808951848991068500081572795535070864925806873524347"", ""91683677522829337374303304161514097593002341130461425410557141173121122919259""]",yes,KXSENATEGAR-26-DDOO,https://kalshi.com/markets/kxsenategar-26/georgia-republican-senate-nominee/kxsenategar-26-ddoo,2026-05-19T00:00:00Z,2026-11-03T15:00:00Z,2026-11-03T15:00:00Z
pair-1333,Will Jared Moskowitz be the Democratic nominee for Senate in Florida?,politics,0.824,0xbfdfc3203db5e82c5f9d8c051cb620e377238116e31d4fe7f3346dec4a02b66b,will-jared-moskowitz-be-the-democratic-nominee-for-senate-in-florida,https://polymarket.com/market/will-jared-moskowitz-be-the-democratic-nominee-for-senate-in-florida,,"[""Yes"", ""No""]","[""56973986517191889376333219356182373409697127669926045614168102962442156164612"", ""108040943522001450778525633468447670346197075636606319715247228896795635261850""]",yes,KXSENATEFLD-26-HMUJ,https://kalshi.com/markets/kxsenatefld-26/florida-democratic-senate-nominee/kxsenatefld-26-hmuj,2026-08-18T00:00:00Z,2026-11-03T15:00:00Z,2026-11-03T15:00:00Z
pair-1347,Will John Shulli be the Republican nominee for Senate in Delaware?,politics,0.824,0x294cb485e8649a22ce12387104065729533d1b79db63b41f89ce5072429e08bf,will-john-shulli-be-the-republican-nominee-for-senate-in-delaware,https://polymarket.com/market/will-john-shulli-be-the-republican-nominee-for-senate-in-delaware,,"[""Yes"", ""No""]","[""80698836832848308569296360748572037018005923766184937221596442281941568349826"", ""14586628539062988479249817024766234660653530007594029703744574890893492010271""]",yes,KXSENATEDER-26-JSHU,https://kalshi.com/markets/kxsenateder-26/delaware-republican-senate-nominee/kxsenateder-26-jshu,2026-09-15T00:00:00Z,2027-11-03T15:00:00Z,2027-11-03T15:00:00Z
pair-1352,Will Dathan Jones be the Republican nominee for Senate in Colorado?,politics,0.824,0x456a25be7a7ccfa16557f646c03bc62c3f062f44c612f7593d6adfb4af310a5e,will-dathan-jones-be-the-republican-nominee-for-senate-in-colorado,https://polymarket.com/market/will-dathan-jones-be-the-republican-nominee-for-senate-in-colorado,,"[""Yes"", ""No""]","[""94509910138943869809873673971389505329720901050311969936848691724918864463020"", ""91922365419979578761899555426556830677657695278320685651415513301953484448813""]",yes,KXSENATECOR-26-DJON,https://kalshi.com/markets/kxsenatecor-26/colorado-republican-senate-nominee/kxsenatecor-26-djon,2026-06-30T00:00:00Z,2027-11-03T15:00:00Z,2027-11-03T15:00:00Z
pair-2016,Will the Tampa Bay Lightning make the NHL Playoffs?,default,1.0,0x621ab67deb66eb7aeb5293e9141d6f6784ca5a8079ac9c3837bcc748e1063725,will-the-tampa-bay-lightning-make-the-nhl-playoffs,https://polymarket.com/market/will-the-tampa-bay-lightning-make-the-nhl-playoffs,,"[""Yes"", ""No""]","[""54215266473569668046294907931570028661466097059796863210227579358961673185186"", ""70527289951943447977405052811655192966758905889915473489528564393425205302355""]",yes,KXNHLPLAYOFF-26-TB,https://kalshi.com/markets/kxnhlplayoff-26/stanley-cup-playoff-qualifiers/kxnhlplayoff-26-tb,2026-04-16T00:00:00Z,2026-05-01T14:00:00Z,2026-05-01T14:00:00Z
pair-2017,Will the Seattle Kraken make the NHL Playoffs?,default,1.0,0xd863504ace8a3a34e261e7c1fa1d0119805746d2bec8a8db9f2aea006ff19909,will-the-seattle-kraken-make-the-nhl-playoffs,https://polymarket.com/market/will-the-seattle-kraken-make-the-nhl-playoffs,,"[""Yes"", ""No""]","[""33772035421283371265508198476827966041900384895422920331923732326752202277150"", ""92774546758227205588530345526105831839863477636670095205959412827455298095194""]",yes,KXNHLPLAYOFF-26-SEA,https://kalshi.com/markets/kxnhlplayoff-26/stanley-cup-playoff-qualifiers/kxnhlplayoff-26-sea,2026-04-16T00:00:00Z,2026-05-01T14:00:00Z,2026-05-01T14:00:00Z
pair-2019,Will the New Jersey Devils make the NHL Playoffs?,default,1.0,0x00c631f175ede76bdc91bb49c271733cd43e2c660bb3e0c37d81e0e6852ec282,will-the-new-jersey-devils-make-the-nhl-playoffs,https://polymarket.com/market/will-the-new-jersey-devils-make-the-nhl-playoffs,,"[""Yes"", ""No""]","[""634307384430685951561627553449960919694741345403617053331249401651492237237"", ""54875726789080119452301231286589942801910391207965607515549385318038308751082""]",yes,KXNHLPLAYOFF-26-NJ,https://kalshi.com/markets/kxnhlplayoff-26/stanley-cup-playoff-qualifiers/kxnhlplayoff-26-nj,2026-04-16T00:00:00Z,2026-05-01T14:00:00Z,2026-05-01T14:00:00Z
pair-2020,Will the Detroit Red Wings make the NHL Playoffs?,default,1.0,0xc283368f69694364b1c2d48cf64ef589c819485f5d3d8c49ff7d47d3e9cb91fe,will-the-detroit-red-wings-make-the-nhl-playoffs,https://polymarket.com/market/will-the-detroit-red-wings-make-the-nhl-playoffs,,"[""Yes"", ""No""]","[""30365180530252696818048718619767374955688279828430617535611722665453571157072"", ""16302084017109146685846338562334298359650031692210701489180604146344777774576""]",yes,KXNHLPLAYOFF-26-DET,https://kalshi.com/markets/kxnhlplayoff-26/stanley-cup-playoff-qualifiers/kxnhlplayoff-26-det,2026-04-16T00:00:00Z,2026-05-01T14:00:00Z,2026-05-01T14:00:00Z
pair-2022,Will the Vegas Golden Knights make the NHL Playoffs?,default,1.0,0xe978f9e1739199a4c16c1780cf1d7104215ac0fe0ac8d5668f95b06af84cca34,will-the-vegas-golden-knights-make-the-nhl-playoffs,https://polymarket.com/market/will-the-vegas-golden-knights-make-the-nhl-playoffs,,"[""Yes"", ""No""]","[""52186581194857185853494564630843290812276993718504211257475407601145372885774"", ""79942953637754201777943496499584963851397001579290767240815393985775711383407""]",yes,KXNHLPLAYOFF-26-VGK,https://kalshi.com/markets/kxnhlplayoff-26/stanley-cup-playoff-qualifiers/kxnhlplayoff-26-vgk,2026-04-16T00:00:00Z,2026-05-01T14:00:00Z,2026-05-01T14:00:00Z
pair-2023,Will the Columbus Blue Jackets make the NHL Playoffs?,default,1.0,0xbe45352a36ffc833c1937d4ce010cab79e236d9ba6e88bc36ef7a4e8a6570d47,will-the-columbus-blue-jackets-make-the-nhl-playoffs,https://polymarket.com/market/will-the-columbus-blue-jackets-make-the-nhl-playoffs,,"[""Yes"", ""No""]","[""66703843633861817861428642585960138207306624332011882253797529168173196214042"", ""61158624778407219763025592586587356121010211899061306739989407432254563422115""]",yes,KXNHLPLAYOFF-26-CBJ,https://kalshi.com/markets/kxnhlplayoff-26/stanley-cup-playoff-qualifiers/kxnhlplayoff-26-cbj,2026-04-16T00:00:00Z,2026-05-01T14:00:00Z,2026-05-01T14:00:00Z
pair-2024,Will the San Jose Sharks make the NHL Playoffs?,default,1.0,0x8e7eaea1da949b796629b7fbd761583dc8cebf8901653c75c37070bcc0400ea3,will-the-san-jose-sharks-make-the-nhl-playoffs,https://polymarket.com/market/will-the-san-jose-sharks-make-the-nhl-playoffs,,"[""Yes"", ""No""]","[""28092167244459028894375058071930476194574083126167630368566847985444330890222"", ""32685505663604525674750007358005056116803569347712991266456417741534060477545""]",yes,KXNHLPLAYOFF-26-SJ,https://kalshi.com/markets/kxnhlplayoff-26/stanley-cup-playoff-qualifiers/kxnhlplayoff-26-sj,2026-04-16T00:00:00Z,2026-05-01T14:00:00Z,2026-05-01T14:00:00Z
pair-2025,Will the New York Islanders make the NHL Playoffs?,default,1.0,0x81970d6af0f7545b39c5a98b032cca14cdb9b414a80c3f3cfb843c83ea5ba1b7,will-the-new-york-islanders-make-the-nhl-playoffs,https://polymarket.com/market/will-the-new-york-islanders-make-the-nhl-playoffs,,"[""Yes"", ""No""]","[""17217000820491139648395895015432072714480860832895279009585818585281487410511"", ""8427355539266550543900771478503536945333995243362363866322057078633413310618""]",yes,KXNHLPLAYOFF-26-NYI,https://kalshi.com/markets/kxnhlplayoff-26/stanley-cup-playoff-qualifiers/kxnhlplayoff-26-nyi,2026-04-16T00:00:00Z,2026-05-01T14:00:00Z,2026-05-01T14:00:00Z
pair-2026,Will the Nashville Predators make the NHL Playoffs?,default,1.0,0x49e32d4ef5a15a675098f7b57726da3b1f44e19e92ec98535ade06fe64024d5b,will-the-nashville-predators-make-the-nhl-playoffs,https://polymarket.com/market/will-the-nashville-predators-make-the-nhl-playoffs,,"[""Yes"", ""No""]","[""54557716660086541187420644468531498934863927707630026951147115294289170233529"", ""1703320017376821242297636717942997379009546645206243325340682202373862763360""]",yes,KXNHLPLAYOFF-26-NSH,https://kalshi.com/markets/kxnhlplayoff-26/stanley-cup-playoff-qualifiers/kxnhlplayoff-26-nsh,2026-04-16T00:00:00Z,2026-05-01T14:00:00Z,2026-05-01T14:00:00Z
pair-2027,Will the St. Louis Blues make the NHL Playoffs?,default,1.0,0xa859f39e90b210bed447d1634732035b8c43b1c5e8d065b024fc9f2554c52133,will-the-st-louis-blues-make-the-nhl-playoffs,https://polymarket.com/market/will-the-st-louis-blues-make-the-nhl-playoffs,,"[""Yes"", ""No""]","[""59313946870657918245098282187556411224227706892952150447170714175757414553779"", ""105823695593083572070700214796006743431608256998384166780713361808244752844407""]",yes,KXNHLPLAYOFF-26-STL,https://kalshi.com/markets/kxnhlplayoff-26/stanley-cup-playoff-qualifiers/kxnhlplayoff-26-stl,2026-04-16T00:00:00Z,2026-05-01T14:00:00Z,2026-05-01T14:00:00Z
pair-2028,Will the Philadelphia Flyers make the NHL Playoffs?,default,1.0,0x602b0ed201fa1d35f2f94394f7b0df755817fdcab2f5fb1f988030ce4f03ddf8,will-the-philadelphia-flyers-make-the-nhl-playoffs,https://polymarket.com/market/will-the-philadelphia-flyers-make-the-nhl-playoffs,,"[""Yes"", ""No""]","[""100114433764222797536071475434112950557209327193979805431157691259446562469897"", ""1534037934466695608198610025081416763122129404349191541745407108758771111476""]",yes,KXNHLPLAYOFF-26-PHI,https://kalshi.com/markets/kxnhlplayoff-26/stanley-cup-playoff-qualifiers/kxnhlplayoff-26-phi,2026-04-16T00:00:00Z,2026-05-01T14:00:00Z,2026-05-01T14:00:00Z
pair-2029,Will the Pittsburgh Penguins make the NHL Playoffs?,default,1.0,0x8c1474e8658e5fe7eadb56f461ef418a2a774222de17b63e972349c10796f7c3,will-the-pittsburgh-penguins-make-the-nhl-playoffs,https://polymarket.com/market/will-the-pittsburgh-penguins-make-the-nhl-playoffs,,"[""Yes"", ""No""]","[""106800372088879781493859780772331110682048021244445436925566302969150618066330"", ""36853998881177841293631697150909901988229550317310798406597918351383299301533""]",yes,KXNHLPLAYOFF-26-PIT,https://kalshi.com/markets/kxnhlplayoff-26/stanley-cup-playoff-qualifiers/kxnhlplayoff-26-pit,2026-04-16T00:00:00Z,2026-05-01T14:00:00Z,2026-05-01T14:00:00Z
pair-2030,Will the Ottawa Senators make the NHL Playoffs?,default,1.0,0xc98dbc4d64b0396c209bcc1700fdd08db6bce7e112e580a3752eb9283b6a8a32,will-the-ottawa-senators-make-the-nhl-playoffs,https://polymarket.com/market/will-the-ottawa-senators-make-the-nhl-playoffs,,"[""Yes"", ""No""]","[""100832639254178055387902047909619687010745842425283578665716807181914857023556"", ""113939145506815047486727863277581493572300925658422235271413428676402737679657""]",yes,KXNHLPLAYOFF-26-OTT,https://kalshi.com/markets/kxnhlplayoff-26/stanley-cup-playoff-qualifiers/kxnhlplayoff-26-ott,2026-04-16T00:00:00Z,2026-05-01T14:00:00Z,2026-05-01T14:00:00Z
pair-2031,Will the Boston Bruins make the NHL Playoffs?,default,1.0,0x78fbd22351a8df2945da6f794cde7087b85af0b930c44c441f42bea47fe429dc,will-the-boston-bruins-make-the-nhl-playoffs,https://polymarket.com/market/will-the-boston-bruins-make-the-nhl-playoffs,,"[""Yes"", ""No""]","[""114914870980717040982939642886185386645619066914225144724745712772465617235526"", ""63255614065204108154023734744294474500343293511688789744026595076464806597544""]",yes,KXNHLPLAYOFF-26-BOS,https://kalshi.com/markets/kxnhlplayoff-26/stanley-cup-playoff-qualifiers/kxnhlplayoff-26-bos,2026-04-16T00:00:00Z,2026-05-01T14:00:00Z,2026-05-01T14:00:00Z
pair-2032,Will the Winnipeg Jets make the NHL Playoffs?,default,1.0,0xefc66ad033d01bf3b206ed759eb34a959561d9ed89e30b80268ffa7b35f0fa48,will-the-winnipeg-jets-make-the-nhl-playoffs,https://polymarket.com/market/will-the-winnipeg-jets-make-the-nhl-playoffs,,"[""Yes"", ""No""]","[""90834626223492001276380001243463414875057481033991745206642983908826541096561"", ""58430903682633788647007786909762023942142616861443860287852645405387550608342""]",yes,KXNHLPLAYOFF-26-WPG,https://kalshi.com/markets/kxnhlplayoff-26/stanley-cup-playoff-qualifiers/kxnhlplayoff-26-wpg,2026-04-16T00:00:00Z,2026-05-01T14:00:00Z,2026-05-01T14:00:00Z
pair-2033,Will the Edmonton Oilers make the NHL Playoffs?,default,1.0,0x49c35962962f712e04da2134f14987045a3ad7ab13d7bce17967e7a291fbf87c,will-the-edmonton-oilers-make-the-nhl-playoffs,https://polymarket.com/market/will-the-edmonton-oilers-make-the-nhl-playoffs,,"[""Yes"", ""No""]","[""77893240627087357290103212270367200490085548662468509286017704995029222416882"", ""23241904047148924079552866075620586368935130851655108341203500235312204772914""]",yes,KXNHLPLAYOFF-26-EDM,https://kalshi.com/markets/kxnhlplayoff-26/stanley-cup-playoff-qualifiers/kxnhlplayoff-26-edm,2026-04-16T00:00:00Z,2026-05-01T14:00:00Z,2026-05-01T14:00:00Z
pair-2034,Will the Anaheim Ducks make the NHL Playoffs?,default,1.0,0x4a89d0610c895cdbc92a36f66b7b39f899a21417998db28d23b676e08ed68694,will-the-anaheim-ducks-make-the-nhl-playoffs,https://polymarket.com/market/will-the-anaheim-ducks-make-the-nhl-playoffs,,"[""Yes"", ""No""]","[""113972709127890321866523433784906045823493640560928395400449378061911279783328"", ""53380121400850418942422655871237515363748301761486443666378244097553919734749""]",yes,KXNHLPLAYOFF-26-ANA,https://kalshi.com/markets/kxnhlplayoff-26/stanley-cup-playoff-qualifiers/kxnhlplayoff-26-ana,2026-04-16T00:00:00Z,2026-05-01T14:00:00Z,2026-05-01T14:00:00Z
pair-2036,Will the Florida Panthers make the NHL Playoffs?,default,1.0,0x88ed85aa9d6a3fc143a10a1c41c9980d175fcd7bd9926dc2635400c3722116bf,will-the-florida-panthers-make-the-nhl-playoffs,https://polymarket.com/market/will-the-florida-panthers-make-the-nhl-playoffs,,"[""Yes"", ""No""]","[""53687196728200564001139541520952399221452701542662349190204511600722725391971"", ""77069663894202385639668118305228663523839595016273664677475247723881135487887""]",yes,KXNHLPLAYOFF-26-FLA,https://kalshi.com/markets/kxnhlplayoff-26/stanley-cup-playoff-qualifiers/kxnhlplayoff-26-fla,2026-04-16T00:00:00Z,2026-05-01T14:00:00Z,2026-05-01T14:00:00Z
pair-2037,Will the Minnesota Wild make the NHL Playoffs?,default,1.0,0xd07947fb6532b8a02f4cf92766f2af3f6b9d7fa7ee350226f5f8a85f3fd2e42e,will-the-minnesota-wild-make-the-nhl-playoffs,https://polymarket.com/market/will-the-minnesota-wild-make-the-nhl-playoffs,,"[""Yes"", ""No""]","[""113910576243246510347074164906475122827142901150647233129634925146831139458017"", ""50028259334957934233259286770148905779325783429800766825227339877079928147851""]",yes,KXNHLPLAYOFF-26-MIN,https://kalshi.com/markets/kxnhlplayoff-26/stanley-cup-playoff-qualifiers/kxnhlplayoff-26-min,2026-04-16T00:00:00Z,2026-05-01T14:00:00Z,2026-05-01T14:00:00Z
pair-2038,Will the Toronto Maple Leafs make the NHL Playoffs?,default,1.0,0xccc3c462315b2a82e297fc610a9f403cd8a6ac79901a0a79a8b448f52d646584,will-the-toronto-maple-leafs-make-the-nhl-playoffs,https://polymarket.com/market/will-the-toronto-maple-leafs-make-the-nhl-playoffs,,"[""Yes"", ""No""]","[""72941549696947566441705032260141577035890605136036965238412293261478275428372"", ""88835694112669203824916523930144480250171633985906430318437920093678499125378""]",yes,KXNHLPLAYOFF-26-TOR,https://kalshi.com/markets/kxnhlplayoff-26/stanley-cup-playoff-qualifiers/kxnhlplayoff-26-tor,2026-04-16T00:00:00Z,2026-05-01T14:00:00Z,2026-05-01T14:00:00Z
pair-2039,Will the Chicago Blackhawks make the NHL Playoffs?,default,1.0,0x76baccae43e68784ec9a5d3ae49a3490e8740db11a0620660d34ead88d1aede6,will-the-chicago-blackhawks-make-the-nhl-playoffs,https://polymarket.com/market/will-the-chicago-blackhawks-make-the-nhl-playoffs,,"[""Yes"", ""No""]","[""94881508745740985939224995280291904577289134708449955141040125221676294540260"", ""90767658635149688220108026102340243871667429352185465723860341474074888318403""]",yes,KXNHLPLAYOFF-26-CHI,https://kalshi.com/markets/kxnhlplayoff-26/stanley-cup-playoff-qualifiers/kxnhlplayoff-26-chi,2026-04-16T00:00:00Z,2026-05-01T14:00:00Z,2026-05-01T14:00:00Z
pair-2040,Will the Carolina Hurricanes make the NHL Playoffs?,default,1.0,0x5dd8596e2be58da439be4c602fb5d8ed53316bc816bc1ddd316d227282a49716,will-the-carolina-hurricanes-make-the-nhl-playoffs,https://polymarket.com/market/will-the-carolina-hurricanes-make-the-nhl-playoffs,,"[""Yes"", ""No""]","[""23824859214411249591003057624199499599918019670834666541973482261882774715174"", ""45971184085527364783825744575404435107414851844309639141977416119404145063880""]",yes,KXNHLPLAYOFF-26-CAR,https://kalshi.com/markets/kxnhlplayoff-26/stanley-cup-playoff-qualifiers/kxnhlplayoff-26-car,2026-04-16T00:00:00Z,2026-05-01T14:00:00Z,2026-05-01T14:00:00Z
pair-2041,Will the Buffalo Sabres make the NHL Playoffs?,default,1.0,0x153866c82043e636aa6c94b5f431de9404a544e1a09f4423e096579283b4c033,will-the-buffalo-sabres-make-the-nhl-playoffs,https://polymarket.com/market/will-the-buffalo-sabres-make-the-nhl-playoffs,,"[""Yes"", ""No""]","[""3432439280853207743291779995771627720801561421011576622779537963629718339405"", ""8591806095217623098151127387266027677812417601393746735132532553476924156424""]",yes,KXNHLPLAYOFF-26-BUF,https://kalshi.com/markets/kxnhlplayoff-26/stanley-cup-playoff-qualifiers/kxnhlplayoff-26-buf,2026-04-16T00:00:00Z,2026-05-01T14:00:00Z,2026-05-01T14:00:00Z
pair-2042,Will the Calgary Flames make the NHL Playoffs?,default,1.0,0xc5fb20ea40abee111a4fcd7138214fef8e4fcc39d08600169e2ed6fa59aa3a94,will-the-calgary-flames-make-the-nhl-playoffs,https://polymarket.com/market/will-the-calgary-flames-make-the-nhl-playoffs,,"[""Yes"", ""No""]","[""56437726588581696161976823065410987779917647040682802665924688610998271784206"", ""21972457866305747935841397263991500528665673014557361958256527966310151948093""]",yes,KXNHLPLAYOFF-26-CGY,https://kalshi.com/markets/kxnhlplayoff-26/stanley-cup-playoff-qualifiers/kxnhlplayoff-26-cgy,2026-04-16T00:00:00Z,2026-05-01T14:00:00Z,2026-05-01T14:00:00Z
pair-2043,Will the Pittsburgh Penguins win the Eastern Conference?,default,1.0,0x4c1fce376d656435c88daf66e490a2ea1333808c3ba8c17d7b39dc6eb5df4f38,will-the-pittsburgh-penguins-win-the-eastern-conference,https://polymarket.com/market/will-the-pittsburgh-penguins-win-the-eastern-conference,,"[""Yes"", ""No""]","[""98172226514205997050085374629597456423241301134276774374326279252701443562413"", ""27112667919406686386469530166037180669254367369107888213194136225838231969086""]",yes,KXNHLEAST-26-PIT,https://kalshi.com/markets/kxnhleast-26/eastern-conference-finals-winner/kxnhleast-26-pit,2026-06-30T00:00:00Z,2026-07-15T14:00:00Z,2026-07-15T14:00:00Z
pair-2044,Will the New York Islanders win the Eastern Conference?,default,1.0,0x9e468b60284d18c30c6aa6831132f3670bc7f673a898c390ff5704e98518013b,will-the-new-york-islanders-win-the-eastern-conference,https://polymarket.com/market/will-the-new-york-islanders-win-the-eastern-conference,,"[""Yes"", ""No""]","[""7768122069570965112328880095411492292116465735620708074829711029211455492645"", ""61796561366623849352809928170823170023768941774563561955002346370608859882241""]",yes,KXNHLEAST-26-NYI,https://kalshi.com/markets/kxnhleast-26/eastern-conference-finals-winner/kxnhleast-26-nyi,2026-06-30T00:00:00Z,2026-07-15T14:00:00Z,2026-07-15T14:00:00Z
pair-2045,Will the Montreal Canadiens win the Eastern Conference?,default,1.0,0x452f9e53cec1846bd092436b33613c64bcb03cc23e46554c3d163de39b309c52,will-the-montreal-canadiens-win-the-eastern-conference,https://polymarket.com/market/will-the-montreal-canadiens-win-the-eastern-conference,,"[""Yes"", ""No""]","[""82901912672486929595985850412768444369746283824569127195258464874687697679527"", ""5817940269726535682603498758936778230384890393884281427443471374608105710128""]",yes,KXNHLEAST-26-MTL,https://kalshi.com/markets/kxnhleast-26/eastern-conference-finals-winner/kxnhleast-26-mtl,2026-06-30T00:00:00Z,2026-07-15T14:00:00Z,2026-07-15T14:00:00Z
pair-2046,Will the Columbus Blue Jackets win the Eastern Conference?,default,1.0,0xa7f6146e61986ae9579c6b8e0b14889186e5927d4a65f6169142e220f451a3b6,will-the-columbus-blue-jackets-win-the-eastern-conference,https://polymarket.com/market/will-the-columbus-blue-jackets-win-the-eastern-conference,,"[""Yes"", ""No""]","[""83470385088780579591687866817830801118287408211019137921082943597302781998293"", ""33021362574161203050665833502256067046391490826150842605952882054007198379297""]",yes,KXNHLEAST-26-CBJ,https://kalshi.com/markets/kxnhleast-26/eastern-conference-finals-winner/kxnhleast-26-cbj,2026-06-30T00:00:00Z,2026-07-15T14:00:00Z,2026-07-15T14:00:00Z
pair-2047,Will the Washington Capitals win the Eastern Conference?,default,1.0,0xa137c6e52d28ae09c8a3120e8b00449a77d0cfe1f00caf3c24db190b0743bc2d,will-the-washington-capitals-win-the-eastern-conference,https://polymarket.com/market/will-the-washington-capitals-win-the-eastern-conference,,"[""Yes"", ""No""]","[""66535512601031084707399292013888052036541020440635890061291732629097734846372"", ""26317075534084715442351689477394074155005471321560579960705767975107637731787""]",yes,KXNHLEAST-26-WSH,https://kalshi.com/markets/kxnhleast-26/eastern-conference-finals-winner/kxnhleast-26-wsh,2026-06-30T00:00:00Z,2026-07-15T14:00:00Z,2026-07-15T14:00:00Z
pair-2048,Will the Boston Bruins win the Eastern Conference?,default,1.0,0xc79e3dcac4907bc2ec0fb6d4b55afbb461c89450fe13d697b2f3fd940c4d7256,will-the-boston-bruins-win-the-eastern-conference,https://polymarket.com/market/will-the-boston-bruins-win-the-eastern-conference,,"[""Yes"", ""No""]","[""29330451265569556618597911172486578153267423243580495525550015769184879579797"", ""35069868656607919680129603623791257488660059383074935872999327919753103436493""]",yes,KXNHLEAST-26-BOS,https://kalshi.com/markets/kxnhleast-26/eastern-conference-finals-winner/kxnhleast-26-bos,2026-06-30T00:00:00Z,2026-07-15T14:00:00Z,2026-07-15T14:00:00Z
pair-2049,Will the Buffalo Sabres win the Eastern Conference?,default,1.0,0x8e22889f3cf294f483a518d61ea2aad40ee79f8be39e7a2da1858daa7b4c8e68,will-the-buffalo-sabres-win-the-eastern-conference,https://polymarket.com/market/will-the-buffalo-sabres-win-the-eastern-conference,,"[""Yes"", ""No""]","[""35116524303671977375067901797884056420589693683289741607192819196543283413228"", ""11565780826175951158208759940539341391952159388539916280236680837329079281492""]",yes,KXNHLEAST-26-BUF,https://kalshi.com/markets/kxnhleast-26/eastern-conference-finals-winner/kxnhleast-26-buf,2026-06-30T00:00:00Z,2026-07-15T14:00:00Z,2026-07-15T14:00:00Z
pair-2050,Will the Carolina Hurricanes win the Eastern Conference?,default,1.0,0xd50349a2c87d5a64128c40574f310f60a130d8aaf955bd3d3d69aab62b1df539,will-the-carolina-hurricanes-win-the-eastern-conference,https://polymarket.com/market/will-the-carolina-hurricanes-win-the-eastern-conference,,"[""Yes"", ""No""]","[""76901305846493285788458980735507477767340034687748138227684044534304940102439"", ""12156066857210688321182043626907069172947159496459366524573150839648937386191""]",yes,KXNHLEAST-26-CAR,https://kalshi.com/markets/kxnhleast-26/eastern-conference-finals-winner/kxnhleast-26-car,2026-06-30T00:00:00Z,2026-07-15T14:00:00Z,2026-07-15T14:00:00Z
pair-2051,Will the Ottawa Senators win the Eastern Conference?,default,1.0,0xec835ae5e24aea4dd6a8e3488d91dc7aa6e197e1e4598351ed1af2a14b28cd4d,will-the-ottawa-senators-win-the-eastern-conference,https://polymarket.com/market/will-the-ottawa-senators-win-the-eastern-conference,,"[""Yes"", ""No""]","[""115394635451048754011327777276076337527696490170069916864086987480603951060926"", ""109426750238212770213804812938026219905000407510373716350765550760263078906904""]",yes,KXNHLEAST-26-OTT,https://kalshi.com/markets/kxnhleast-26/eastern-conference-finals-winner/kxnhleast-26-ott,2026-06-30T00:00:00Z,2026-07-15T14:00:00Z,2026-07-15T14:00:00Z
pair-2052,Will the Detroit Red Wings win the Eastern Conference?,default,1.0,0x08472f7380a39594b9fe3a2669715d66261d950380d925030aadf50faad76018,will-the-detroit-red-wings-win-the-eastern-conference,https://polymarket.com/market/will-the-detroit-red-wings-win-the-eastern-conference,,"[""Yes"", ""No""]","[""68809208804407535761217377367642026368860836487489129980140163684329721509682"", ""18358139144734343081344306555952231089892380684046739221281174485152119424083""]",yes,KXNHLEAST-26-DET,https://kalshi.com/markets/kxnhleast-26/eastern-conference-finals-winner/kxnhleast-26-det,2026-06-30T00:00:00Z,2026-07-15T14:00:00Z,2026-07-15T14:00:00Z
pair-2053,Will the Tampa Bay Lightning win the Eastern Conference?,default,1.0,0x93781b4a7161d8b862042d5c06d6516cd90661fe879278ecd1e3813c6c9b8f8d,will-the-tampa-bay-lightning-win-the-eastern-conference,https://polymarket.com/market/will-the-tampa-bay-lightning-win-the-eastern-conference,,"[""Yes"", ""No""]","[""2017100490263760527602493101794453163270119031788958606437682000237290654215"", ""18279471967606727995741232003896009373787935697480030647436234072090289438378""]",yes,KXNHLEAST-26-TB,https://kalshi.com/markets/kxnhleast-26/eastern-conference-finals-winner/kxnhleast-26-tb,2026-06-30T00:00:00Z,2026-07-15T14:00:00Z,2026-07-15T14:00:00Z
pair-2054,Will the Florida Panthers win the Eastern Conference?,default,1.0,0x5d9740201334f234372fc29c130e703a340bff164b4b5135434d39f5be72b6ad,will-the-florida-panthers-win-the-eastern-conference,https://polymarket.com/market/will-the-florida-panthers-win-the-eastern-conference,,"[""Yes"", ""No""]","[""72236226493473210197581065555125896567362838751731606849401934011448239770690"", ""22262717114030805309687737893364036878762214855654947277689947063151320793384""]",yes,KXNHLEAST-26-FLA,https://kalshi.com/markets/kxnhleast-26/eastern-conference-finals-winner/kxnhleast-26-fla,2026-06-30T00:00:00Z,2026-07-15T14:00:00Z,2026-07-15T14:00:00Z
pair-2055,Will the Toronto Maple Leafs win the Eastern Conference?,default,1.0,0x5ab6b4a416d03c5d9cfa5503f04b23ad2eae182d46df6c27dd79aee178fef157,will-the-toronto-maple-leafs-win-the-eastern-conference,https://polymarket.com/market/will-the-toronto-maple-leafs-win-the-eastern-conference,,"[""Yes"", ""No""]","[""17897688732341137844766091090307692545468966541091443054246178269005260927285"", ""34939640837130405047159867140581981479996988838329812196880747710974766889738""]",yes,KXNHLEAST-26-TOR,https://kalshi.com/markets/kxnhleast-26/eastern-conference-finals-winner/kxnhleast-26-tor,2026-06-30T00:00:00Z,2026-07-15T14:00:00Z,2026-07-15T14:00:00Z
pair-2056,Will the New Jersey Devils win the Eastern Conference?,default,1.0,0x1b3b7d7a873cb6596cf4349aaf36f69daf35b57e0a6d2372ae2260931f932fda,will-the-new-jersey-devils-win-the-eastern-conference,https://polymarket.com/market/will-the-new-jersey-devils-win-the-eastern-conference,,"[""Yes"", ""No""]","[""42381376482409957313958083885805222125979321788835054123203085829202321674486"", ""73199053391059978370762568899716100136908920167304717123462149946503056597012""]",yes,KXNHLEAST-26-NJ,https://kalshi.com/markets/kxnhleast-26/eastern-conference-finals-winner/kxnhleast-26-nj,2026-06-30T00:00:00Z,2026-07-15T14:00:00Z,2026-07-15T14:00:00Z
pair-2057,Will the Philadelphia Flyers win the Eastern Conference?,default,1.0,0xfa1b7f99ab8e225d334d5e4667265703e9783130a51531b74a7cf013383cb0ec,will-the-philadelphia-flyers-win-the-eastern-conference,https://polymarket.com/market/will-the-philadelphia-flyers-win-the-eastern-conference,,"[""Yes"", ""No""]","[""19895871685180293339480324913775056717085964747634635024199274193103773685228"", ""108605574091775544824137279599699883720623085833474337671959637542424108340979""]",yes,KXNHLEAST-26-PHI,https://kalshi.com/markets/kxnhleast-26/eastern-conference-finals-winner/kxnhleast-26-phi,2026-06-30T00:00:00Z,2026-07-15T14:00:00Z,2026-07-15T14:00:00Z
pair-2063,Will Nathan MacKinnon win the 2025–2026 NHL Maurice 'Rocket' Richard Trophy?,default,1.0,0xd9b749ec53cddf49bd75fd6f9a48846b5f0486954295a65a09e8dc952690bccc,nhl-2025-26-rocket-richard-trophy-nathan-mackinnon,https://polymarket.com/market/nhl-2025-26-rocket-richard-trophy-nathan-mackinnon,,"[""Yes"", ""No""]","[""38392387631665090990249081538490417765591551917313664127743426458298104693570"", ""9711045630342874082612210991593993482506439067547304224464840386937826994386""]",yes,KXNHLRICHARD-26-NMAC,https://kalshi.com/markets/kxnhlrichard-26/nhl-maurice-rocket-richard-trophy/kxnhlrichard-26-nmac,2026-06-30T00:00:00Z,2026-06-30T14:00:00Z,2026-06-30T14:00:00Z
pair-2083,Will Jack Eichel win the 2025–2026 NHL Hart Memorial Trophy?,default,1.0,0x95898e9cea4e025261bfc84f2a5ab0c852094c4e9bc6555d9e12b39c8a2cc441,nhl-2025-26-hart-memorial-trophy-jack-eichel,https://polymarket.com/market/nhl-2025-26-hart-memorial-trophy-jack-eichel,,"[""Yes"", ""No""]","[""60503061736012876027910579945451668655283261127579507237262572576308293896276"", ""92962922715585276573227203648658137478325967700313383426198620031008207576673""]",yes,KXNHLHART-26-JEIC,https://kalshi.com/markets/kxnhlhart-26/nhl-hart-memorial-trophy/kxnhlhart-26-jeic,2026-06-30T00:00:00Z,2026-06-30T14:00:00Z,2026-06-30T14:00:00Z
pair-2084,Will Quinn Hughes win the 2025–2026 NHL Hart Memorial Trophy?,default,1.0,0xa454b52bdde6448343ba5f75720011407b7eb0eda632e91df33c47e06475d5d8,nhl-2025-26-hart-memorial-trophy-quinn-hughes,https://polymarket.com/market/nhl-2025-26-hart-memorial-trophy-quinn-hughes,,"[""Yes"", ""No""]","[""88078016638243191367481499906925494002404297163392628850717810212454600402058"", ""67917877243081025515863462899432352414636681630702470768021861559742078785844""]",yes,KXNHLHART-26-QHUG,https://kalshi.com/markets/kxnhlhart-26/nhl-hart-memorial-trophy/kxnhlhart-26-qhug,2026-06-30T00:00:00Z,2026-06-30T14:00:00Z,2026-06-30T14:00:00Z
pair-2085,Will Nathan MacKinnon win the 2025–2026 NHL Hart Memorial Trophy?,default,1.0,0x7078a8c56baf79cf77a6b2073f978d9b33bd33379936416a316d24aa3b7910cb,nhl-2025-26-hart-memorial-trophy-nathan-mackinnon,https://polymarket.com/market/nhl-2025-26-hart-memorial-trophy-nathan-mackinnon,,"[""Yes"", ""No""]","[""78142476675660650938412679070211486857176292881381262702831663639405938744130"", ""108541234101351671937072032894899117134118368899235197697256196838214884896328""]",yes,KXNHLHART-26-NMAC,https://kalshi.com/markets/kxnhlhart-26/nhl-hart-memorial-trophy/kxnhlhart-26-nmac,2026-06-30T00:00:00Z,2026-06-30T14:00:00Z,2026-06-30T14:00:00Z
pair-2086,Will Macklin Celebrini win the 2025–2026 NHL Hart Memorial Trophy?,default,1.0,0x8dfb6f83e03dc6229dd9474e8818372c59fb337b4c03f3e48265a56279ca7208,nhl-2025-26-hart-memorial-trophy-macklin-celebrini,https://polymarket.com/market/nhl-2025-26-hart-memorial-trophy-macklin-celebrini,,"[""Yes"", ""No""]","[""113139022536756452315820851486858159389355522004367527278044655230070945279720"", ""18740470652946824913483599891829812551547794014034912335809199406109545957567""]",yes,KXNHLHART-26-MCEL,https://kalshi.com/markets/kxnhlhart-26/nhl-hart-memorial-trophy/kxnhlhart-26-mcel,2026-06-30T00:00:00Z,2026-06-30T14:00:00Z,2026-06-30T14:00:00Z
pair-2087,Will Connor McDavid win the 2025–2026 NHL Hart Memorial Trophy?,default,1.0,0x83c1f3a017da0328c125772c43bef4c69bfb48d6ecd413e7f7128920914e4130,nhl-2025-26-hart-memorial-trophy-connor-mcdavid,https://polymarket.com/market/nhl-2025-26-hart-memorial-trophy-connor-mcdavid,,"[""Yes"", ""No""]","[""21394167357500603181212502140196073893065181333116203326786981629369696532523"", ""20073800685558759303660962820334700704834160129803580901238551590528739199579""]",yes,KXNHLHART-26-CMCD,https://kalshi.com/markets/kxnhlhart-26/nhl-hart-memorial-trophy/kxnhlhart-26-cmcd,2026-06-30T00:00:00Z,2026-06-30T14:00:00Z,2026-06-30T14:00:00Z
pair-2088,Will Nikita Kucherov win the 2025–2026 NHL Hart Memorial Trophy?,default,1.0,0x853c61fdf3db42b24be3df69cd39a641fc3790bd6f34d3a277781084f7c0447b,nhl-2025-26-hart-memorial-trophy-nikita-kucherov,https://polymarket.com/market/nhl-2025-26-hart-memorial-trophy-nikita-kucherov,,"[""Yes"", ""No""]","[""77661796143125223011856602009926646675803162191537876275539551865017529054309"", ""69379252141195508125589521700427962304873367597229910411989015082009029266479""]",yes,KXNHLHART-26-KKUC,https://kalshi.com/markets/kxnhlhart-26/nhl-hart-memorial-trophy/kxnhlhart-26-kkuc,2026-06-30T00:00:00Z,2026-06-30T14:00:00Z,2026-06-30T14:00:00Z
pair-2089,Will Leon Draisaitl win the 2025–2026 NHL Hart Memorial Trophy?,default,1.0,0x9eeac7e3601b945f674b3f484dc0453f50d3702fe98fb81311c1facd001c5605,nhl-2025-26-hart-memorial-trophy-leon-draisaitl,https://polymarket.com/market/nhl-2025-26-hart-memorial-trophy-leon-draisaitl,,"[""Yes"", ""No""]","[""18291877939733984938984336912221100259267663300369869304444494015082990333731"", ""110280114458385007065047468089033977149054182393119381559562453593299719163854""]",yes,KXNHLHART-26-LDRA,https://kalshi.com/markets/kxnhlhart-26/nhl-hart-memorial-trophy/kxnhlhart-26-ldra,2026-06-30T00:00:00Z,2026-06-30T14:00:00Z,2026-06-30T14:00:00Z
pair-2090,Will Kirill Kaprizov win the 2025–2026 NHL Hart Memorial Trophy?,default,1.0,0x39be1ae136f7a97d70c9e3c73eb87835d58bd6b9667c82ab88cfe907448fa245,nhl-2025-26-hart-memorial-trophy-kirill-kaprizov,https://polymarket.com/market/nhl-2025-26-hart-memorial-trophy-kirill-kaprizov,,"[""Yes"", ""No""]","[""80258594351029536184004259699375224835066019565521191081784762168862542135621"", ""65038599356667416572135313139423928866419035509855551948234940113248856549353""]",yes,KXNHLHART-26-KKAP,https://kalshi.com/markets/kxnhlhart-26/nhl-hart-memorial-trophy/kxnhlhart-26-kkap,2026-06-30T00:00:00Z,2026-06-30T14:00:00Z,2026-06-30T14:00:00Z
pair-2091,Will Kyle Connor win the 2025–2026 NHL Hart Memorial Trophy?,default,1.0,0x3d79e8c6511b75f7a17b4952273021bbc02e954af094199bae86e0df030a3793,nhl-2025-26-hart-memorial-trophy-kyle-connor,https://polymarket.com/market/nhl-2025-26-hart-memorial-trophy-kyle-connor,,"[""Yes"", ""No""]","[""45174750259646205032832505462389106638742103548741407164829799875642581792541"", ""77223966321792546173726922495245540407752086083677019159773628146475878556484""]",yes,KXNHLHART-26-KCON,https://kalshi.com/markets/kxnhlhart-26/nhl-hart-memorial-trophy/kxnhlhart-26-kcon,2026-06-30T00:00:00Z,2026-06-30T14:00:00Z,2026-06-30T14:00:00Z
pair-2092,Will Cale Makar win the 2025–2026 NHL Hart Memorial Trophy?,default,1.0,0x871851e7a0f7a983036a0bf399e6aea5e6fe5c8e837787714dd064ae70aa1648,nhl-2025-26-hart-memorial-trophy-cale-makar,https://polymarket.com/market/nhl-2025-26-hart-memorial-trophy-cale-makar,,"[""Yes"", ""No""]","[""41980799994180695217158449679011557175012315784111253831565074122188271993500"", ""90939534800534222405186480090242210655314944173995781617531383422131070452006""]",yes,KXNHLHART-26-CMAK,https://kalshi.com/markets/kxnhlhart-26/nhl-hart-memorial-trophy/kxnhlhart-26-cmak,2026-06-30T00:00:00Z,2026-06-30T14:00:00Z,2026-06-30T14:00:00Z
pair-2093,Will Jack Hughes win the 2025–2026 NHL Hart Memorial Trophy?,default,1.0,0x0fb7f3e8e3659190bef8c2762d8c89faf64a051c35e64b2d043382e8ada54dcf,nhl-2025-26-hart-memorial-trophy-jack-hughes,https://polymarket.com/market/nhl-2025-26-hart-memorial-trophy-jack-hughes,,"[""Yes"", ""No""]","[""85557576121478991648985978426555696037737393896200008036374312115548971997323"", ""4294373289454445216550056873110914910294956943661155446778864991918812301039""]",yes,KXNHLHART-26-JHUG,https://kalshi.com/markets/kxnhlhart-26/nhl-hart-memorial-trophy/kxnhlhart-26-jhug,2026-06-30T00:00:00Z,2026-06-30T14:00:00Z,2026-06-30T14:00:00Z
pair-2094,Will Brady Tkachuk win the 2025–2026 NHL Hart Memorial Trophy?,default,1.0,0x21e12abbe8356852466f27d26fec4c92094875a0ee81f2beb2b602caed41f4f2,nhl-2025-26-hart-memorial-trophy-brady-tkachuk,https://polymarket.com/market/nhl-2025-26-hart-memorial-trophy-brady-tkachuk,,"[""Yes"", ""No""]","[""115402213120083107459625634997087489655820923485187700400717376623286321013980"", ""92384223533213017866682578447849488607825393796104608636100216666743100440749""]",yes,KXNHLHART-26-BTKA,https://kalshi.com/markets/kxnhlhart-26/nhl-hart-memorial-trophy/kxnhlhart-26-btka,2026-06-30T00:00:00Z,2026-06-30T14:00:00Z,2026-06-30T14:00:00Z
pair-2095,Will Matthew Tkachuk win the 2025–2026 NHL Hart Memorial Trophy?,default,1.0,0x85114e66f0651d5f3b7c78800046313db2f7648a01091a260ead68d53443cd45,nhl-2025-26-hart-memorial-trophy-matthew-tkachuk,https://polymarket.com/market/nhl-2025-26-hart-memorial-trophy-matthew-tkachuk,,"[""Yes"", ""No""]","[""50522540643162059206555739114360523674368268122647479359059104092840060039293"", ""106330281325253416155957768348743481284702709089552265691083064515190017982894""]",yes,KXNHLHART-26-MTKA,https://kalshi.com/markets/kxnhlhart-26/nhl-hart-memorial-trophy/kxnhlhart-26-mtka,2026-06-30T00:00:00Z,2026-06-30T14:00:00Z,2026-06-30T14:00:00Z
pair-2096,Will Alexander Nikishin win the 2025–2026 NHL Hart Memorial Trophy?,default,1.0,0x200622a87d7bef80fbad4d7e79918599e1f35b009c0a20ec3c2bcd2c27e1b18f,nhl-2025-26-hart-memorial-trophy-alexander-nikishin,https://polymarket.com/market/nhl-2025-26-hart-memorial-trophy-alexander-nikishin,,"[""Yes"", ""No""]","[""6245679494376968886246370403077501093950743808740043338146618884556516758234"", ""68334936036373270289811377593574344141791834058942248791784126916786157305125""]",yes,KXNHLHART-26-ANIK,https://kalshi.com/markets/kxnhlhart-26/nhl-hart-memorial-trophy/kxnhlhart-26-anik,2026-06-30T00:00:00Z,2026-06-30T14:00:00Z,2026-06-30T14:00:00Z
pair-2097,Will William Nylander win the 2025–2026 NHL Hart Memorial Trophy?,default,1.0,0x938a55462c9c122d74e4001f366704ee7ada35731db446f156a96b371b124d1f,nhl-2025-26-hart-memorial-trophy-william-nylander,https://polymarket.com/market/nhl-2025-26-hart-memorial-trophy-william-nylander,,"[""Yes"", ""No""]","[""93792203517340312581104176251180602607431539657708191755761721043478869813554"", ""115548588857236786250506184062672395417747540526304398495023739184700878251949""]",yes,KXNHLHART-26-WNYL,https://kalshi.com/markets/kxnhlhart-26/nhl-hart-memorial-trophy/kxnhlhart-26-wnyl,2026-06-30T00:00:00Z,2026-06-30T14:00:00Z,2026-06-30T14:00:00Z
pair-2098,Will Dustin Wolf win the 2025–2026 NHL Hart Memorial Trophy?,default,1.0,0x59a9bb57ea5957e9ea9abc9bebce67fd1c9bb33cd045346791e65a83aac3f399,nhl-2025-26-hart-memorial-trophy-dustin-wolf,https://polymarket.com/market/nhl-2025-26-hart-memorial-trophy-dustin-wolf,,"[""Yes"", ""No""]","[""97721396029023415640392309154215150616754541341936888728370645062022203457584"", ""33615623388009804363688420716405662564544318300121520638917119405815407992211""]",yes,KXNHLHART-26-DWOL,https://kalshi.com/markets/kxnhlhart-26/nhl-hart-memorial-trophy/kxnhlhart-26-dwol,2026-06-30T00:00:00Z,2026-06-30T14:00:00Z,2026-06-30T14:00:00Z
pair-2099,Will Andrei Vasilevskiy win the 2025–2026 NHL Hart Memorial Trophy?,default,1.0,0x7cdc2fd58ba14920b36fd5368c6e688d01d2bdd0eafbde8c2677b4a6fd2bd388,nhl-2025-26-hart-memorial-trophy-andrei-vasilevskiy,https://polymarket.com/market/nhl-2025-26-hart-memorial-trophy-andrei-vasilevskiy,,"[""Yes"", ""No""]","[""21366524253050438719680837572478519939664763758608824608568976371758692837523"", ""113922925799269575808512600258593187805580615175106757339489746003102208258093""]",yes,KXNHLHART-26-AVAS,https://kalshi.com/markets/kxnhlhart-26/nhl-hart-memorial-trophy/kxnhlhart-26-avas,2026-06-30T00:00:00Z,2026-06-30T14:00:00Z,2026-06-30T14:00:00Z
pair-2100,Will Igor Shesterkin win the 2025–2026 NHL Hart Memorial Trophy?,default,1.0,0x295739295754635f2aea90befc872200eb29f2f5b3cccfe27a2429ef4ea329d6,nhl-2025-26-hart-memorial-trophy-igor-shesterkin,https://polymarket.com/market/nhl-2025-26-hart-memorial-trophy-igor-shesterkin,,"[""Yes"", ""No""]","[""89265170721303734823894211231291663213139257450787454584041913215269364252844"", ""61697103315096729696294626187304170576414974746983961059372635338247074348968""]",yes,KXNHLHART-26-ISHE,https://kalshi.com/markets/kxnhlhart-26/nhl-hart-memorial-trophy/kxnhlhart-26-ishe,2026-06-30T00:00:00Z,2026-06-30T14:00:00Z,2026-06-30T14:00:00Z
pair-2101,Will David Pastrnak win the 2025–2026 NHL Hart Memorial Trophy?,default,1.0,0xa091bd0660d70fa8b227c5e4834176b84a1112ae2dc772287587ba4fe840c714,nhl-2025-26-hart-memorial-trophy-david-pastrnak,https://polymarket.com/market/nhl-2025-26-hart-memorial-trophy-david-pastrnak,,"[""Yes"", ""No""]","[""114203380008623685896224195875280384346682262621765342304158052946024498572315"", ""69633529724655793004387401162843636091630984639936233076566449985945104484056""]",yes,KXNHLHART-26-DPAS,https://kalshi.com/markets/kxnhlhart-26/nhl-hart-memorial-trophy/kxnhlhart-26-dpas,2026-06-30T00:00:00Z,2026-06-30T14:00:00Z,2026-06-30T14:00:00Z
pair-2102,Will Artemi Panarin win the 2025–2026 NHL Hart Memorial Trophy?,default,1.0,0xaf76f1101ff8d67ede431bf47ba3797dc93534eedce9c7601025ae72734ff377,nhl-2025-26-hart-memorial-trophy-artemi-panarin,https://polymarket.com/market/nhl-2025-26-hart-memorial-trophy-artemi-panarin,,"[""Yes"", ""No""]","[""113944726949523550788430888959930267830964314253934554472730961121640257472088"", ""26902813543505367793402257717803696767672445219085207116810334555663021966613""]",yes,KXNHLHART-26-APAN,https://kalshi.com/markets/kxnhlhart-26/nhl-hart-memorial-trophy/kxnhlhart-26-apan,2026-06-30T00:00:00Z,2026-06-30T14:00:00Z,2026-06-30T14:00:00Z
pair-2103,Will Alex DeBrincat win the 2025–2026 NHL Hart Memorial Trophy?,default,1.0,0xd9e01142203b0f1a829ac4b1e315d65ab7a237c2ab1b495ca5d881fd75b5544e,nhl-2025-26-hart-memorial-trophy-alex-debrincat,https://polymarket.com/market/nhl-2025-26-hart-memorial-trophy-alex-debrincat,,"[""Yes"", ""No""]","[""105525667332242135762558718984114842273770290459003067012851053648318889032406"", ""46541664901272124797431448885977089474163576459362565617470438585226618999920""]",yes,KXNHLHART-26-ADEB,https://kalshi.com/markets/kxnhlhart-26/nhl-hart-memorial-trophy/kxnhlhart-26-adeb,2026-06-30T00:00:00Z,2026-06-30T14:00:00Z,2026-06-30T14:00:00Z
pair-2104,Will Connor Hellebuyck win the 2025–2026 NHL Hart Memorial Trophy?,default,1.0,0x9f2b96913520f451be509134fdf0a61a3f815fd11842483940f31c971186898d,nhl-2025-26-hart-memorial-trophy-connor-hellebuyck,https://polymarket.com/market/nhl-2025-26-hart-memorial-trophy-connor-hellebuyck,,"[""Yes"", ""No""]","[""80211205924837533740541520907507928428957133526477308752785119951119183687423"", ""87312749731148893844957031226819226675548349788351239562944408066129190566905""]",yes,KXNHLHART-26-CHEL,https://kalshi.com/markets/kxnhlhart-26/nhl-hart-memorial-trophy/kxnhlhart-26-chel,2026-06-30T00:00:00Z,2026-06-30T14:00:00Z,2026-06-30T14:00:00Z
pair-2105,Will Auston Matthews win the 2025–2026 NHL Hart Memorial Trophy?,default,1.0,0xebd6c8ce5c29f30a4837cdcd9a5f4cfa99501e4751e345fc4b244b2ad2cfe4af,nhl-2025-26-hart-memorial-trophy-auston-matthews,https://polymarket.com/market/nhl-2025-26-hart-memorial-trophy-auston-matthews,,"[""Yes"", ""No""]","[""28706620866756636719811341235340475336616170365196150970969202938442000678447"", ""112182365980187237302725759541135086124807352524974689604880640341023422142255""]",yes,KXNHLHART-26-AMAT,https://kalshi.com/markets/kxnhlhart-26/nhl-hart-memorial-trophy/kxnhlhart-26-amat,2026-06-30T00:00:00Z,2026-06-30T14:00:00Z,2026-06-30T14:00:00Z
pair-2106,Will Nick Suzuki win the 2025–2026 NHL Hart Memorial Trophy?,default,1.0,0x7752eaaa541d49f34cfb633ed9f15bcde8574c4f557ab99448a7ea7f81368553,nhl-2025-26-hart-memorial-trophy-nick-suzuki,https://polymarket.com/market/nhl-2025-26-hart-memorial-trophy-nick-suzuki,,"[""Yes"", ""No""]","[""40988426245217019402767679862364982367062465739180039016954356930240625781920"", ""34499374855726625496690537065237526664947864834385690874187548467169545934467""]",yes,KXNHLHART-26-NSUZ,https://kalshi.com/markets/kxnhlhart-26/nhl-hart-memorial-trophy/kxnhlhart-26-nsuz,2026-06-30T00:00:00Z,2026-06-30T14:00:00Z,2026-06-30T14:00:00Z
pair-2107,Will Connor Bedard win the 2025–2026 NHL Hart Memorial Trophy?,default,1.0,0x8f22c12f69b15124af1af9a19ccc1bcf63edf32b587cd5b0d5684bfcab8d4a59,nhl-2025-26-hart-memorial-trophy-connor-bedard,https://polymarket.com/market/nhl-2025-26-hart-memorial-trophy-connor-bedard,,"[""Yes"", ""No""]","[""106861975682074286411397769176949309748815421607024331794017273272510377882111"", ""24013461337200065467875641684268619320943041915451696397685258604271329005032""]",yes,KXNHLHART-26-CBED,https://kalshi.com/markets/kxnhlhart-26/nhl-hart-memorial-trophy/kxnhlhart-26-cbed,2026-06-30T00:00:00Z,2026-06-30T14:00:00Z,2026-06-30T14:00:00Z
pair-2108,Will Adrian Kempe win the 2025–2026 NHL Hart Memorial Trophy?,default,1.0,0x661ace963402a81529c195e3e4039e5040d240215184f8a998ad53a5a13cef9b,nhl-2025-26-hart-memorial-trophy-adrian-kempe,https://polymarket.com/market/nhl-2025-26-hart-memorial-trophy-adrian-kempe,,"[""Yes"", ""No""]","[""42268777690863699435320574775159164475962896176675197920954732923676082591385"", ""73950016196434575997416545528746999757858733216505836348502761088036659841001""]",yes,KXNHLHART-26-AKEM,https://kalshi.com/markets/kxnhlhart-26/nhl-hart-memorial-trophy/kxnhlhart-26-akem,2026-06-30T00:00:00Z,2026-06-30T14:00:00Z,2026-06-30T14:00:00Z
pair-2109,Will Adam Fox win the 2025–2026 NHL Hart Memorial Trophy?,default,1.0,0x52092b7f17bb7e81ee6e8a096a3359474d4c51dc4324256056f916f7eca1031a,nhl-2025-26-hart-memorial-trophy-adam-fox,https://polymarket.com/market/nhl-2025-26-hart-memorial-trophy-adam-fox,,"[""Yes"", ""No""]","[""95671009744968547094374491523611651528248298208281330044309376459125459192807"", ""37881483126297031024969436618878317626824727528911385955208813258461744976825""]",yes,KXNHLHART-26-AFOX,https://kalshi.com/markets/kxnhlhart-26/nhl-hart-memorial-trophy/kxnhlhart-26-afox,2026-06-30T00:00:00Z,2026-06-30T14:00:00Z,2026-06-30T14:00:00Z
pair-2113,Will Jeffrey Kang finish in the Top 5 at the 2026 Valero Texas Open?,default,1.0,0x1bf7aec7072564447b536c2ff9422af56e36181895cd76a0f1c6c189c0be5d9e,2026-valero-texas-open-top5-jeffrey-kang,https://polymarket.com/market/2026-valero-texas-open-top5-jeffrey-kang,,"[""Yes"", ""No""]","[""47475303914183379189375799801050781190217403439465082455299779981467500825054"", ""106536282143562574581587208931481082187529274895888908534346920226869055892783""]",yes,KXPGATOP5-VATO26-JKAN,https://kalshi.com/markets/kxpgatop5-vato26/valero-texas-open-top-5-finishers/kxpgatop5-vato26-jkan,2026-04-05T00:00:00Z,2026-05-03T00:00:00Z,2026-05-03T00:00:00Z
pair-2115,Will Adrien Dumont De Chassart finish in the Top 5 at the 2026 Valero Texas Open?,default,1.0,0x9a8f52c59d2f98e37f6574514ba1612a6675e032d2f27d7919a3956fc9df1eff,2026-valero-texas-open-top5-adrien-dumont-de-chassart,https://polymarket.com/market/2026-valero-texas-open-top5-adrien-dumont-de-chassart,,"[""Yes"", ""No""]","[""17373568790215337024699929781182754006137759254646211610085676987943579889107"", ""53791987084206469260895759456543439566019831879658222836957856612662259852878""]",yes,KXPGATOP5-VATO26-ADUM,https://kalshi.com/markets/kxpgatop5-vato26/valero-texas-open-top-5-finishers/kxpgatop5-vato26-adum,2026-04-05T00:00:00Z,2026-05-03T00:00:00Z,2026-05-03T00:00:00Z
pair-2118,Will Brandt Snedeker finish in the Top 5 at the 2026 Valero Texas Open?,default,1.0,0x9716775826163782d741d5feb5b3139aab8a2b317c299c557ca6f3efe61d95d7,2026-valero-texas-open-top5-brandt-snedeker,https://polymarket.com/market/2026-valero-texas-open-top5-brandt-snedeker,,"[""Yes"", ""No""]","[""115425790457943068881925045273411461384935905467725879826078654779899721224662"", ""25091213461082857888629929002855927389717491752205203119059630304115283552620""]",yes,KXPGATOP5-VATO26-BSNE,https://kalshi.com/markets/kxpgatop5-vato26/valero-texas-open-top-5-finishers/kxpgatop5-vato26-bsne,2026-04-05T00:00:00Z,2026-05-03T00:00:00Z,2026-05-03T00:00:00Z
pair-2143,Will Adrien Saddier finish in the Top 5 at the 2026 Valero Texas Open?,default,1.0,0x4901feebdd42c64e35d9bbf5f4a9c402ff23c7da02a8f4c9af3510dfa332c3d4,2026-valero-texas-open-top5-adrien-saddier,https://polymarket.com/market/2026-valero-texas-open-top5-adrien-saddier,,"[""Yes"", ""No""]","[""17750884023595362543069443393180328422622019569077086518877026533944052727060"", ""38453258175360248878365420509483011105530699333211646515087478122915841911434""]",yes,KXPGATOP5-VATO26-ASAD,https://kalshi.com/markets/kxpgatop5-vato26/valero-texas-open-top-5-finishers/kxpgatop5-vato26-asad,2026-04-05T00:00:00Z,2026-05-03T00:00:00Z,2026-05-03T00:00:00Z
pair-2149,Will Takumi Kanaya finish in the Top 5 at the 2026 Valero Texas Open?,default,1.0,0xe837a8829425c448fc89da21e940df4376c80f4ca46482604468c83af665a30d,2026-valero-texas-open-top5-takumi-kanaya,https://polymarket.com/market/2026-valero-texas-open-top5-takumi-kanaya,,"[""Yes"", ""No""]","[""75906771359093244431181411086832129715804126661437069047805975280666467601125"", ""21637418624026847815130568281718448574519392634562583170405315367735019886815""]",yes,KXPGATOP5-VATO26-TKAN,https://kalshi.com/markets/kxpgatop5-vato26/valero-texas-open-top-5-finishers/kxpgatop5-vato26-tkan,2026-04-05T00:00:00Z,2026-05-03T00:00:00Z,2026-05-03T00:00:00Z
pair-2159,Will Adam Schenk finish in the Top 5 at the 2026 Valero Texas Open?,default,1.0,0xc364990219b481c8e5bf2c8e61ab3d1049fe9f87b60034faaa5f69f07b312e3d,2026-valero-texas-open-top5-adam-schenk,https://polymarket.com/market/2026-valero-texas-open-top5-adam-schenk,,"[""Yes"", ""No""]","[""91472695352232390302592008277466180278844050941207656135959469209938345923580"", ""15434764630455817886765222435317387251495714504364977247112106318662132460101""]",yes,KXPGATOP5-VATO26-ASCH,https://kalshi.com/markets/kxpgatop5-vato26/valero-texas-open-top-5-finishers/kxpgatop5-vato26-asch,2026-04-05T00:00:00Z,2026-05-03T00:00:00Z,2026-05-03T00:00:00Z
pair-2171,Will Andrew Novak finish in the Top 5 at the 2026 Valero Texas Open?,default,1.0,0xd572d13b652b381ddea5cf9f367c2689a198524e052cd9f1fd5f2c5037b811bf,2026-valero-texas-open-top5-andrew-novak,https://polymarket.com/market/2026-valero-texas-open-top5-andrew-novak,,"[""Yes"", ""No""]","[""67246261305094951039990505401390545380051041159019011134853198885863914448684"", ""52553449679687786242855239277779956547065172193368062360173178075362539284932""]",yes,KXPGATOP5-VATO26-ANOV,https://kalshi.com/markets/kxpgatop5-vato26/valero-texas-open-top-5-finishers/kxpgatop5-vato26-anov,2026-04-05T00:00:00Z,2026-05-03T00:00:00Z,2026-05-03T00:00:00Z
pair-2178,Will Beau Hossler finish in the Top 5 at the 2026 Valero Texas Open?,default,1.0,0xb430344fce6c45ea3cd34f6448dbfb424a4e226fc472d5b24e9ca88a59ac3681,2026-valero-texas-open-top5-beau-hossler,https://polymarket.com/market/2026-valero-texas-open-top5-beau-hossler,,"[""Yes"", ""No""]","[""28052353770389003716023947885260341528094441503833821799776303265491122519104"", ""69825257318485577475608596912717159887218307205427663534767674918142959750057""]",yes,KXPGATOP5-VATO26-BHOS,https://kalshi.com/markets/kxpgatop5-vato26/valero-texas-open-top-5-finishers/kxpgatop5-vato26-bhos,2026-04-05T00:00:00Z,2026-05-03T00:00:00Z,2026-05-03T00:00:00Z
pair-2180,Will Austin Eckroat finish in the Top 5 at the 2026 Valero Texas Open?,default,1.0,0x544413b8f57bf499c03b01d074c8fc2c396d8eabf81d7d66a5e7dea90085467e,2026-valero-texas-open-top5-austin-eckroat,https://polymarket.com/market/2026-valero-texas-open-top5-austin-eckroat,,"[""Yes"", ""No""]","[""61995154709381416215199049864488566670371813237386236095847135575601158180851"", ""72182937591329345081594486804234753330494342661097328150287255192277788703506""]",yes,KXPGATOP5-VATO26-AECK,https://kalshi.com/markets/kxpgatop5-vato26/valero-texas-open-top-5-finishers/kxpgatop5-vato26-aeck,2026-04-05T00:00:00Z,2026-05-03T00:00:00Z,2026-05-03T00:00:00Z
pair-2183,Will Andrew Putnam finish in the Top 5 at the 2026 Valero Texas Open?,default,1.0,0x630e1949b7bbfa512b45de1f62a7640a8d60c8d3ea2d9d8ec0c61feb4d14175e,2026-valero-texas-open-top5-andrew-putnam,https://polymarket.com/market/2026-valero-texas-open-top5-andrew-putnam,,"[""Yes"", ""No""]","[""52504846691797005626928605980641271602837282932796357728297396067733344789845"", ""67182933578958001118351797175667548203332110732706408669109491219738377478179""]",yes,KXPGATOP5-VATO26-APUT,https://kalshi.com/markets/kxpgatop5-vato26/valero-texas-open-top-5-finishers/kxpgatop5-vato26-aput,2026-04-05T00:00:00Z,2026-05-03T00:00:00Z,2026-05-03T00:00:00Z
pair-2193,Will Austin Smotherman finish in the Top 5 at the 2026 Valero Texas Open?,default,1.0,0x3a0262f3acbca842afc7c506c53e53ae2c2e8243b9b80a63b725b2182d9ae0cc,2026-valero-texas-open-top5-austin-smotherman,https://polymarket.com/market/2026-valero-texas-open-top5-austin-smotherman,,"[""Yes"", ""No""]","[""93487375305013761149767771999548679290343875873397149059617888187333552331232"", ""45299415728338618766466982688358711733135052869429965206522252095487544518384""]",yes,KXPGATOP5-VATO26-ASMO,https://kalshi.com/markets/kxpgatop5-vato26/valero-texas-open-top-5-finishers/kxpgatop5-vato26-asmo,2026-04-05T00:00:00Z,2026-05-03T00:00:00Z,2026-05-03T00:00:00Z
pair-2196,Will Alex Smalley finish in the Top 5 at the 2026 Valero Texas Open?,default,1.0,0xb6c05b3b2fe46eaa69864e1606bba69fbe6b46db684dc485c7c18b517c50ede6,2026-valero-texas-open-top5-alex-smalley,https://polymarket.com/market/2026-valero-texas-open-top5-alex-smalley,,"[""Yes"", ""No""]","[""80032497191594154443787253930047534567625888168586095252340554609220115836942"", ""73003388376551368013781707506497335615669196988033259596136524921811976065452""]",yes,KXPGATOP5-VATO26-ASMA,https://kalshi.com/markets/kxpgatop5-vato26/valero-texas-open-top-5-finishers/kxpgatop5-vato26-asma,2026-04-05T00:00:00Z,2026-05-03T00:00:00Z,2026-05-03T00:00:00Z
pair-2291,Will Ludvig Aberg finish in the Top 20 at the 2026 Valero Texas Open?,default,1.0,0x787f6315f2e8dd911c886fb084f90820d3cafdcba2b854369f49c86b5959aae3,2026-valero-texas-open-top20-ludvig-aberg,https://polymarket.com/market/2026-valero-texas-open-top20-ludvig-aberg,,"[""Yes"", ""No""]","[""105042568438538880542714561770699711114101636067842608739291325255846489351888"", ""51674721859333590595605712738562404822012566739785660481253605004375179137497""]",yes,KXPGATOP20-VATO26-LABE,https://kalshi.com/markets/kxpgatop20-vato26/valero-texas-open-top-20-finishers/kxpgatop20-vato26-labe,2026-04-05T00:00:00Z,2026-05-03T00:00:00Z,2026-05-03T00:00:00Z
pair-2299,Will Hideki Matsuyama finish in the Top 20 at the 2026 Valero Texas Open?,default,1.0,0x13b4474355769aeb2917ecaa7ecd33db36f138b000ebfbd57b0f120c1ce86c9b,2026-valero-texas-open-top20-hideki-matsuyama,https://polymarket.com/market/2026-valero-texas-open-top20-hideki-matsuyama,,"[""Yes"", ""No""]","[""62592917137561294622514982317380425039956635653530634538038841705776656020057"", ""65128220970136934257631420215621991357245746240165635803305941329483912978912""]",yes,KXPGATOP20-VATO26-HMAT,https://kalshi.com/markets/kxpgatop20-vato26/valero-texas-open-top-20-finishers/kxpgatop20-vato26-hmat,2026-04-05T00:00:00Z,2026-05-03T00:00:00Z,2026-05-03T00:00:00Z
pair-2300,Will Tommy Fleetwood finish in the Top 20 at the 2026 Valero Texas Open?,default,1.0,0xf22e2c18af85f481b0c4dd748244d69f1d97a164aaf12035f35850df42605fa2,2026-valero-texas-open-top20-tommy-fleetwood,https://polymarket.com/market/2026-valero-texas-open-top20-tommy-fleetwood,,"[""Yes"", ""No""]","[""46942309779779428294282342956196686238886478588080015097603798986677703777938"", ""21861725738156599628298858092255881664458743076913964163823128581728507083727""]",yes,KXPGATOP20-VATO26-TFLE,https://kalshi.com/markets/kxpgatop20-vato26/valero-texas-open-top-20-finishers/kxpgatop20-vato26-tfle,2026-04-05T00:00:00Z,2026-05-03T00:00:00Z,2026-05-03T00:00:00Z
pair-2327,Will Jordan Spieth finish in the Top 20 at the 2026 Valero Texas Open?,default,1.0,0xaa853d2a147c7cadede1284966c97809a35ba6959ea6bc5a652fd4f75c23232a,2026-valero-texas-open-top20-jordan-spieth,https://polymarket.com/market/2026-valero-texas-open-top20-jordan-spieth,,"[""Yes"", ""No""]","[""54813160846631465895354018948431526494712901100353765197378940048402615646737"", ""21984441386617852223878512714255535968038025245491563375538619167465401746229""]",yes,KXPGATOP20-VATO26-JSPI,https://kalshi.com/markets/kxpgatop20-vato26/valero-texas-open-top-20-finishers/kxpgatop20-vato26-jspi,2026-04-05T00:00:00Z,2026-05-03T00:00:00Z,2026-05-03T00:00:00Z
pair-2350,Will Robert MacIntyre finish in the Top 20 at the 2026 Valero Texas Open?,default,1.0,0xb6e901ebfaf8805d35cd5563a7d1fe8ea9513170b2d8e584487e27a7bc08ca6a,2026-valero-texas-open-top20-robert-macintyre,https://polymarket.com/market/2026-valero-texas-open-top20-robert-macintyre,,"[""Yes"", ""No""]","[""46841065923322380951545288630840130210464917967919890297937341345829750016869"", ""87568560803332085861467012695302539891835674557099631518392196528190584627951""]",yes,KXPGATOP20-VATO26-RMAC,https://kalshi.com/markets/kxpgatop20-vato26/valero-texas-open-top-20-finishers/kxpgatop20-vato26-rmac,2026-04-05T00:00:00Z,2026-05-03T00:00:00Z,2026-05-03T00:00:00Z
pair-2357,Will Si Woo Kim finish in the Top 20 at the 2026 Valero Texas Open?,default,1.0,0xd901bda2a1d06fa2ae80cec4a6f4efa66466e04c45cf7fc828c50aae11ef24b0,2026-valero-texas-open-top20-si-woo-kim,https://polymarket.com/market/2026-valero-texas-open-top20-si-woo-kim,,"[""Yes"", ""No""]","[""17504983761869739501742189118233146788072246073279168441724604705079722156959"", ""55461127447085707625129963450343778149115601182102460485092415864906628045517""]",yes,KXPGATOP20-VATO26-WKIM,https://kalshi.com/markets/kxpgatop20-vato26/valero-texas-open-top-20-finishers/kxpgatop20-vato26-wkim,2026-04-05T00:00:00Z,2026-05-03T00:00:00Z,2026-05-03T00:00:00Z
pair-2371,Will Brittany Mahomes attend Taylor Swift's wedding?,default,1.0,0x5b7393268fc1f55d066b532e5872d8746335b1625d3f7c1252d8a19fedd303f6,will-brittany-mahomes-attend-taylor-swifts-wedding,https://polymarket.com/market/will-brittany-mahomes-attend-taylor-swifts-wedding,,"[""Yes"", ""No""]","[""37668993751643206125807393731139815344764635092530371793068222528076863204069"", ""115775483881647095365623846937470592049337924027904618888301729408454680647368""]",yes,KXTAYLORSWIFTWEDDINGATTEND-28DEC31-BRI,https://kalshi.com/markets/kxtaylorswiftweddingattend-28dec31/who-will-attend-taylor-swift-and-travis-kelce-s-wedding/kxtaylorswiftweddingattend-28dec31-bri,2026-12-31T00:00:00Z,2028-12-31T15:00:00Z,2028-12-31T15:00:00Z
pair-2376,Will Selena Gomez attend Taylor Swift's wedding?,default,1.0,0xcb7d75e697bfc9e6a30d07ae0a5054922a8f82b444d62a95e9fa4b2d1d9c0867,will-selena-gomez-attend-taylor-swifts-wedding,https://polymarket.com/market/will-selena-gomez-attend-taylor-swifts-wedding,,"[""Yes"", ""No""]","[""31214076913121395573152988556090828927498246210615446797043383072499426141006"", ""52553172367318493226790644901670027175835825307457851129593650735601533330037""]",yes,KXTAYLORSWIFTWEDDINGATTEND-28DEC31-SEL,https://kalshi.com/markets/kxtaylorswiftweddingattend-28dec31/who-will-attend-taylor-swift-and-travis-kelce-s-wedding/kxtaylorswiftweddingattend-28dec31-sel,2026-12-31T00:00:00Z,2028-12-31T15:00:00Z,2028-12-31T15:00:00Z
pair-2381,Will Jack Antonoff attend Taylor Swift's wedding?,default,1.0,0x01650214bee3782ba689c78b4a5179c5dbcdd84212c01e872399f14799272cb7,will-jack-antonoff-attend-taylor-swifts-wedding,https://polymarket.com/market/will-jack-antonoff-attend-taylor-swifts-wedding,,"[""Yes"", ""No""]","[""78050418873685168969019239431280561340192654125669648673166508369751494778946"", ""98621070224030227592858626607315695470459749927051726573746184628253622878823""]",yes,KXTAYLORSWIFTWEDDINGATTEND-28DEC31-JAC,https://kalshi.com/markets/kxtaylorswiftweddingattend-28dec31/who-will-attend-taylor-swift-and-travis-kelce-s-wedding/kxtaylorswiftweddingattend-28dec31-jac,2026-12-31T00:00:00Z,2028-12-31T15:00:00Z,2028-12-31T15:00:00Z
pair-2382,Will Patrick Mahomes attend Taylor Swift's wedding?,default,1.0,0x3edaa2ff2a5ec59e98190860dfa46d2baadb852fb21e1a2bf184eec8d216f76c,will-patrick-mahomes-attend-taylor-swifts-wedding,https://polymarket.com/market/will-patrick-mahomes-attend-taylor-swifts-wedding,,"[""Yes"", ""No""]","[""70144389720567063821123016518218102454073224046116434418668009780714893706139"", ""27909185221766191117418281802595409292681133575516573412413302228088542091013""]",yes,KXTAYLORSWIFTWEDDINGATTEND-28DEC31-PAT,https://kalshi.com/markets/kxtaylorswiftweddingattend-28dec31/who-will-attend-taylor-swift-and-travis-kelce-s-wedding/kxtaylorswiftweddingattend-28dec31-pat,2026-12-31T00:00:00Z,2028-12-31T15:00:00Z,2028-12-31T15:00:00Z
pair-2383,Will Blake Lively attend Taylor Swift's wedding?,default,1.0,0xf56889493e2ee9071728078056562341c63793a9cffe4852352a236b8642f26b,will-blake-lively-attend-taylor-swifts-wedding,https://polymarket.com/market/will-blake-lively-attend-taylor-swifts-wedding,,"[""Yes"", ""No""]","[""88193074686109159587868170072877727644725202839867274587671606853722735505067"", ""107174856378987680416243774907072897634210804786187281095750716771834393479881""]",yes,KXTAYLORSWIFTWEDDINGATTEND-28DEC31-BLA,https://kalshi.com/markets/kxtaylorswiftweddingattend-28dec31/who-will-attend-taylor-swift-and-travis-kelce-s-wedding/kxtaylorswiftweddingattend-28dec31-bla,2026-12-31T00:00:00Z,2028-12-31T15:00:00Z,2028-12-31T15:00:00Z
pair-2391,Will Ronaldo Caiado win the 2026 Brazilian presidential election?,default,1.0,0xbca3d70ec52a5a441ccc365a3b1b48b9cd0f08dfff4bc5871e2cd92d0d92caa1,will-ronaldo-caiado-win-the-2026-brazilian-presidential-election,https://polymarket.com/market/will-ronaldo-caiado-win-the-2026-brazilian-presidential-election,,"[""Yes"", ""No""]","[""36262307788727352725358528951052957737657822670589615830114396216160368496388"", ""46647902352070183258066763519254338558701019805822306126128459427684955493048""]",yes,KXBRPRES-26-RCAI,https://kalshi.com/markets/kxbrpres-26/brazil-presidential-election-winner/kxbrpres-26-rcai,2026-10-04T00:00:00Z,2027-10-25T14:00:00Z,2027-10-25T14:00:00Z
pair-2392,Will Romeu Zema win the 2026 Brazilian presidential election?,default,1.0,0x054725b2a7971376f7924a7021221b12acc50fe78d97817824fe411704d5b5a2,will-romeu-zema-win-the-2026-brazilian-presidential-election,https://polymarket.com/market/will-romeu-zema-win-the-2026-brazilian-presidential-election,,"[""Yes"", ""No""]","[""44340846524235712899508083510503343345123518718867913608211694999290628967401"", ""38633448065261608755072088507033278254893488240734399014852176650195563610767""]",yes,KXBRPRES-26-RZEM,https://kalshi.com/markets/kxbrpres-26/brazil-presidential-election-winner/kxbrpres-26-rzem,2026-10-04T00:00:00Z,2027-10-25T14:00:00Z,2027-10-25T14:00:00Z
pair-2421,Will Judy Shelton be confirmed as Fed Chair?,default,1.0,0x14fd8ab261d14215058b77a9541a5013ccc3d3eb677276a9de54445a31acd194,will-judy-shelton-be-confirmed-as-fed-chair,https://polymarket.com/market/will-judy-shelton-be-confirmed-as-fed-chair,,"[""Yes"", ""No""]","[""29577345180542753188700941748705224076025927865234220835903826643992439907745"", ""6177012862139226284619406525682688708221010425170824614321466809910839464615""]",yes,KXFEDCHAIRCONFIRM-JSHE,https://kalshi.com/markets/kxfedchairconfirm/who-will-be-confirmed-as-fed-chair/kxfedchairconfirm-jshe,2026-10-31T00:00:00Z,2029-01-01T04:59:00Z,2029-01-01T04:59:00Z
pair-2422,Will Kevin Warsh be confirmed as Fed Chair?,default,1.0,0x23dbb60ade08c2664ac29488325afbc0136735bc7beb9180d9c0cb72620b0b13,will-kevin-warsh-be-confirmed-as-fed-chair,https://polymarket.com/market/will-kevin-warsh-be-confirmed-as-fed-chair,,"[""Yes"", ""No""]","[""66581786403328670900354976753624410175196577607177076834389236263921375429170"", ""3876932777755902749468121601646089024305341782074421122084579624831540574264""]",yes,KXFEDCHAIRCONFIRM-KWAR,https://kalshi.com/markets/kxfedchairconfirm/who-will-be-confirmed-as-fed-chair/kxfedchairconfirm-kwar,2026-10-31T00:00:00Z,2029-01-01T04:59:00Z,2029-01-01T04:59:00Z
pair-2423,Will Kevin Hassett be confirmed as Fed Chair?,default,1.0,0xa8ff8edde7ae952227d2dfa0378d8dd83bcff4b4385919fc39bbf9fdbd3bda7a,will-kevin-hassett-be-confirmed-as-fed-chair,https://polymarket.com/market/will-kevin-hassett-be-confirmed-as-fed-chair,,"[""Yes"", ""No""]","[""61364575302888892256263572537795032833314778829383489595560500694647355656644"", ""87011263508692419526055835855449356011341651273276120205985886987335198706585""]",yes,KXFEDCHAIRCONFIRM-KHAS,https://kalshi.com/markets/kxfedchairconfirm/who-will-be-confirmed-as-fed-chair/kxfedchairconfirm-khas,2026-10-31T00:00:00Z,2029-01-01T04:59:00Z,2029-01-01T04:59:00Z
