pair_id,title_clean,category_tag,similarity_score,poly_market_id,poly_slug,poly_url,poly_event_url,poly_outcomes_json,poly_token_ids_json,poly_primary_outcome,kalshi_market_id,kalshi_url,expiry_poly_utc,expiry_kalshi_utc,resolution_time_utc
pair-0270,Brighton & Hove Albion FC vs. Chelsea FC: Both Teams to Score,sports,1.0,0x8cebbaad3b7c0502fd02dace5a7051c0298f11ce371be46294a84ca8b114fbc3,epl-bri-che-2026-04-21-btts,https://polymarket.com/market/epl-bri-che-2026-04-21-btts,,"[""Yes"", ""No""]","[""75548399534166148770864748344403512811021040032729315469366377073057978083957"", ""54860832677523346652859751685718821444165643646787046637499233197709594588317""]",yes,KXEPLBTTS-26APR21BRICFC,https://kalshi.com/markets/kxeplbtts-26apr21bricfc/chelsea-at-brighton-both-teams-to-score/kxeplbtts-26apr21bricfc,2026-04-21T19:00:00Z,2026-05-05T19:00:00Z,2026-05-05T19:00:00Z
pair-0271,Girona FC vs. Real Betis Balompié: Both Teams to Score,sports,1.0,0xfb34cf158a46076f440aa8f9957f62c520206a027297e1214bcc87ea436008c5,lal-gir-bet-2026-04-21-btts,https://polymarket.com/market/lal-gir-bet-2026-04-21-btts,,"[""Yes"", ""No""]","[""83710817076031929673243968274525257013065861371243481707095077929360028754190"", ""39042248432952053078917961756048364029911487893549602287679502477449276469301""]",yes,KXLALIGABTTS-26APR21GIRRBB,https://kalshi.com/markets/kxlaligabtts-26apr21girrbb/real-betis-at-girona-both-teams-to-score/kxlaligabtts-26apr21girrbb,2026-04-21T19:30:00Z,2026-05-05T19:30:00Z,2026-05-05T19:30:00Z
pair-0272,Houston Astros vs. Cleveland Guardians,sports,1.0,0x7614a997fffddbbb203725f753fa0f972033af18d7a211688e22afd5ea5bdbee,mlb-hou-cle-2026-04-20,https://polymarket.com/market/mlb-hou-cle-2026-04-20,,"[""Houston Astros"", ""Cleveland Guardians""]","[""84171940203387891754355042236688568947664084891081752041954668776466685146188"", ""42063496832831659770428309395515289250477241121019230402229578288056030060008""]",Cleveland Guardians,KXMLBGAME-26APR201810HOUCLE-CLE,https://kalshi.com/markets/kxmlbgame-26apr201810houcle/houston-vs-cleveland/kxmlbgame-26apr201810houcle-cle,2026-04-27T22:10:00Z,2026-04-23T22:10:00Z,2026-04-23T22:10:00Z
pair-0273,Houston Astros vs. Cleveland Guardians,sports,1.0,0x7614a997fffddbbb203725f753fa0f972033af18d7a211688e22afd5ea5bdbee,mlb-hou-cle-2026-04-20,https://polymarket.com/market/mlb-hou-cle-2026-04-20,,"[""Houston Astros"", ""Cleveland Guardians""]","[""84171940203387891754355042236688568947664084891081752041954668776466685146188"", ""42063496832831659770428309395515289250477241121019230402229578288056030060008""]",Houston Astros,KXMLBGAME-26APR201810HOUCLE-HOU,https://kalshi.com/markets/kxmlbgame-26apr201810houcle/houston-vs-cleveland/kxmlbgame-26apr201810houcle-hou,2026-04-27T22:10:00Z,2026-04-23T22:10:00Z,2026-04-23T22:10:00Z
pair-0274,Houston Astros vs. Cleveland Guardians,sports,1.0,0x7614a997fffddbbb203725f753fa0f972033af18d7a211688e22afd5ea5bdbee,mlb-hou-cle-2026-04-20,https://polymarket.com/market/mlb-hou-cle-2026-04-20,,"[""Houston Astros"", ""Cleveland Guardians""]","[""84171940203387891754355042236688568947664084891081752041954668776466685146188"", ""42063496832831659770428309395515289250477241121019230402229578288056030060008""]",Cleveland Guardians,KXMLBGAME-26APR201810HOUCLE-CLE,https://kalshi.com/markets/kxmlbgame-26apr201810houcle/houston-vs-cleveland/kxmlbgame-26apr201810houcle-cle,2026-04-27T22:10:00Z,2026-04-23T22:10:00Z,2026-04-23T22:10:00Z
pair-0275,Houston Astros vs. Cleveland Guardians,sports,1.0,0x7614a997fffddbbb203725f753fa0f972033af18d7a211688e22afd5ea5bdbee,mlb-hou-cle-2026-04-20,https://polymarket.com/market/mlb-hou-cle-2026-04-20,,"[""Houston Astros"", ""Cleveland Guardians""]","[""84171940203387891754355042236688568947664084891081752041954668776466685146188"", ""42063496832831659770428309395515289250477241121019230402229578288056030060008""]",Houston Astros,KXMLBGAME-26APR201810HOUCLE-HOU,https://kalshi.com/markets/kxmlbgame-26apr201810houcle/houston-vs-cleveland/kxmlbgame-26apr201810houcle-hou,2026-04-27T22:10:00Z,2026-04-23T22:10:00Z,2026-04-23T22:10:00Z
pair-0276,Houston Astros vs. Cleveland Guardians,sports,1.0,0xee64fbf357d404c0ad0f44c6c4eaf976035dad7aee615e656aeeb80dc5d7dfd3,mlb-hou-cle-2026-04-21,https://polymarket.com/market/mlb-hou-cle-2026-04-21,,"[""Houston Astros"", ""Cleveland Guardians""]","[""39081346353006536759069875933248580506402057818719513737613623373505481099715"", ""70051649980511860708016616485852945630010848662627581575809906671170014459610""]",Cleveland Guardians,KXMLBGAME-26APR211810HOUCLE-CLE,https://kalshi.com/markets/kxmlbgame-26apr211810houcle/houston-vs-cleveland/kxmlbgame-26apr211810houcle-cle,2026-04-28T22:10:00Z,2026-04-24T22:10:00Z,2026-04-24T22:10:00Z
pair-0277,Houston Astros vs. Cleveland Guardians,sports,1.0,0xee64fbf357d404c0ad0f44c6c4eaf976035dad7aee615e656aeeb80dc5d7dfd3,mlb-hou-cle-2026-04-21,https://polymarket.com/market/mlb-hou-cle-2026-04-21,,"[""Houston Astros"", ""Cleveland Guardians""]","[""39081346353006536759069875933248580506402057818719513737613623373505481099715"", ""70051649980511860708016616485852945630010848662627581575809906671170014459610""]",Houston Astros,KXMLBGAME-26APR211810HOUCLE-HOU,https://kalshi.com/markets/kxmlbgame-26apr211810houcle/houston-vs-cleveland/kxmlbgame-26apr211810houcle-hou,2026-04-28T22:10:00Z,2026-04-24T22:10:00Z,2026-04-24T22:10:00Z
pair-0278,Houston Astros vs. Cleveland Guardians,sports,1.0,0xee64fbf357d404c0ad0f44c6c4eaf976035dad7aee615e656aeeb80dc5d7dfd3,mlb-hou-cle-2026-04-21,https://polymarket.com/market/mlb-hou-cle-2026-04-21,,"[""Houston Astros"", ""Cleveland Guardians""]","[""39081346353006536759069875933248580506402057818719513737613623373505481099715"", ""70051649980511860708016616485852945630010848662627581575809906671170014459610""]",Cleveland Guardians,KXMLBGAME-26APR211810HOUCLE-CLE,https://kalshi.com/markets/kxmlbgame-26apr211810houcle/houston-vs-cleveland/kxmlbgame-26apr211810houcle-cle,2026-04-28T22:10:00Z,2026-04-24T22:10:00Z,2026-04-24T22:10:00Z
pair-0279,Houston Astros vs. Cleveland Guardians,sports,1.0,0xee64fbf357d404c0ad0f44c6c4eaf976035dad7aee615e656aeeb80dc5d7dfd3,mlb-hou-cle-2026-04-21,https://polymarket.com/market/mlb-hou-cle-2026-04-21,,"[""Houston Astros"", ""Cleveland Guardians""]","[""39081346353006536759069875933248580506402057818719513737613623373505481099715"", ""70051649980511860708016616485852945630010848662627581575809906671170014459610""]",Houston Astros,KXMLBGAME-26APR211810HOUCLE-HOU,https://kalshi.com/markets/kxmlbgame-26apr211810houcle/houston-vs-cleveland/kxmlbgame-26apr211810houcle-hou,2026-04-28T22:10:00Z,2026-04-24T22:10:00Z,2026-04-24T22:10:00Z
pair-0280,St. Louis Cardinals vs. Miami Marlins,sports,1.0,0xac2c206235e6f6d1fa9ee56a35e68d0e0d014d79bd37dce7bed7ac7ce5b751c2,mlb-stl-mia-2026-04-20,https://polymarket.com/market/mlb-stl-mia-2026-04-20,,"[""St. Louis Cardinals"", ""Miami Marlins""]","[""2695851027304595042335469224658093236033615156301512088856468044704191581599"", ""61570550328678557885769336139152680970324706798064990791927974810198246944007""]",Miami Marlins,KXMLBGAME-26APR201840STLMIA-MIA,https://kalshi.com/markets/kxmlbgame-26apr201840stlmia/st-louis-vs-miami/kxmlbgame-26apr201840stlmia-mia,2026-04-27T22:40:00Z,2026-04-23T22:40:00Z,2026-04-23T22:40:00Z
pair-0281,St. Louis Cardinals vs. Miami Marlins,sports,1.0,0xac2c206235e6f6d1fa9ee56a35e68d0e0d014d79bd37dce7bed7ac7ce5b751c2,mlb-stl-mia-2026-04-20,https://polymarket.com/market/mlb-stl-mia-2026-04-20,,"[""St. Louis Cardinals"", ""Miami Marlins""]","[""2695851027304595042335469224658093236033615156301512088856468044704191581599"", ""61570550328678557885769336139152680970324706798064990791927974810198246944007""]",St. Louis Cardinals,KXMLBGAME-26APR201840STLMIA-STL,https://kalshi.com/markets/kxmlbgame-26apr201840stlmia/st-louis-vs-miami/kxmlbgame-26apr201840stlmia-stl,2026-04-27T22:40:00Z,2026-04-23T22:40:00Z,2026-04-23T22:40:00Z
pair-0282,St. Louis Cardinals vs. Miami Marlins,sports,1.0,0xac2c206235e6f6d1fa9ee56a35e68d0e0d014d79bd37dce7bed7ac7ce5b751c2,mlb-stl-mia-2026-04-20,https://polymarket.com/market/mlb-stl-mia-2026-04-20,,"[""St. Louis Cardinals"", ""Miami Marlins""]","[""2695851027304595042335469224658093236033615156301512088856468044704191581599"", ""61570550328678557885769336139152680970324706798064990791927974810198246944007""]",Miami Marlins,KXMLBGAME-26APR201840STLMIA-MIA,https://kalshi.com/markets/kxmlbgame-26apr201840stlmia/st-louis-vs-miami/kxmlbgame-26apr201840stlmia-mia,2026-04-27T22:40:00Z,2026-04-23T22:40:00Z,2026-04-23T22:40:00Z
pair-0283,St. Louis Cardinals vs. Miami Marlins,sports,1.0,0xac2c206235e6f6d1fa9ee56a35e68d0e0d014d79bd37dce7bed7ac7ce5b751c2,mlb-stl-mia-2026-04-20,https://polymarket.com/market/mlb-stl-mia-2026-04-20,,"[""St. Louis Cardinals"", ""Miami Marlins""]","[""2695851027304595042335469224658093236033615156301512088856468044704191581599"", ""61570550328678557885769336139152680970324706798064990791927974810198246944007""]",St. Louis Cardinals,KXMLBGAME-26APR201840STLMIA-STL,https://kalshi.com/markets/kxmlbgame-26apr201840stlmia/st-louis-vs-miami/kxmlbgame-26apr201840stlmia-stl,2026-04-27T22:40:00Z,2026-04-23T22:40:00Z,2026-04-23T22:40:00Z
pair-0284,St. Louis Cardinals vs. Miami Marlins,sports,1.0,0x93251fc856a6daeb9e6563ba962c3ab72462aefdc549dabf2808a7d9052f6306,mlb-stl-mia-2026-04-21,https://polymarket.com/market/mlb-stl-mia-2026-04-21,,"[""St. Louis Cardinals"", ""Miami Marlins""]","[""24985348558669368259238615081713003571967643393800404018845754923134699719722"", ""35740796505117548849930073197492288998647841257541940520819094081795438522967""]",Miami Marlins,KXMLBGAME-26APR211840STLMIA-MIA,https://kalshi.com/markets/kxmlbgame-26apr211840stlmia/st-louis-vs-miami/kxmlbgame-26apr211840stlmia-mia,2026-04-28T22:40:00Z,2026-04-24T22:40:00Z,2026-04-24T22:40:00Z
pair-0285,St. Louis Cardinals vs. Miami Marlins,sports,1.0,0x93251fc856a6daeb9e6563ba962c3ab72462aefdc549dabf2808a7d9052f6306,mlb-stl-mia-2026-04-21,https://polymarket.com/market/mlb-stl-mia-2026-04-21,,"[""St. Louis Cardinals"", ""Miami Marlins""]","[""24985348558669368259238615081713003571967643393800404018845754923134699719722"", ""35740796505117548849930073197492288998647841257541940520819094081795438522967""]",St. Louis Cardinals,KXMLBGAME-26APR211840STLMIA-STL,https://kalshi.com/markets/kxmlbgame-26apr211840stlmia/st-louis-vs-miami/kxmlbgame-26apr211840stlmia-stl,2026-04-28T22:40:00Z,2026-04-24T22:40:00Z,2026-04-24T22:40:00Z
pair-0286,St. Louis Cardinals vs. Miami Marlins,sports,1.0,0x93251fc856a6daeb9e6563ba962c3ab72462aefdc549dabf2808a7d9052f6306,mlb-stl-mia-2026-04-21,https://polymarket.com/market/mlb-stl-mia-2026-04-21,,"[""St. Louis Cardinals"", ""Miami Marlins""]","[""24985348558669368259238615081713003571967643393800404018845754923134699719722"", ""35740796505117548849930073197492288998647841257541940520819094081795438522967""]",Miami Marlins,KXMLBGAME-26APR211840STLMIA-MIA,https://kalshi.com/markets/kxmlbgame-26apr211840stlmia/st-louis-vs-miami/kxmlbgame-26apr211840stlmia-mia,2026-04-28T22:40:00Z,2026-04-24T22:40:00Z,2026-04-24T22:40:00Z
pair-0287,St. Louis Cardinals vs. Miami Marlins,sports,1.0,0x93251fc856a6daeb9e6563ba962c3ab72462aefdc549dabf2808a7d9052f6306,mlb-stl-mia-2026-04-21,https://polymarket.com/market/mlb-stl-mia-2026-04-21,,"[""St. Louis Cardinals"", ""Miami Marlins""]","[""24985348558669368259238615081713003571967643393800404018845754923134699719722"", ""35740796505117548849930073197492288998647841257541940520819094081795438522967""]",St. Louis Cardinals,KXMLBGAME-26APR211840STLMIA-STL,https://kalshi.com/markets/kxmlbgame-26apr211840stlmia/st-louis-vs-miami/kxmlbgame-26apr211840stlmia-stl,2026-04-28T22:40:00Z,2026-04-24T22:40:00Z,2026-04-24T22:40:00Z
pair-0288,Cincinnati Reds vs. Tampa Bay Rays,sports,1.0,0x99c6eb9e70f77714fa949867afc7d168012f650d7fbd8e9467965f522e165e31,mlb-cin-tb-2026-04-20,https://polymarket.com/market/mlb-cin-tb-2026-04-20,,"[""Cincinnati Reds"", ""Tampa Bay Rays""]","[""73290575254540590971589765289870250451032809706426769353083196606212501273671"", ""58478507650556410043125934228938357631886113652854243559735315299786808576298""]",Tampa Bay Rays,KXMLBGAME-26APR201840CINTB-TB,https://kalshi.com/markets/kxmlbgame-26apr201840cintb/cincinnati-vs-tampa-bay/kxmlbgame-26apr201840cintb-tb,2026-04-27T22:40:00Z,2026-04-23T22:40:00Z,2026-04-23T22:40:00Z
pair-0289,Cincinnati Reds vs. Tampa Bay Rays,sports,1.0,0x99c6eb9e70f77714fa949867afc7d168012f650d7fbd8e9467965f522e165e31,mlb-cin-tb-2026-04-20,https://polymarket.com/market/mlb-cin-tb-2026-04-20,,"[""Cincinnati Reds"", ""Tampa Bay Rays""]","[""73290575254540590971589765289870250451032809706426769353083196606212501273671"", ""58478507650556410043125934228938357631886113652854243559735315299786808576298""]",Cincinnati Reds,KXMLBGAME-26APR201840CINTB-CIN,https://kalshi.com/markets/kxmlbgame-26apr201840cintb/cincinnati-vs-tampa-bay/kxmlbgame-26apr201840cintb-cin,2026-04-27T22:40:00Z,2026-04-23T22:40:00Z,2026-04-23T22:40:00Z
pair-0290,Cincinnati Reds vs. Tampa Bay Rays,sports,1.0,0x99c6eb9e70f77714fa949867afc7d168012f650d7fbd8e9467965f522e165e31,mlb-cin-tb-2026-04-20,https://polymarket.com/market/mlb-cin-tb-2026-04-20,,"[""Cincinnati Reds"", ""Tampa Bay Rays""]","[""73290575254540590971589765289870250451032809706426769353083196606212501273671"", ""58478507650556410043125934228938357631886113652854243559735315299786808576298""]",Tampa Bay Rays,KXMLBGAME-26APR201840CINTB-TB,https://kalshi.com/markets/kxmlbgame-26apr201840cintb/cincinnati-vs-tampa-bay/kxmlbgame-26apr201840cintb-tb,2026-04-27T22:40:00Z,2026-04-23T22:40:00Z,2026-04-23T22:40:00Z
pair-0291,Cincinnati Reds vs. Tampa Bay Rays,sports,1.0,0x99c6eb9e70f77714fa949867afc7d168012f650d7fbd8e9467965f522e165e31,mlb-cin-tb-2026-04-20,https://polymarket.com/market/mlb-cin-tb-2026-04-20,,"[""Cincinnati Reds"", ""Tampa Bay Rays""]","[""73290575254540590971589765289870250451032809706426769353083196606212501273671"", ""58478507650556410043125934228938357631886113652854243559735315299786808576298""]",Cincinnati Reds,KXMLBGAME-26APR201840CINTB-CIN,https://kalshi.com/markets/kxmlbgame-26apr201840cintb/cincinnati-vs-tampa-bay/kxmlbgame-26apr201840cintb-cin,2026-04-27T22:40:00Z,2026-04-23T22:40:00Z,2026-04-23T22:40:00Z
pair-0292,Cincinnati Reds vs. Tampa Bay Rays,sports,1.0,0x6401c6ef788346e456325faa6cfa24cc160a0af345f70c8868bdd2f7522172ec,mlb-cin-tb-2026-04-21,https://polymarket.com/market/mlb-cin-tb-2026-04-21,,"[""Cincinnati Reds"", ""Tampa Bay Rays""]","[""60634899043446334551593062227976534085783725809295660851616045262774613427540"", ""61923583852989567108138415749376411093056391799280402189394781235486559913796""]",Tampa Bay Rays,KXMLBGAME-26APR211840CINTB-TB,https://kalshi.com/markets/kxmlbgame-26apr211840cintb/cincinnati-vs-tampa-bay/kxmlbgame-26apr211840cintb-tb,2026-04-28T22:40:00Z,2026-04-24T22:40:00Z,2026-04-24T22:40:00Z
pair-0293,Cincinnati Reds vs. Tampa Bay Rays,sports,1.0,0x6401c6ef788346e456325faa6cfa24cc160a0af345f70c8868bdd2f7522172ec,mlb-cin-tb-2026-04-21,https://polymarket.com/market/mlb-cin-tb-2026-04-21,,"[""Cincinnati Reds"", ""Tampa Bay Rays""]","[""60634899043446334551593062227976534085783725809295660851616045262774613427540"", ""61923583852989567108138415749376411093056391799280402189394781235486559913796""]",Cincinnati Reds,KXMLBGAME-26APR211840CINTB-CIN,https://kalshi.com/markets/kxmlbgame-26apr211840cintb/cincinnati-vs-tampa-bay/kxmlbgame-26apr211840cintb-cin,2026-04-28T22:40:00Z,2026-04-24T22:40:00Z,2026-04-24T22:40:00Z
pair-0294,Cincinnati Reds vs. Tampa Bay Rays,sports,1.0,0x6401c6ef788346e456325faa6cfa24cc160a0af345f70c8868bdd2f7522172ec,mlb-cin-tb-2026-04-21,https://polymarket.com/market/mlb-cin-tb-2026-04-21,,"[""Cincinnati Reds"", ""Tampa Bay Rays""]","[""60634899043446334551593062227976534085783725809295660851616045262774613427540"", ""61923583852989567108138415749376411093056391799280402189394781235486559913796""]",Tampa Bay Rays,KXMLBGAME-26APR211840CINTB-TB,https://kalshi.com/markets/kxmlbgame-26apr211840cintb/cincinnati-vs-tampa-bay/kxmlbgame-26apr211840cintb-tb,2026-04-28T22:40:00Z,2026-04-24T22:40:00Z,2026-04-24T22:40:00Z
pair-0295,Cincinnati Reds vs. Tampa Bay Rays,sports,1.0,0x6401c6ef788346e456325faa6cfa24cc160a0af345f70c8868bdd2f7522172ec,mlb-cin-tb-2026-04-21,https://polymarket.com/market/mlb-cin-tb-2026-04-21,,"[""Cincinnati Reds"", ""Tampa Bay Rays""]","[""60634899043446334551593062227976534085783725809295660851616045262774613427540"", ""61923583852989567108138415749376411093056391799280402189394781235486559913796""]",Cincinnati Reds,KXMLBGAME-26APR211840CINTB-CIN,https://kalshi.com/markets/kxmlbgame-26apr211840cintb/cincinnati-vs-tampa-bay/kxmlbgame-26apr211840cintb-cin,2026-04-28T22:40:00Z,2026-04-24T22:40:00Z,2026-04-24T22:40:00Z
pair-0296,Atlanta Braves vs. Washington Nationals,sports,1.0,0xf3b9a6f912f7fc842abea1a3a6bf12cc7f5264801872549e6918ce5cd258dd95,mlb-atl-wsh-2026-04-20,https://polymarket.com/market/mlb-atl-wsh-2026-04-20,,"[""Atlanta Braves"", ""Washington Nationals""]","[""110877511456922932508662875809532055331067045780803760421236443892038512002944"", ""106431145580015108253851756291946302960054562933715040910903157990209038482060""]",Washington Nationals,KXMLBGAME-26APR201845ATLWSH-WSH,https://kalshi.com/markets/kxmlbgame-26apr201845atlwsh/atlanta-vs-washington/kxmlbgame-26apr201845atlwsh-wsh,2026-04-27T22:45:00Z,2026-04-23T22:45:00Z,2026-04-23T22:45:00Z
pair-0297,Atlanta Braves vs. Washington Nationals,sports,1.0,0xf3b9a6f912f7fc842abea1a3a6bf12cc7f5264801872549e6918ce5cd258dd95,mlb-atl-wsh-2026-04-20,https://polymarket.com/market/mlb-atl-wsh-2026-04-20,,"[""Atlanta Braves"", ""Washington Nationals""]","[""110877511456922932508662875809532055331067045780803760421236443892038512002944"", ""106431145580015108253851756291946302960054562933715040910903157990209038482060""]",Atlanta Braves,KXMLBGAME-26APR201845ATLWSH-ATL,https://kalshi.com/markets/kxmlbgame-26apr201845atlwsh/atlanta-vs-washington/kxmlbgame-26apr201845atlwsh-atl,2026-04-27T22:45:00Z,2026-04-23T22:45:00Z,2026-04-23T22:45:00Z
pair-0298,Atlanta Braves vs. Washington Nationals,sports,1.0,0xf3b9a6f912f7fc842abea1a3a6bf12cc7f5264801872549e6918ce5cd258dd95,mlb-atl-wsh-2026-04-20,https://polymarket.com/market/mlb-atl-wsh-2026-04-20,,"[""Atlanta Braves"", ""Washington Nationals""]","[""110877511456922932508662875809532055331067045780803760421236443892038512002944"", ""106431145580015108253851756291946302960054562933715040910903157990209038482060""]",Washington Nationals,KXMLBGAME-26APR201845ATLWSH-WSH,https://kalshi.com/markets/kxmlbgame-26apr201845atlwsh/atlanta-vs-washington/kxmlbgame-26apr201845atlwsh-wsh,2026-04-27T22:45:00Z,2026-04-23T22:45:00Z,2026-04-23T22:45:00Z
pair-0299,Atlanta Braves vs. Washington Nationals,sports,1.0,0xf3b9a6f912f7fc842abea1a3a6bf12cc7f5264801872549e6918ce5cd258dd95,mlb-atl-wsh-2026-04-20,https://polymarket.com/market/mlb-atl-wsh-2026-04-20,,"[""Atlanta Braves"", ""Washington Nationals""]","[""110877511456922932508662875809532055331067045780803760421236443892038512002944"", ""106431145580015108253851756291946302960054562933715040910903157990209038482060""]",Atlanta Braves,KXMLBGAME-26APR201845ATLWSH-ATL,https://kalshi.com/markets/kxmlbgame-26apr201845atlwsh/atlanta-vs-washington/kxmlbgame-26apr201845atlwsh-atl,2026-04-27T22:45:00Z,2026-04-23T22:45:00Z,2026-04-23T22:45:00Z
pair-0300,Atlanta Braves vs. Washington Nationals,sports,1.0,0xb2e14e405d3ceb259d29bc96b58f14aed47129af92dd6c5a0229e1fd39f12380,mlb-atl-wsh-2026-04-21,https://polymarket.com/market/mlb-atl-wsh-2026-04-21,,"[""Atlanta Braves"", ""Washington Nationals""]","[""75143735593398904968084683396908743632983915788878194420168010632718339882288"", ""57252210065951112562337892726881811247284507237600243859581219941609730774576""]",Washington Nationals,KXMLBGAME-26APR211845ATLWSH-WSH,https://kalshi.com/markets/kxmlbgame-26apr211845atlwsh/atlanta-vs-washington/kxmlbgame-26apr211845atlwsh-wsh,2026-04-28T22:45:00Z,2026-04-24T22:45:00Z,2026-04-24T22:45:00Z
pair-0301,Atlanta Braves vs. Washington Nationals,sports,1.0,0xb2e14e405d3ceb259d29bc96b58f14aed47129af92dd6c5a0229e1fd39f12380,mlb-atl-wsh-2026-04-21,https://polymarket.com/market/mlb-atl-wsh-2026-04-21,,"[""Atlanta Braves"", ""Washington Nationals""]","[""75143735593398904968084683396908743632983915788878194420168010632718339882288"", ""57252210065951112562337892726881811247284507237600243859581219941609730774576""]",Atlanta Braves,KXMLBGAME-26APR211845ATLWSH-ATL,https://kalshi.com/markets/kxmlbgame-26apr211845atlwsh/atlanta-vs-washington/kxmlbgame-26apr211845atlwsh-atl,2026-04-28T22:45:00Z,2026-04-24T22:45:00Z,2026-04-24T22:45:00Z
pair-0302,Atlanta Braves vs. Washington Nationals,sports,1.0,0xb2e14e405d3ceb259d29bc96b58f14aed47129af92dd6c5a0229e1fd39f12380,mlb-atl-wsh-2026-04-21,https://polymarket.com/market/mlb-atl-wsh-2026-04-21,,"[""Atlanta Braves"", ""Washington Nationals""]","[""75143735593398904968084683396908743632983915788878194420168010632718339882288"", ""57252210065951112562337892726881811247284507237600243859581219941609730774576""]",Washington Nationals,KXMLBGAME-26APR211845ATLWSH-WSH,https://kalshi.com/markets/kxmlbgame-26apr211845atlwsh/atlanta-vs-washington/kxmlbgame-26apr211845atlwsh-wsh,2026-04-28T22:45:00Z,2026-04-24T22:45:00Z,2026-04-24T22:45:00Z
pair-0303,Atlanta Braves vs. Washington Nationals,sports,1.0,0xb2e14e405d3ceb259d29bc96b58f14aed47129af92dd6c5a0229e1fd39f12380,mlb-atl-wsh-2026-04-21,https://polymarket.com/market/mlb-atl-wsh-2026-04-21,,"[""Atlanta Braves"", ""Washington Nationals""]","[""75143735593398904968084683396908743632983915788878194420168010632718339882288"", ""57252210065951112562337892726881811247284507237600243859581219941609730774576""]",Atlanta Braves,KXMLBGAME-26APR211845ATLWSH-ATL,https://kalshi.com/markets/kxmlbgame-26apr211845atlwsh/atlanta-vs-washington/kxmlbgame-26apr211845atlwsh-atl,2026-04-28T22:45:00Z,2026-04-24T22:45:00Z,2026-04-24T22:45:00Z
pair-0304,Philadelphia Phillies vs. Chicago Cubs,sports,1.0,0x0903927ea9aaf9917afcce4ff796f643d3e9fb273078fade0769e91d127c4235,mlb-phi-chc-2026-04-20,https://polymarket.com/market/mlb-phi-chc-2026-04-20,,"[""Philadelphia Phillies"", ""Chicago Cubs""]","[""46246722902426149376095796787730647224596703201504542730254048658065611333961"", ""45072744338807920798628904275851229549907284289318958480206799706956842013545""]",Chicago Cubs,KXMLBGAME-26APR201940PHICHC-CHC,https://kalshi.com/markets/kxmlbgame-26apr201940phichc/philadelphia-vs-chicago-c/kxmlbgame-26apr201940phichc-chc,2026-04-27T23:40:00Z,2026-04-23T23:40:00Z,2026-04-23T23:40:00Z
pair-0305,Philadelphia Phillies vs. Chicago Cubs,sports,1.0,0x0903927ea9aaf9917afcce4ff796f643d3e9fb273078fade0769e91d127c4235,mlb-phi-chc-2026-04-20,https://polymarket.com/market/mlb-phi-chc-2026-04-20,,"[""Philadelphia Phillies"", ""Chicago Cubs""]","[""46246722902426149376095796787730647224596703201504542730254048658065611333961"", ""45072744338807920798628904275851229549907284289318958480206799706956842013545""]",Philadelphia Phillies,KXMLBGAME-26APR201940PHICHC-PHI,https://kalshi.com/markets/kxmlbgame-26apr201940phichc/philadelphia-vs-chicago-c/kxmlbgame-26apr201940phichc-phi,2026-04-27T23:40:00Z,2026-04-23T23:40:00Z,2026-04-23T23:40:00Z
pair-0306,Philadelphia Phillies vs. Chicago Cubs,sports,1.0,0x0903927ea9aaf9917afcce4ff796f643d3e9fb273078fade0769e91d127c4235,mlb-phi-chc-2026-04-20,https://polymarket.com/market/mlb-phi-chc-2026-04-20,,"[""Philadelphia Phillies"", ""Chicago Cubs""]","[""46246722902426149376095796787730647224596703201504542730254048658065611333961"", ""45072744338807920798628904275851229549907284289318958480206799706956842013545""]",Chicago Cubs,KXMLBGAME-26APR201940PHICHC-CHC,https://kalshi.com/markets/kxmlbgame-26apr201940phichc/philadelphia-vs-chicago-c/kxmlbgame-26apr201940phichc-chc,2026-04-27T23:40:00Z,2026-04-23T23:40:00Z,2026-04-23T23:40:00Z
pair-0307,Philadelphia Phillies vs. Chicago Cubs,sports,1.0,0x0903927ea9aaf9917afcce4ff796f643d3e9fb273078fade0769e91d127c4235,mlb-phi-chc-2026-04-20,https://polymarket.com/market/mlb-phi-chc-2026-04-20,,"[""Philadelphia Phillies"", ""Chicago Cubs""]","[""46246722902426149376095796787730647224596703201504542730254048658065611333961"", ""45072744338807920798628904275851229549907284289318958480206799706956842013545""]",Philadelphia Phillies,KXMLBGAME-26APR201940PHICHC-PHI,https://kalshi.com/markets/kxmlbgame-26apr201940phichc/philadelphia-vs-chicago-c/kxmlbgame-26apr201940phichc-phi,2026-04-27T23:40:00Z,2026-04-23T23:40:00Z,2026-04-23T23:40:00Z
pair-0308,Philadelphia Phillies vs. Chicago Cubs,sports,1.0,0xe2b535c3bb13965c181284a29de57c976e60895bc0a020fe483a50f3bc573c39,mlb-phi-chc-2026-04-21,https://polymarket.com/market/mlb-phi-chc-2026-04-21,,"[""Philadelphia Phillies"", ""Chicago Cubs""]","[""60402516672619326036411422593168930438964206790830225872842491452729630163312"", ""93082284356131058861432844931536559295527420141540453356434174533243899089396""]",Philadelphia Phillies,KXMLBGAME-26APR211940PHICHC-PHI,https://kalshi.com/markets/kxmlbgame-26apr211940phichc/philadelphia-vs-chicago-c/kxmlbgame-26apr211940phichc-phi,2026-04-28T23:40:00Z,2026-04-24T23:40:00Z,2026-04-24T23:40:00Z
pair-0309,Philadelphia Phillies vs. Chicago Cubs,sports,1.0,0xe2b535c3bb13965c181284a29de57c976e60895bc0a020fe483a50f3bc573c39,mlb-phi-chc-2026-04-21,https://polymarket.com/market/mlb-phi-chc-2026-04-21,,"[""Philadelphia Phillies"", ""Chicago Cubs""]","[""60402516672619326036411422593168930438964206790830225872842491452729630163312"", ""93082284356131058861432844931536559295527420141540453356434174533243899089396""]",Chicago Cubs,KXMLBGAME-26APR211940PHICHC-CHC,https://kalshi.com/markets/kxmlbgame-26apr211940phichc/philadelphia-vs-chicago-c/kxmlbgame-26apr211940phichc-chc,2026-04-28T23:40:00Z,2026-04-24T23:40:00Z,2026-04-24T23:40:00Z
pair-0310,Philadelphia Phillies vs. Chicago Cubs,sports,1.0,0xe2b535c3bb13965c181284a29de57c976e60895bc0a020fe483a50f3bc573c39,mlb-phi-chc-2026-04-21,https://polymarket.com/market/mlb-phi-chc-2026-04-21,,"[""Philadelphia Phillies"", ""Chicago Cubs""]","[""60402516672619326036411422593168930438964206790830225872842491452729630163312"", ""93082284356131058861432844931536559295527420141540453356434174533243899089396""]",Philadelphia Phillies,KXMLBGAME-26APR211940PHICHC-PHI,https://kalshi.com/markets/kxmlbgame-26apr211940phichc/philadelphia-vs-chicago-c/kxmlbgame-26apr211940phichc-phi,2026-04-28T23:40:00Z,2026-04-24T23:40:00Z,2026-04-24T23:40:00Z
pair-0311,Philadelphia Phillies vs. Chicago Cubs,sports,1.0,0xe2b535c3bb13965c181284a29de57c976e60895bc0a020fe483a50f3bc573c39,mlb-phi-chc-2026-04-21,https://polymarket.com/market/mlb-phi-chc-2026-04-21,,"[""Philadelphia Phillies"", ""Chicago Cubs""]","[""60402516672619326036411422593168930438964206790830225872842491452729630163312"", ""93082284356131058861432844931536559295527420141540453356434174533243899089396""]",Chicago Cubs,KXMLBGAME-26APR211940PHICHC-CHC,https://kalshi.com/markets/kxmlbgame-26apr211940phichc/philadelphia-vs-chicago-c/kxmlbgame-26apr211940phichc-chc,2026-04-28T23:40:00Z,2026-04-24T23:40:00Z,2026-04-24T23:40:00Z
pair-0312,Baltimore Orioles vs. Kansas City Royals,sports,1.0,0xded6c58130ea5bab4ae30af2098f68348ac53b559c72e3c81b7d45233764fec0,mlb-bal-kc-2026-04-20,https://polymarket.com/market/mlb-bal-kc-2026-04-20,,"[""Baltimore Orioles"", ""Kansas City Royals""]","[""103187033287735445133019225386698930906007752437465277380506062106586907684559"", ""6669754168762692173752130358609409366551926664138882232311543860952971599700""]",Baltimore Orioles,KXMLBGAME-26APR201940BALKC-BAL,https://kalshi.com/markets/kxmlbgame-26apr201940balkc/baltimore-vs-kansas-city/kxmlbgame-26apr201940balkc-bal,2026-04-27T23:40:00Z,2026-04-23T23:40:00Z,2026-04-23T23:40:00Z
pair-0313,Baltimore Orioles vs. Kansas City Royals,sports,1.0,0xded6c58130ea5bab4ae30af2098f68348ac53b559c72e3c81b7d45233764fec0,mlb-bal-kc-2026-04-20,https://polymarket.com/market/mlb-bal-kc-2026-04-20,,"[""Baltimore Orioles"", ""Kansas City Royals""]","[""103187033287735445133019225386698930906007752437465277380506062106586907684559"", ""6669754168762692173752130358609409366551926664138882232311543860952971599700""]",Kansas City Royals,KXMLBGAME-26APR201940BALKC-KC,https://kalshi.com/markets/kxmlbgame-26apr201940balkc/baltimore-vs-kansas-city/kxmlbgame-26apr201940balkc-kc,2026-04-27T23:40:00Z,2026-04-23T23:40:00Z,2026-04-23T23:40:00Z
pair-0314,Baltimore Orioles vs. Kansas City Royals,sports,1.0,0xded6c58130ea5bab4ae30af2098f68348ac53b559c72e3c81b7d45233764fec0,mlb-bal-kc-2026-04-20,https://polymarket.com/market/mlb-bal-kc-2026-04-20,,"[""Baltimore Orioles"", ""Kansas City Royals""]","[""103187033287735445133019225386698930906007752437465277380506062106586907684559"", ""6669754168762692173752130358609409366551926664138882232311543860952971599700""]",Baltimore Orioles,KXMLBGAME-26APR201940BALKC-BAL,https://kalshi.com/markets/kxmlbgame-26apr201940balkc/baltimore-vs-kansas-city/kxmlbgame-26apr201940balkc-bal,2026-04-27T23:40:00Z,2026-04-23T23:40:00Z,2026-04-23T23:40:00Z
pair-0315,Baltimore Orioles vs. Kansas City Royals,sports,1.0,0xded6c58130ea5bab4ae30af2098f68348ac53b559c72e3c81b7d45233764fec0,mlb-bal-kc-2026-04-20,https://polymarket.com/market/mlb-bal-kc-2026-04-20,,"[""Baltimore Orioles"", ""Kansas City Royals""]","[""103187033287735445133019225386698930906007752437465277380506062106586907684559"", ""6669754168762692173752130358609409366551926664138882232311543860952971599700""]",Kansas City Royals,KXMLBGAME-26APR201940BALKC-KC,https://kalshi.com/markets/kxmlbgame-26apr201940balkc/baltimore-vs-kansas-city/kxmlbgame-26apr201940balkc-kc,2026-04-27T23:40:00Z,2026-04-23T23:40:00Z,2026-04-23T23:40:00Z
pair-0316,Baltimore Orioles vs. Kansas City Royals,sports,1.0,0xb6dbbd034d67b028a5acc8246b51affaa5c6fc2ce94a4593cfde55af354306b4,mlb-bal-kc-2026-04-21,https://polymarket.com/market/mlb-bal-kc-2026-04-21,,"[""Baltimore Orioles"", ""Kansas City Royals""]","[""101166499938818517305238748450742424753148084492975985485998419550343400504759"", ""102316441337940343210421428126392250666326886930935473204800568418826997928653""]",Baltimore Orioles,KXMLBGAME-26APR211940BALKC-BAL,https://kalshi.com/markets/kxmlbgame-26apr211940balkc/baltimore-vs-kansas-city/kxmlbgame-26apr211940balkc-bal,2026-04-28T23:40:00Z,2026-04-24T23:40:00Z,2026-04-24T23:40:00Z
pair-0317,Baltimore Orioles vs. Kansas City Royals,sports,1.0,0xb6dbbd034d67b028a5acc8246b51affaa5c6fc2ce94a4593cfde55af354306b4,mlb-bal-kc-2026-04-21,https://polymarket.com/market/mlb-bal-kc-2026-04-21,,"[""Baltimore Orioles"", ""Kansas City Royals""]","[""101166499938818517305238748450742424753148084492975985485998419550343400504759"", ""102316441337940343210421428126392250666326886930935473204800568418826997928653""]",Kansas City Royals,KXMLBGAME-26APR211940BALKC-KC,https://kalshi.com/markets/kxmlbgame-26apr211940balkc/baltimore-vs-kansas-city/kxmlbgame-26apr211940balkc-kc,2026-04-28T23:40:00Z,2026-04-24T23:40:00Z,2026-04-24T23:40:00Z
pair-0318,Baltimore Orioles vs. Kansas City Royals,sports,1.0,0xb6dbbd034d67b028a5acc8246b51affaa5c6fc2ce94a4593cfde55af354306b4,mlb-bal-kc-2026-04-21,https://polymarket.com/market/mlb-bal-kc-2026-04-21,,"[""Baltimore Orioles"", ""Kansas City Royals""]","[""101166499938818517305238748450742424753148084492975985485998419550343400504759"", ""102316441337940343210421428126392250666326886930935473204800568418826997928653""]",Baltimore Orioles,KXMLBGAME-26APR211940BALKC-BAL,https://kalshi.com/markets/kxmlbgame-26apr211940balkc/baltimore-vs-kansas-city/kxmlbgame-26apr211940balkc-bal,2026-04-28T23:40:00Z,2026-04-24T23:40:00Z,2026-04-24T23:40:00Z
pair-0319,Baltimore Orioles vs. Kansas City Royals,sports,1.0,0xb6dbbd034d67b028a5acc8246b51affaa5c6fc2ce94a4593cfde55af354306b4,mlb-bal-kc-2026-04-21,https://polymarket.com/market/mlb-bal-kc-2026-04-21,,"[""Baltimore Orioles"", ""Kansas City Royals""]","[""101166499938818517305238748450742424753148084492975985485998419550343400504759"", ""102316441337940343210421428126392250666326886930935473204800568418826997928653""]",Kansas City Royals,KXMLBGAME-26APR211940BALKC-KC,https://kalshi.com/markets/kxmlbgame-26apr211940balkc/baltimore-vs-kansas-city/kxmlbgame-26apr211940balkc-kc,2026-04-28T23:40:00Z,2026-04-24T23:40:00Z,2026-04-24T23:40:00Z
pair-0320,Los Angeles Dodgers vs. Colorado Rockies,sports,1.0,0x020ad8971490c675affaa4ec3ecfc714bd6a9a8d89692655cdfceb9aad360a14,mlb-lad-col-2026-04-20,https://polymarket.com/market/mlb-lad-col-2026-04-20,,"[""Los Angeles Dodgers"", ""Colorado Rockies""]","[""69452758549268568440990055779314140270807081615362976541619862486495823499973"", ""28703779713506211856118295507465013912165656411126090738126182233106218660446""]",Colorado Rockies,KXMLBGAME-26APR202040LADCOL-COL,https://kalshi.com/markets/kxmlbgame-26apr202040ladcol/los-angeles-d-vs-colorado/kxmlbgame-26apr202040ladcol-col,2026-04-28T00:40:00Z,2026-04-24T00:40:00Z,2026-04-24T00:40:00Z
pair-0321,Los Angeles Dodgers vs. Colorado Rockies,sports,1.0,0x020ad8971490c675affaa4ec3ecfc714bd6a9a8d89692655cdfceb9aad360a14,mlb-lad-col-2026-04-20,https://polymarket.com/market/mlb-lad-col-2026-04-20,,"[""Los Angeles Dodgers"", ""Colorado Rockies""]","[""69452758549268568440990055779314140270807081615362976541619862486495823499973"", ""28703779713506211856118295507465013912165656411126090738126182233106218660446""]",Los Angeles Dodgers,KXMLBGAME-26APR202040LADCOL-LAD,https://kalshi.com/markets/kxmlbgame-26apr202040ladcol/los-angeles-d-vs-colorado/kxmlbgame-26apr202040ladcol-lad,2026-04-28T00:40:00Z,2026-04-24T00:40:00Z,2026-04-24T00:40:00Z
pair-0322,Los Angeles Dodgers vs. Colorado Rockies,sports,1.0,0x020ad8971490c675affaa4ec3ecfc714bd6a9a8d89692655cdfceb9aad360a14,mlb-lad-col-2026-04-20,https://polymarket.com/market/mlb-lad-col-2026-04-20,,"[""Los Angeles Dodgers"", ""Colorado Rockies""]","[""69452758549268568440990055779314140270807081615362976541619862486495823499973"", ""28703779713506211856118295507465013912165656411126090738126182233106218660446""]",Colorado Rockies,KXMLBGAME-26APR202040LADCOL-COL,https://kalshi.com/markets/kxmlbgame-26apr202040ladcol/los-angeles-d-vs-colorado/kxmlbgame-26apr202040ladcol-col,2026-04-28T00:40:00Z,2026-04-24T00:40:00Z,2026-04-24T00:40:00Z
pair-0323,Los Angeles Dodgers vs. Colorado Rockies,sports,1.0,0x020ad8971490c675affaa4ec3ecfc714bd6a9a8d89692655cdfceb9aad360a14,mlb-lad-col-2026-04-20,https://polymarket.com/market/mlb-lad-col-2026-04-20,,"[""Los Angeles Dodgers"", ""Colorado Rockies""]","[""69452758549268568440990055779314140270807081615362976541619862486495823499973"", ""28703779713506211856118295507465013912165656411126090738126182233106218660446""]",Los Angeles Dodgers,KXMLBGAME-26APR202040LADCOL-LAD,https://kalshi.com/markets/kxmlbgame-26apr202040ladcol/los-angeles-d-vs-colorado/kxmlbgame-26apr202040ladcol-lad,2026-04-28T00:40:00Z,2026-04-24T00:40:00Z,2026-04-24T00:40:00Z
pair-0324,Toronto Blue Jays vs. Los Angeles Angels,sports,1.0,0x1c4c0ceef8e1fc3d5456747ffcfeeec5aa8212261cdb39167f56f99114dfc5db,mlb-tor-laa-2026-04-20,https://polymarket.com/market/mlb-tor-laa-2026-04-20,,"[""Toronto Blue Jays"", ""Los Angeles Angels""]","[""11349588675924787595543391898627552577068458140959820433550645169161024512740"", ""26463504003200773479111218892803874365132752229737591857312895382975419218340""]",Toronto Blue Jays,KXMLBGAME-26APR202138TORLAA-TOR,https://kalshi.com/markets/kxmlbgame-26apr202138torlaa/toronto-vs-los-angeles-a/kxmlbgame-26apr202138torlaa-tor,2026-04-28T01:38:00Z,2026-04-24T01:38:00Z,2026-04-24T01:38:00Z
pair-0325,Toronto Blue Jays vs. Los Angeles Angels,sports,1.0,0x1c4c0ceef8e1fc3d5456747ffcfeeec5aa8212261cdb39167f56f99114dfc5db,mlb-tor-laa-2026-04-20,https://polymarket.com/market/mlb-tor-laa-2026-04-20,,"[""Toronto Blue Jays"", ""Los Angeles Angels""]","[""11349588675924787595543391898627552577068458140959820433550645169161024512740"", ""26463504003200773479111218892803874365132752229737591857312895382975419218340""]",Los Angeles Angels,KXMLBGAME-26APR202138TORLAA-LAA,https://kalshi.com/markets/kxmlbgame-26apr202138torlaa/toronto-vs-los-angeles-a/kxmlbgame-26apr202138torlaa-laa,2026-04-28T01:38:00Z,2026-04-24T01:38:00Z,2026-04-24T01:38:00Z
pair-0326,Toronto Blue Jays vs. Los Angeles Angels,sports,1.0,0x1c4c0ceef8e1fc3d5456747ffcfeeec5aa8212261cdb39167f56f99114dfc5db,mlb-tor-laa-2026-04-20,https://polymarket.com/market/mlb-tor-laa-2026-04-20,,"[""Toronto Blue Jays"", ""Los Angeles Angels""]","[""11349588675924787595543391898627552577068458140959820433550645169161024512740"", ""26463504003200773479111218892803874365132752229737591857312895382975419218340""]",Toronto Blue Jays,KXMLBGAME-26APR202138TORLAA-TOR,https://kalshi.com/markets/kxmlbgame-26apr202138torlaa/toronto-vs-los-angeles-a/kxmlbgame-26apr202138torlaa-tor,2026-04-28T01:38:00Z,2026-04-24T01:38:00Z,2026-04-24T01:38:00Z
pair-0327,Toronto Blue Jays vs. Los Angeles Angels,sports,1.0,0x1c4c0ceef8e1fc3d5456747ffcfeeec5aa8212261cdb39167f56f99114dfc5db,mlb-tor-laa-2026-04-20,https://polymarket.com/market/mlb-tor-laa-2026-04-20,,"[""Toronto Blue Jays"", ""Los Angeles Angels""]","[""11349588675924787595543391898627552577068458140959820433550645169161024512740"", ""26463504003200773479111218892803874365132752229737591857312895382975419218340""]",Los Angeles Angels,KXMLBGAME-26APR202138TORLAA-LAA,https://kalshi.com/markets/kxmlbgame-26apr202138torlaa/toronto-vs-los-angeles-a/kxmlbgame-26apr202138torlaa-laa,2026-04-28T01:38:00Z,2026-04-24T01:38:00Z,2026-04-24T01:38:00Z
pair-0328,Toronto Blue Jays vs. Los Angeles Angels,sports,1.0,0x2e1c057c6edd415f03f11c532fcafa0315a8b00134cf2f354614b278a014765e,mlb-tor-laa-2026-04-21,https://polymarket.com/market/mlb-tor-laa-2026-04-21,,"[""Toronto Blue Jays"", ""Los Angeles Angels""]","[""113501856268993790864446084940301003770841820076917567208559447382526087678885"", ""94458847679104592019339346860196089976802959830465703821503287952618886047065""]",Los Angeles Angels,KXMLBGAME-26APR212138TORLAA-LAA,https://kalshi.com/markets/kxmlbgame-26apr212138torlaa/toronto-vs-los-angeles-a/kxmlbgame-26apr212138torlaa-laa,2026-04-29T01:38:00Z,2026-04-25T01:38:00Z,2026-04-25T01:38:00Z
pair-0329,Toronto Blue Jays vs. Los Angeles Angels,sports,1.0,0x2e1c057c6edd415f03f11c532fcafa0315a8b00134cf2f354614b278a014765e,mlb-tor-laa-2026-04-21,https://polymarket.com/market/mlb-tor-laa-2026-04-21,,"[""Toronto Blue Jays"", ""Los Angeles Angels""]","[""113501856268993790864446084940301003770841820076917567208559447382526087678885"", ""94458847679104592019339346860196089976802959830465703821503287952618886047065""]",Toronto Blue Jays,KXMLBGAME-26APR212138TORLAA-TOR,https://kalshi.com/markets/kxmlbgame-26apr212138torlaa/toronto-vs-los-angeles-a/kxmlbgame-26apr212138torlaa-tor,2026-04-29T01:38:00Z,2026-04-25T01:38:00Z,2026-04-25T01:38:00Z
pair-0330,Toronto Blue Jays vs. Los Angeles Angels,sports,1.0,0x2e1c057c6edd415f03f11c532fcafa0315a8b00134cf2f354614b278a014765e,mlb-tor-laa-2026-04-21,https://polymarket.com/market/mlb-tor-laa-2026-04-21,,"[""Toronto Blue Jays"", ""Los Angeles Angels""]","[""113501856268993790864446084940301003770841820076917567208559447382526087678885"", ""94458847679104592019339346860196089976802959830465703821503287952618886047065""]",Los Angeles Angels,KXMLBGAME-26APR212138TORLAA-LAA,https://kalshi.com/markets/kxmlbgame-26apr212138torlaa/toronto-vs-los-angeles-a/kxmlbgame-26apr212138torlaa-laa,2026-04-29T01:38:00Z,2026-04-25T01:38:00Z,2026-04-25T01:38:00Z
pair-0331,Toronto Blue Jays vs. Los Angeles Angels,sports,1.0,0x2e1c057c6edd415f03f11c532fcafa0315a8b00134cf2f354614b278a014765e,mlb-tor-laa-2026-04-21,https://polymarket.com/market/mlb-tor-laa-2026-04-21,,"[""Toronto Blue Jays"", ""Los Angeles Angels""]","[""113501856268993790864446084940301003770841820076917567208559447382526087678885"", ""94458847679104592019339346860196089976802959830465703821503287952618886047065""]",Toronto Blue Jays,KXMLBGAME-26APR212138TORLAA-TOR,https://kalshi.com/markets/kxmlbgame-26apr212138torlaa/toronto-vs-los-angeles-a/kxmlbgame-26apr212138torlaa-tor,2026-04-29T01:38:00Z,2026-04-25T01:38:00Z,2026-04-25T01:38:00Z
pair-0332,Athletics vs. Seattle Mariners,sports,1.0,0xa7c4efafe9e85c1cebfbd2299dfa5b191f0ef95e132c5249616f337cd4656d4a,mlb-oak-sea-2026-04-20,https://polymarket.com/market/mlb-oak-sea-2026-04-20,,"[""Athletics"", ""Seattle Mariners""]","[""80528760276620113110708388889534702397370529802633396641685581315447134376776"", ""7709607470332483120241652237215034189498422952984310416051800555189484482918""]",Seattle Mariners,KXMLBGAME-26APR202140ATHSEA-SEA,https://kalshi.com/markets/kxmlbgame-26apr202140athsea/a-s-vs-seattle/kxmlbgame-26apr202140athsea-sea,2026-04-28T01:40:00Z,2026-04-24T01:40:00Z,2026-04-24T01:40:00Z
pair-0333,Athletics vs. Seattle Mariners,sports,1.0,0xa7c4efafe9e85c1cebfbd2299dfa5b191f0ef95e132c5249616f337cd4656d4a,mlb-oak-sea-2026-04-20,https://polymarket.com/market/mlb-oak-sea-2026-04-20,,"[""Athletics"", ""Seattle Mariners""]","[""80528760276620113110708388889534702397370529802633396641685581315447134376776"", ""7709607470332483120241652237215034189498422952984310416051800555189484482918""]",Seattle Mariners,KXMLBGAME-26APR202140ATHSEA-SEA,https://kalshi.com/markets/kxmlbgame-26apr202140athsea/a-s-vs-seattle/kxmlbgame-26apr202140athsea-sea,2026-04-28T01:40:00Z,2026-04-24T01:40:00Z,2026-04-24T01:40:00Z
pair-0334,Athletics vs. Seattle Mariners,sports,1.0,0xde71439ebda5ca0835ba965557784983e09db6631df5f092868aa128c1717eee,mlb-oak-sea-2026-04-21,https://polymarket.com/market/mlb-oak-sea-2026-04-21,,"[""Athletics"", ""Seattle Mariners""]","[""89990872529581260365094616161968468972213616069785043793762587616288390441203"", ""68053451334990011197603629872544483447954004844521109710911242937042882125143""]",Seattle Mariners,KXMLBGAME-26APR212140ATHSEA-SEA,https://kalshi.com/markets/kxmlbgame-26apr212140athsea/a-s-vs-seattle/kxmlbgame-26apr212140athsea-sea,2026-04-29T01:40:00Z,2026-04-25T01:40:00Z,2026-04-25T01:40:00Z
pair-0335,Athletics vs. Seattle Mariners,sports,1.0,0xde71439ebda5ca0835ba965557784983e09db6631df5f092868aa128c1717eee,mlb-oak-sea-2026-04-21,https://polymarket.com/market/mlb-oak-sea-2026-04-21,,"[""Athletics"", ""Seattle Mariners""]","[""89990872529581260365094616161968468972213616069785043793762587616288390441203"", ""68053451334990011197603629872544483447954004844521109710911242937042882125143""]",Seattle Mariners,KXMLBGAME-26APR212140ATHSEA-SEA,https://kalshi.com/markets/kxmlbgame-26apr212140athsea/a-s-vs-seattle/kxmlbgame-26apr212140athsea-sea,2026-04-29T01:40:00Z,2026-04-25T01:40:00Z,2026-04-25T01:40:00Z
pair-0336,LoL: LYON vs FlyQuest (BO3) - Esports World Cup North America Qualifier Playoffs,sports,1.0,0xd71b9362375fcab6786e980e1378739e1f1e6f507b7a175df16d732147a06da8,lol-ly-fly-2026-04-21,https://polymarket.com/market/lol-ly-fly-2026-04-21,,"[""LYON"", ""FlyQuest""]","[""74114672179998500320383431158041454133569760333724503069423203662582019230121"", ""74389360524272980846175101605670661455775874819253483472436651510661245774937""]",FlyQuest,KXLOLGAME-26APR211400FLYLY-FLY,https://kalshi.com/markets/kxlolgame-26apr211400flyly/flyquest-vs-lyon/kxlolgame-26apr211400flyly-fly,2026-04-22T00:00:00Z,2026-05-05T18:00:00Z,2026-05-05T18:00:00Z
pair-0337,LoL: LYON vs FlyQuest (BO3) - Esports World Cup North America Qualifier Playoffs,sports,1.0,0xd71b9362375fcab6786e980e1378739e1f1e6f507b7a175df16d732147a06da8,lol-ly-fly-2026-04-21,https://polymarket.com/market/lol-ly-fly-2026-04-21,,"[""LYON"", ""FlyQuest""]","[""74114672179998500320383431158041454133569760333724503069423203662582019230121"", ""74389360524272980846175101605670661455775874819253483472436651510661245774937""]",LYON,KXLOLGAME-26APR211400FLYLY-LY,https://kalshi.com/markets/kxlolgame-26apr211400flyly/flyquest-vs-lyon/kxlolgame-26apr211400flyly-ly,2026-04-22T00:00:00Z,2026-05-05T18:00:00Z,2026-05-05T18:00:00Z
pair-0338,LoL: LYON vs FlyQuest (BO3) - Esports World Cup North America Qualifier Playoffs,sports,1.0,0xd71b9362375fcab6786e980e1378739e1f1e6f507b7a175df16d732147a06da8,lol-ly-fly-2026-04-21,https://polymarket.com/market/lol-ly-fly-2026-04-21,,"[""LYON"", ""FlyQuest""]","[""74114672179998500320383431158041454133569760333724503069423203662582019230121"", ""74389360524272980846175101605670661455775874819253483472436651510661245774937""]",FlyQuest,KXLOLGAME-26APR211400FLYLY-FLY,https://kalshi.com/markets/kxlolgame-26apr211400flyly/flyquest-vs-lyon/kxlolgame-26apr211400flyly-fly,2026-04-22T00:00:00Z,2026-05-05T18:00:00Z,2026-05-05T18:00:00Z
pair-0339,LoL: LYON vs FlyQuest (BO3) - Esports World Cup North America Qualifier Playoffs,sports,1.0,0xd71b9362375fcab6786e980e1378739e1f1e6f507b7a175df16d732147a06da8,lol-ly-fly-2026-04-21,https://polymarket.com/market/lol-ly-fly-2026-04-21,,"[""LYON"", ""FlyQuest""]","[""74114672179998500320383431158041454133569760333724503069423203662582019230121"", ""74389360524272980846175101605670661455775874819253483472436651510661245774937""]",LYON,KXLOLGAME-26APR211400FLYLY-LY,https://kalshi.com/markets/kxlolgame-26apr211400flyly/flyquest-vs-lyon/kxlolgame-26apr211400flyly-ly,2026-04-22T00:00:00Z,2026-05-05T18:00:00Z,2026-05-05T18:00:00Z
pair-0340,KBO: SSG Landers vs. Samsung Lions,sports,1.0,0xd49d4c08064e273c3a1be45936ac1096eb5d4ca8d417fa5bf37186528be42861,kbo-ssg-sam-2026-04-21,https://polymarket.com/market/kbo-ssg-sam-2026-04-21,,"[""SSG Landers"", ""Samsung Lions""]","[""34420775723838611145457689716406840651653216928347548078891849845040408623400"", ""32041620969275649465588584864363966529268765331977405069656211918130501975077""]",Samsung Lions,KXKBOGAME-26APR210530SSGSAM-SAM,https://kalshi.com/markets/kxkbogame-26apr210530ssgsam/ssg-landers-vs-samsung-lions/kxkbogame-26apr210530ssgsam-sam,2026-04-28T09:30:00Z,2026-04-24T09:30:00Z,2026-04-24T09:30:00Z
pair-0341,KBO: SSG Landers vs. Samsung Lions,sports,1.0,0xd49d4c08064e273c3a1be45936ac1096eb5d4ca8d417fa5bf37186528be42861,kbo-ssg-sam-2026-04-21,https://polymarket.com/market/kbo-ssg-sam-2026-04-21,,"[""SSG Landers"", ""Samsung Lions""]","[""34420775723838611145457689716406840651653216928347548078891849845040408623400"", ""32041620969275649465588584864363966529268765331977405069656211918130501975077""]",SSG Landers,KXKBOGAME-26APR210530SSGSAM-SSG,https://kalshi.com/markets/kxkbogame-26apr210530ssgsam/ssg-landers-vs-samsung-lions/kxkbogame-26apr210530ssgsam-ssg,2026-04-28T09:30:00Z,2026-04-24T09:30:00Z,2026-04-24T09:30:00Z
pair-0342,KBO: SSG Landers vs. Samsung Lions,sports,1.0,0xd49d4c08064e273c3a1be45936ac1096eb5d4ca8d417fa5bf37186528be42861,kbo-ssg-sam-2026-04-21,https://polymarket.com/market/kbo-ssg-sam-2026-04-21,,"[""SSG Landers"", ""Samsung Lions""]","[""34420775723838611145457689716406840651653216928347548078891849845040408623400"", ""32041620969275649465588584864363966529268765331977405069656211918130501975077""]",Samsung Lions,KXKBOGAME-26APR210530SSGSAM-SAM,https://kalshi.com/markets/kxkbogame-26apr210530ssgsam/ssg-landers-vs-samsung-lions/kxkbogame-26apr210530ssgsam-sam,2026-04-28T09:30:00Z,2026-04-24T09:30:00Z,2026-04-24T09:30:00Z
pair-0343,KBO: SSG Landers vs. Samsung Lions,sports,1.0,0xd49d4c08064e273c3a1be45936ac1096eb5d4ca8d417fa5bf37186528be42861,kbo-ssg-sam-2026-04-21,https://polymarket.com/market/kbo-ssg-sam-2026-04-21,,"[""SSG Landers"", ""Samsung Lions""]","[""34420775723838611145457689716406840651653216928347548078891849845040408623400"", ""32041620969275649465588584864363966529268765331977405069656211918130501975077""]",SSG Landers,KXKBOGAME-26APR210530SSGSAM-SSG,https://kalshi.com/markets/kxkbogame-26apr210530ssgsam/ssg-landers-vs-samsung-lions/kxkbogame-26apr210530ssgsam-ssg,2026-04-28T09:30:00Z,2026-04-24T09:30:00Z,2026-04-24T09:30:00Z
pair-0344,KBO: Kia Tigers vs. KT Wiz,sports,1.0,0xece697efbd2a9de3049a56d791811fa16d4af677bc6a09c018be29e7e19bdeab,kbo-kia-kt-2026-04-21,https://polymarket.com/market/kbo-kia-kt-2026-04-21,,"[""Kia Tigers"", ""KT Wiz""]","[""106973244980730438676604973606280735997371460998173090727865192005810364118298"", ""33511228759408913889444570271416271491082371224130907729810547493013278315996""]",Kia Tigers,KXKBOGAME-26APR210530KIAKTW-KIA,https://kalshi.com/markets/kxkbogame-26apr210530kiaktw/kia-tigers-vs-kt-wiz/kxkbogame-26apr210530kiaktw-kia,2026-04-28T09:30:00Z,2026-04-24T09:30:00Z,2026-04-24T09:30:00Z
pair-0345,KBO: Kia Tigers vs. KT Wiz,sports,1.0,0xece697efbd2a9de3049a56d791811fa16d4af677bc6a09c018be29e7e19bdeab,kbo-kia-kt-2026-04-21,https://polymarket.com/market/kbo-kia-kt-2026-04-21,,"[""Kia Tigers"", ""KT Wiz""]","[""106973244980730438676604973606280735997371460998173090727865192005810364118298"", ""33511228759408913889444570271416271491082371224130907729810547493013278315996""]",KT Wiz,KXKBOGAME-26APR210530KIAKTW-KTW,https://kalshi.com/markets/kxkbogame-26apr210530kiaktw/kia-tigers-vs-kt-wiz/kxkbogame-26apr210530kiaktw-ktw,2026-04-28T09:30:00Z,2026-04-24T09:30:00Z,2026-04-24T09:30:00Z
pair-0346,KBO: Kia Tigers vs. KT Wiz,sports,1.0,0xece697efbd2a9de3049a56d791811fa16d4af677bc6a09c018be29e7e19bdeab,kbo-kia-kt-2026-04-21,https://polymarket.com/market/kbo-kia-kt-2026-04-21,,"[""Kia Tigers"", ""KT Wiz""]","[""106973244980730438676604973606280735997371460998173090727865192005810364118298"", ""33511228759408913889444570271416271491082371224130907729810547493013278315996""]",Kia Tigers,KXKBOGAME-26APR210530KIAKTW-KIA,https://kalshi.com/markets/kxkbogame-26apr210530kiaktw/kia-tigers-vs-kt-wiz/kxkbogame-26apr210530kiaktw-kia,2026-04-28T09:30:00Z,2026-04-24T09:30:00Z,2026-04-24T09:30:00Z
pair-0347,KBO: Kia Tigers vs. KT Wiz,sports,1.0,0xece697efbd2a9de3049a56d791811fa16d4af677bc6a09c018be29e7e19bdeab,kbo-kia-kt-2026-04-21,https://polymarket.com/market/kbo-kia-kt-2026-04-21,,"[""Kia Tigers"", ""KT Wiz""]","[""106973244980730438676604973606280735997371460998173090727865192005810364118298"", ""33511228759408913889444570271416271491082371224130907729810547493013278315996""]",KT Wiz,KXKBOGAME-26APR210530KIAKTW-KTW,https://kalshi.com/markets/kxkbogame-26apr210530kiaktw/kia-tigers-vs-kt-wiz/kxkbogame-26apr210530kiaktw-ktw,2026-04-28T09:30:00Z,2026-04-24T09:30:00Z,2026-04-24T09:30:00Z
pair-0348,KBO: NC Dinos vs. Kiwoom Heroes,sports,1.0,0x499e65e3e7e193ab9bbb548b8c7f91fd6dff6c3affb0635770746bc6ffee03ea,kbo-nc-kiw-2026-04-21,https://polymarket.com/market/kbo-nc-kiw-2026-04-21,,"[""NC Dinos"", ""Kiwoom Heroes""]","[""47410683682610895541471656022539164490758365077977407553698320843363394583052"", ""43416201903481652883816442603546331951537322767766826909247083291318360101279""]",NC Dinos,KXKBOGAME-26APR210530NCDKIW-NCD,https://kalshi.com/markets/kxkbogame-26apr210530ncdkiw/nc-dinos-vs-kiwoom-heroes/kxkbogame-26apr210530ncdkiw-ncd,2026-04-28T09:30:00Z,2026-04-24T09:30:00Z,2026-04-24T09:30:00Z
pair-0349,KBO: NC Dinos vs. Kiwoom Heroes,sports,1.0,0x499e65e3e7e193ab9bbb548b8c7f91fd6dff6c3affb0635770746bc6ffee03ea,kbo-nc-kiw-2026-04-21,https://polymarket.com/market/kbo-nc-kiw-2026-04-21,,"[""NC Dinos"", ""Kiwoom Heroes""]","[""47410683682610895541471656022539164490758365077977407553698320843363394583052"", ""43416201903481652883816442603546331951537322767766826909247083291318360101279""]",Kiwoom Heroes,KXKBOGAME-26APR210530NCDKIW-KIW,https://kalshi.com/markets/kxkbogame-26apr210530ncdkiw/nc-dinos-vs-kiwoom-heroes/kxkbogame-26apr210530ncdkiw-kiw,2026-04-28T09:30:00Z,2026-04-24T09:30:00Z,2026-04-24T09:30:00Z
pair-0350,KBO: NC Dinos vs. Kiwoom Heroes,sports,1.0,0x499e65e3e7e193ab9bbb548b8c7f91fd6dff6c3affb0635770746bc6ffee03ea,kbo-nc-kiw-2026-04-21,https://polymarket.com/market/kbo-nc-kiw-2026-04-21,,"[""NC Dinos"", ""Kiwoom Heroes""]","[""47410683682610895541471656022539164490758365077977407553698320843363394583052"", ""43416201903481652883816442603546331951537322767766826909247083291318360101279""]",NC Dinos,KXKBOGAME-26APR210530NCDKIW-NCD,https://kalshi.com/markets/kxkbogame-26apr210530ncdkiw/nc-dinos-vs-kiwoom-heroes/kxkbogame-26apr210530ncdkiw-ncd,2026-04-28T09:30:00Z,2026-04-24T09:30:00Z,2026-04-24T09:30:00Z
pair-0351,KBO: NC Dinos vs. Kiwoom Heroes,sports,1.0,0x499e65e3e7e193ab9bbb548b8c7f91fd6dff6c3affb0635770746bc6ffee03ea,kbo-nc-kiw-2026-04-21,https://polymarket.com/market/kbo-nc-kiw-2026-04-21,,"[""NC Dinos"", ""Kiwoom Heroes""]","[""47410683682610895541471656022539164490758365077977407553698320843363394583052"", ""43416201903481652883816442603546331951537322767766826909247083291318360101279""]",Kiwoom Heroes,KXKBOGAME-26APR210530NCDKIW-KIW,https://kalshi.com/markets/kxkbogame-26apr210530ncdkiw/nc-dinos-vs-kiwoom-heroes/kxkbogame-26apr210530ncdkiw-kiw,2026-04-28T09:30:00Z,2026-04-24T09:30:00Z,2026-04-24T09:30:00Z
pair-0352,KBO: Doosan Bears vs. Lotte Giants,sports,1.0,0xf7d62978c374ce58f0aae7089e86d9dcc22ce2c772fedb298c88e395e039a8c4,kbo-doo-lot-2026-04-21,https://polymarket.com/market/kbo-doo-lot-2026-04-21,,"[""Doosan Bears"", ""Lotte Giants""]","[""99061601368771172066315227448173202352356835829617705131428462019487925173150"", ""101986460309345837442467453430818165094545451517695799677346578786479585148997""]",Doosan Bears,KXKBOGAME-26APR210530DOOLOT-DOO,https://kalshi.com/markets/kxkbogame-26apr210530doolot/doosan-bears-vs-lotte-giants/kxkbogame-26apr210530doolot-doo,2026-04-28T09:30:00Z,2026-04-24T09:30:00Z,2026-04-24T09:30:00Z
pair-0353,KBO: Doosan Bears vs. Lotte Giants,sports,1.0,0xf7d62978c374ce58f0aae7089e86d9dcc22ce2c772fedb298c88e395e039a8c4,kbo-doo-lot-2026-04-21,https://polymarket.com/market/kbo-doo-lot-2026-04-21,,"[""Doosan Bears"", ""Lotte Giants""]","[""99061601368771172066315227448173202352356835829617705131428462019487925173150"", ""101986460309345837442467453430818165094545451517695799677346578786479585148997""]",Lotte Giants,KXKBOGAME-26APR210530DOOLOT-LOT,https://kalshi.com/markets/kxkbogame-26apr210530doolot/doosan-bears-vs-lotte-giants/kxkbogame-26apr210530doolot-lot,2026-04-28T09:30:00Z,2026-04-24T09:30:00Z,2026-04-24T09:30:00Z
pair-0354,KBO: Doosan Bears vs. Lotte Giants,sports,1.0,0xf7d62978c374ce58f0aae7089e86d9dcc22ce2c772fedb298c88e395e039a8c4,kbo-doo-lot-2026-04-21,https://polymarket.com/market/kbo-doo-lot-2026-04-21,,"[""Doosan Bears"", ""Lotte Giants""]","[""99061601368771172066315227448173202352356835829617705131428462019487925173150"", ""101986460309345837442467453430818165094545451517695799677346578786479585148997""]",Doosan Bears,KXKBOGAME-26APR210530DOOLOT-DOO,https://kalshi.com/markets/kxkbogame-26apr210530doolot/doosan-bears-vs-lotte-giants/kxkbogame-26apr210530doolot-doo,2026-04-28T09:30:00Z,2026-04-24T09:30:00Z,2026-04-24T09:30:00Z
pair-0355,KBO: Doosan Bears vs. Lotte Giants,sports,1.0,0xf7d62978c374ce58f0aae7089e86d9dcc22ce2c772fedb298c88e395e039a8c4,kbo-doo-lot-2026-04-21,https://polymarket.com/market/kbo-doo-lot-2026-04-21,,"[""Doosan Bears"", ""Lotte Giants""]","[""99061601368771172066315227448173202352356835829617705131428462019487925173150"", ""101986460309345837442467453430818165094545451517695799677346578786479585148997""]",Lotte Giants,KXKBOGAME-26APR210530DOOLOT-LOT,https://kalshi.com/markets/kxkbogame-26apr210530doolot/doosan-bears-vs-lotte-giants/kxkbogame-26apr210530doolot-lot,2026-04-28T09:30:00Z,2026-04-24T09:30:00Z,2026-04-24T09:30:00Z
pair-0356,KBO: Hanwha Eagles vs. LG Twins,sports,1.0,0x0c4bdf3e970ad456f1c3de059ccbe270eab87f780d1b4542d965903f9bab5aa8,kbo-han-lg-2026-04-21,https://polymarket.com/market/kbo-han-lg-2026-04-21,,"[""Hanwha Eagles"", ""LG Twins""]","[""17042141968536953471594045180183988863192802281680503808930285171935092190089"", ""95616287885983721638164968737737136945478887120753204371810823534131527993358""]",Hanwha Eagles,KXKBOGAME-26APR210530HANLG-HAN,https://kalshi.com/markets/kxkbogame-26apr210530hanlg/hanwha-eagles-vs-lg-twins/kxkbogame-26apr210530hanlg-han,2026-04-28T09:30:00Z,2026-04-24T09:30:00Z,2026-04-24T09:30:00Z
pair-0357,KBO: Hanwha Eagles vs. LG Twins,sports,1.0,0x0c4bdf3e970ad456f1c3de059ccbe270eab87f780d1b4542d965903f9bab5aa8,kbo-han-lg-2026-04-21,https://polymarket.com/market/kbo-han-lg-2026-04-21,,"[""Hanwha Eagles"", ""LG Twins""]","[""17042141968536953471594045180183988863192802281680503808930285171935092190089"", ""95616287885983721638164968737737136945478887120753204371810823534131527993358""]",LG Twins,KXKBOGAME-26APR210530HANLG-LG,https://kalshi.com/markets/kxkbogame-26apr210530hanlg/hanwha-eagles-vs-lg-twins/kxkbogame-26apr210530hanlg-lg,2026-04-28T09:30:00Z,2026-04-24T09:30:00Z,2026-04-24T09:30:00Z
pair-0358,KBO: Hanwha Eagles vs. LG Twins,sports,1.0,0x0c4bdf3e970ad456f1c3de059ccbe270eab87f780d1b4542d965903f9bab5aa8,kbo-han-lg-2026-04-21,https://polymarket.com/market/kbo-han-lg-2026-04-21,,"[""Hanwha Eagles"", ""LG Twins""]","[""17042141968536953471594045180183988863192802281680503808930285171935092190089"", ""95616287885983721638164968737737136945478887120753204371810823534131527993358""]",Hanwha Eagles,KXKBOGAME-26APR210530HANLG-HAN,https://kalshi.com/markets/kxkbogame-26apr210530hanlg/hanwha-eagles-vs-lg-twins/kxkbogame-26apr210530hanlg-han,2026-04-28T09:30:00Z,2026-04-24T09:30:00Z,2026-04-24T09:30:00Z
pair-0359,KBO: Hanwha Eagles vs. LG Twins,sports,1.0,0x0c4bdf3e970ad456f1c3de059ccbe270eab87f780d1b4542d965903f9bab5aa8,kbo-han-lg-2026-04-21,https://polymarket.com/market/kbo-han-lg-2026-04-21,,"[""Hanwha Eagles"", ""LG Twins""]","[""17042141968536953471594045180183988863192802281680503808930285171935092190089"", ""95616287885983721638164968737737136945478887120753204371810823534131527993358""]",LG Twins,KXKBOGAME-26APR210530HANLG-LG,https://kalshi.com/markets/kxkbogame-26apr210530hanlg/hanwha-eagles-vs-lg-twins/kxkbogame-26apr210530hanlg-lg,2026-04-28T09:30:00Z,2026-04-24T09:30:00Z,2026-04-24T09:30:00Z
pair-0360,Milwaukee Brewers vs. Detroit Tigers,sports,1.0,0xef4c89ccc971304dd4fd623d87dff1dc1c932cb6ec7685660f6c63fb9d942309,mlb-mil-det-2026-04-21,https://polymarket.com/market/mlb-mil-det-2026-04-21,,"[""Milwaukee Brewers"", ""Detroit Tigers""]","[""2090758837659722307400682989367462784904572958425298623378361642526318328686"", ""109480316054573390486889717620086143441553050599145325806782417034924134752293""]",Detroit Tigers,KXMLBGAME-26APR211840MILDET-DET,https://kalshi.com/markets/kxmlbgame-26apr211840mildet/milwaukee-vs-detroit/kxmlbgame-26apr211840mildet-det,2026-04-28T22:40:00Z,2026-04-24T22:40:00Z,2026-04-24T22:40:00Z
pair-0361,Milwaukee Brewers vs. Detroit Tigers,sports,1.0,0xef4c89ccc971304dd4fd623d87dff1dc1c932cb6ec7685660f6c63fb9d942309,mlb-mil-det-2026-04-21,https://polymarket.com/market/mlb-mil-det-2026-04-21,,"[""Milwaukee Brewers"", ""Detroit Tigers""]","[""2090758837659722307400682989367462784904572958425298623378361642526318328686"", ""109480316054573390486889717620086143441553050599145325806782417034924134752293""]",Milwaukee Brewers,KXMLBGAME-26APR211840MILDET-MIL,https://kalshi.com/markets/kxmlbgame-26apr211840mildet/milwaukee-vs-detroit/kxmlbgame-26apr211840mildet-mil,2026-04-28T22:40:00Z,2026-04-24T22:40:00Z,2026-04-24T22:40:00Z
pair-0362,Milwaukee Brewers vs. Detroit Tigers,sports,1.0,0xef4c89ccc971304dd4fd623d87dff1dc1c932cb6ec7685660f6c63fb9d942309,mlb-mil-det-2026-04-21,https://polymarket.com/market/mlb-mil-det-2026-04-21,,"[""Milwaukee Brewers"", ""Detroit Tigers""]","[""2090758837659722307400682989367462784904572958425298623378361642526318328686"", ""109480316054573390486889717620086143441553050599145325806782417034924134752293""]",Detroit Tigers,KXMLBGAME-26APR211840MILDET-DET,https://kalshi.com/markets/kxmlbgame-26apr211840mildet/milwaukee-vs-detroit/kxmlbgame-26apr211840mildet-det,2026-04-28T22:40:00Z,2026-04-24T22:40:00Z,2026-04-24T22:40:00Z
pair-0363,Milwaukee Brewers vs. Detroit Tigers,sports,1.0,0xef4c89ccc971304dd4fd623d87dff1dc1c932cb6ec7685660f6c63fb9d942309,mlb-mil-det-2026-04-21,https://polymarket.com/market/mlb-mil-det-2026-04-21,,"[""Milwaukee Brewers"", ""Detroit Tigers""]","[""2090758837659722307400682989367462784904572958425298623378361642526318328686"", ""109480316054573390486889717620086143441553050599145325806782417034924134752293""]",Milwaukee Brewers,KXMLBGAME-26APR211840MILDET-MIL,https://kalshi.com/markets/kxmlbgame-26apr211840mildet/milwaukee-vs-detroit/kxmlbgame-26apr211840mildet-mil,2026-04-28T22:40:00Z,2026-04-24T22:40:00Z,2026-04-24T22:40:00Z
pair-0364,New York Yankees vs. Boston Red Sox,sports,1.0,0x51aea6a28a5e2cc78e3f502eced9912086d71c1be1c4f5e86ded783e9c610397,mlb-nyy-bos-2026-04-21,https://polymarket.com/market/mlb-nyy-bos-2026-04-21,,"[""New York Yankees"", ""Boston Red Sox""]","[""109140817480399527663873872751699167918097608788629581971077518293330164784829"", ""102905808399206126261468716180965787023274325589311862155803730800866637872568""]",Boston Red Sox,KXMLBGAME-26APR211845NYYBOS-BOS,https://kalshi.com/markets/kxmlbgame-26apr211845nyybos/new-york-y-vs-boston/kxmlbgame-26apr211845nyybos-bos,2026-04-28T22:45:00Z,2026-04-24T22:45:00Z,2026-04-24T22:45:00Z
pair-0365,New York Yankees vs. Boston Red Sox,sports,1.0,0x51aea6a28a5e2cc78e3f502eced9912086d71c1be1c4f5e86ded783e9c610397,mlb-nyy-bos-2026-04-21,https://polymarket.com/market/mlb-nyy-bos-2026-04-21,,"[""New York Yankees"", ""Boston Red Sox""]","[""109140817480399527663873872751699167918097608788629581971077518293330164784829"", ""102905808399206126261468716180965787023274325589311862155803730800866637872568""]",New York Yankees,KXMLBGAME-26APR211845NYYBOS-NYY,https://kalshi.com/markets/kxmlbgame-26apr211845nyybos/new-york-y-vs-boston/kxmlbgame-26apr211845nyybos-nyy,2026-04-28T22:45:00Z,2026-04-24T22:45:00Z,2026-04-24T22:45:00Z
pair-0366,New York Yankees vs. Boston Red Sox,sports,1.0,0x51aea6a28a5e2cc78e3f502eced9912086d71c1be1c4f5e86ded783e9c610397,mlb-nyy-bos-2026-04-21,https://polymarket.com/market/mlb-nyy-bos-2026-04-21,,"[""New York Yankees"", ""Boston Red Sox""]","[""109140817480399527663873872751699167918097608788629581971077518293330164784829"", ""102905808399206126261468716180965787023274325589311862155803730800866637872568""]",Boston Red Sox,KXMLBGAME-26APR211845NYYBOS-BOS,https://kalshi.com/markets/kxmlbgame-26apr211845nyybos/new-york-y-vs-boston/kxmlbgame-26apr211845nyybos-bos,2026-04-28T22:45:00Z,2026-04-24T22:45:00Z,2026-04-24T22:45:00Z
pair-0367,New York Yankees vs. Boston Red Sox,sports,1.0,0x51aea6a28a5e2cc78e3f502eced9912086d71c1be1c4f5e86ded783e9c610397,mlb-nyy-bos-2026-04-21,https://polymarket.com/market/mlb-nyy-bos-2026-04-21,,"[""New York Yankees"", ""Boston Red Sox""]","[""109140817480399527663873872751699167918097608788629581971077518293330164784829"", ""102905808399206126261468716180965787023274325589311862155803730800866637872568""]",New York Yankees,KXMLBGAME-26APR211845NYYBOS-NYY,https://kalshi.com/markets/kxmlbgame-26apr211845nyybos/new-york-y-vs-boston/kxmlbgame-26apr211845nyybos-nyy,2026-04-28T22:45:00Z,2026-04-24T22:45:00Z,2026-04-24T22:45:00Z
pair-0368,Minnesota Twins vs. New York Mets,sports,1.0,0x9efd4d8fe6ee5a3ba66e9c0ef1051da15c6e5c77bf4e467f8f2ac3ebd4a7e531,mlb-min-nym-2026-04-21,https://polymarket.com/market/mlb-min-nym-2026-04-21,,"[""Minnesota Twins"", ""New York Mets""]","[""101046401785567900328487380606839586440206993802871650127728866633784505208773"", ""85267782013567258187322340130777985180263583304213565486561342993219812172543""]",New York Mets,KXMLBGAME-26APR211910MINNYM-NYM,https://kalshi.com/markets/kxmlbgame-26apr211910minnym/minnesota-vs-new-york-m/kxmlbgame-26apr211910minnym-nym,2026-04-28T23:10:00Z,2026-04-24T23:10:00Z,2026-04-24T23:10:00Z
pair-0369,Minnesota Twins vs. New York Mets,sports,1.0,0x9efd4d8fe6ee5a3ba66e9c0ef1051da15c6e5c77bf4e467f8f2ac3ebd4a7e531,mlb-min-nym-2026-04-21,https://polymarket.com/market/mlb-min-nym-2026-04-21,,"[""Minnesota Twins"", ""New York Mets""]","[""101046401785567900328487380606839586440206993802871650127728866633784505208773"", ""85267782013567258187322340130777985180263583304213565486561342993219812172543""]",Minnesota Twins,KXMLBGAME-26APR211910MINNYM-MIN,https://kalshi.com/markets/kxmlbgame-26apr211910minnym/minnesota-vs-new-york-m/kxmlbgame-26apr211910minnym-min,2026-04-28T23:10:00Z,2026-04-24T23:10:00Z,2026-04-24T23:10:00Z
pair-0370,Minnesota Twins vs. New York Mets,sports,1.0,0x9efd4d8fe6ee5a3ba66e9c0ef1051da15c6e5c77bf4e467f8f2ac3ebd4a7e531,mlb-min-nym-2026-04-21,https://polymarket.com/market/mlb-min-nym-2026-04-21,,"[""Minnesota Twins"", ""New York Mets""]","[""101046401785567900328487380606839586440206993802871650127728866633784505208773"", ""85267782013567258187322340130777985180263583304213565486561342993219812172543""]",New York Mets,KXMLBGAME-26APR211910MINNYM-NYM,https://kalshi.com/markets/kxmlbgame-26apr211910minnym/minnesota-vs-new-york-m/kxmlbgame-26apr211910minnym-nym,2026-04-28T23:10:00Z,2026-04-24T23:10:00Z,2026-04-24T23:10:00Z
pair-0371,Minnesota Twins vs. New York Mets,sports,1.0,0x9efd4d8fe6ee5a3ba66e9c0ef1051da15c6e5c77bf4e467f8f2ac3ebd4a7e531,mlb-min-nym-2026-04-21,https://polymarket.com/market/mlb-min-nym-2026-04-21,,"[""Minnesota Twins"", ""New York Mets""]","[""101046401785567900328487380606839586440206993802871650127728866633784505208773"", ""85267782013567258187322340130777985180263583304213565486561342993219812172543""]",Minnesota Twins,KXMLBGAME-26APR211910MINNYM-MIN,https://kalshi.com/markets/kxmlbgame-26apr211910minnym/minnesota-vs-new-york-m/kxmlbgame-26apr211910minnym-min,2026-04-28T23:10:00Z,2026-04-24T23:10:00Z,2026-04-24T23:10:00Z
pair-0372,Pittsburgh Pirates vs. Texas Rangers,sports,1.0,0xfe371b00ba65ae47b7a64310d3010cdf83199dcfea3273e969d7c4d591639be6,mlb-pit-tex-2026-04-21,https://polymarket.com/market/mlb-pit-tex-2026-04-21,,"[""Pittsburgh Pirates"", ""Texas Rangers""]","[""112096852515557420841933666409349433417598662487777943651047812364863655419707"", ""69902587631568699115902287231828331218660502539086406934593775577741829646809""]",Pittsburgh Pirates,KXMLBGAME-26APR212005PITTEX-PIT,https://kalshi.com/markets/kxmlbgame-26apr212005pittex/pittsburgh-vs-texas/kxmlbgame-26apr212005pittex-pit,2026-04-29T00:05:00Z,2026-04-25T00:05:00Z,2026-04-25T00:05:00Z
pair-0373,Pittsburgh Pirates vs. Texas Rangers,sports,1.0,0xfe371b00ba65ae47b7a64310d3010cdf83199dcfea3273e969d7c4d591639be6,mlb-pit-tex-2026-04-21,https://polymarket.com/market/mlb-pit-tex-2026-04-21,,"[""Pittsburgh Pirates"", ""Texas Rangers""]","[""112096852515557420841933666409349433417598662487777943651047812364863655419707"", ""69902587631568699115902287231828331218660502539086406934593775577741829646809""]",Texas Rangers,KXMLBGAME-26APR212005PITTEX-TEX,https://kalshi.com/markets/kxmlbgame-26apr212005pittex/pittsburgh-vs-texas/kxmlbgame-26apr212005pittex-tex,2026-04-29T00:05:00Z,2026-04-25T00:05:00Z,2026-04-25T00:05:00Z
pair-0374,Pittsburgh Pirates vs. Texas Rangers,sports,1.0,0xfe371b00ba65ae47b7a64310d3010cdf83199dcfea3273e969d7c4d591639be6,mlb-pit-tex-2026-04-21,https://polymarket.com/market/mlb-pit-tex-2026-04-21,,"[""Pittsburgh Pirates"", ""Texas Rangers""]","[""112096852515557420841933666409349433417598662487777943651047812364863655419707"", ""69902587631568699115902287231828331218660502539086406934593775577741829646809""]",Pittsburgh Pirates,KXMLBGAME-26APR212005PITTEX-PIT,https://kalshi.com/markets/kxmlbgame-26apr212005pittex/pittsburgh-vs-texas/kxmlbgame-26apr212005pittex-pit,2026-04-29T00:05:00Z,2026-04-25T00:05:00Z,2026-04-25T00:05:00Z
pair-0375,Pittsburgh Pirates vs. Texas Rangers,sports,1.0,0xfe371b00ba65ae47b7a64310d3010cdf83199dcfea3273e969d7c4d591639be6,mlb-pit-tex-2026-04-21,https://polymarket.com/market/mlb-pit-tex-2026-04-21,,"[""Pittsburgh Pirates"", ""Texas Rangers""]","[""112096852515557420841933666409349433417598662487777943651047812364863655419707"", ""69902587631568699115902287231828331218660502539086406934593775577741829646809""]",Texas Rangers,KXMLBGAME-26APR212005PITTEX-TEX,https://kalshi.com/markets/kxmlbgame-26apr212005pittex/pittsburgh-vs-texas/kxmlbgame-26apr212005pittex-tex,2026-04-29T00:05:00Z,2026-04-25T00:05:00Z,2026-04-25T00:05:00Z
pair-0376,San Diego Padres vs. Colorado Rockies,sports,1.0,0x15590b1347c5bb8e0ab1c16450464425c48536b6fe158d41fc8eac1e702271bf,mlb-sd-col-2026-04-21,https://polymarket.com/market/mlb-sd-col-2026-04-21,,"[""San Diego Padres"", ""Colorado Rockies""]","[""86789477446029602852577518562847325362485165491798419259593057200519549797655"", ""70548141365883598587092306318396967945802837302557207481796355943953866046728""]",San Diego Padres,KXMLBGAME-26APR212040SDCOL-SD,https://kalshi.com/markets/kxmlbgame-26apr212040sdcol/san-diego-vs-colorado/kxmlbgame-26apr212040sdcol-sd,2026-04-29T00:40:00Z,2026-04-25T00:40:00Z,2026-04-25T00:40:00Z
pair-0377,San Diego Padres vs. Colorado Rockies,sports,1.0,0x15590b1347c5bb8e0ab1c16450464425c48536b6fe158d41fc8eac1e702271bf,mlb-sd-col-2026-04-21,https://polymarket.com/market/mlb-sd-col-2026-04-21,,"[""San Diego Padres"", ""Colorado Rockies""]","[""86789477446029602852577518562847325362485165491798419259593057200519549797655"", ""70548141365883598587092306318396967945802837302557207481796355943953866046728""]",Colorado Rockies,KXMLBGAME-26APR212040SDCOL-COL,https://kalshi.com/markets/kxmlbgame-26apr212040sdcol/san-diego-vs-colorado/kxmlbgame-26apr212040sdcol-col,2026-04-29T00:40:00Z,2026-04-25T00:40:00Z,2026-04-25T00:40:00Z
pair-0378,San Diego Padres vs. Colorado Rockies,sports,1.0,0x15590b1347c5bb8e0ab1c16450464425c48536b6fe158d41fc8eac1e702271bf,mlb-sd-col-2026-04-21,https://polymarket.com/market/mlb-sd-col-2026-04-21,,"[""San Diego Padres"", ""Colorado Rockies""]","[""86789477446029602852577518562847325362485165491798419259593057200519549797655"", ""70548141365883598587092306318396967945802837302557207481796355943953866046728""]",San Diego Padres,KXMLBGAME-26APR212040SDCOL-SD,https://kalshi.com/markets/kxmlbgame-26apr212040sdcol/san-diego-vs-colorado/kxmlbgame-26apr212040sdcol-sd,2026-04-29T00:40:00Z,2026-04-25T00:40:00Z,2026-04-25T00:40:00Z
pair-0379,San Diego Padres vs. Colorado Rockies,sports,1.0,0x15590b1347c5bb8e0ab1c16450464425c48536b6fe158d41fc8eac1e702271bf,mlb-sd-col-2026-04-21,https://polymarket.com/market/mlb-sd-col-2026-04-21,,"[""San Diego Padres"", ""Colorado Rockies""]","[""86789477446029602852577518562847325362485165491798419259593057200519549797655"", ""70548141365883598587092306318396967945802837302557207481796355943953866046728""]",Colorado Rockies,KXMLBGAME-26APR212040SDCOL-COL,https://kalshi.com/markets/kxmlbgame-26apr212040sdcol/san-diego-vs-colorado/kxmlbgame-26apr212040sdcol-col,2026-04-29T00:40:00Z,2026-04-25T00:40:00Z,2026-04-25T00:40:00Z
pair-0380,Chicago White Sox vs. Arizona Diamondbacks,sports,1.0,0x5c39036de93ed17335e4b6c91fa1ed44178728ec232bf21c2b4309221d2d4eed,mlb-cws-ari-2026-04-21,https://polymarket.com/market/mlb-cws-ari-2026-04-21,,"[""Chicago White Sox"", ""Arizona Diamondbacks""]","[""69735493182637393605902113772158514810766886828175653704307361465555271832304"", ""56665817353300872981085709879578823267506604961497651844587631677666767086161""]",Arizona Diamondbacks,KXMLBGAME-26APR212140CWSAZ-AZ,https://kalshi.com/markets/kxmlbgame-26apr212140cwsaz/chicago-ws-vs-arizona/kxmlbgame-26apr212140cwsaz-az,2026-04-29T01:40:00Z,2026-04-25T01:40:00Z,2026-04-25T01:40:00Z
pair-0381,Chicago White Sox vs. Arizona Diamondbacks,sports,1.0,0x5c39036de93ed17335e4b6c91fa1ed44178728ec232bf21c2b4309221d2d4eed,mlb-cws-ari-2026-04-21,https://polymarket.com/market/mlb-cws-ari-2026-04-21,,"[""Chicago White Sox"", ""Arizona Diamondbacks""]","[""69735493182637393605902113772158514810766886828175653704307361465555271832304"", ""56665817353300872981085709879578823267506604961497651844587631677666767086161""]",Arizona Diamondbacks,KXMLBGAME-26APR212140CWSAZ-AZ,https://kalshi.com/markets/kxmlbgame-26apr212140cwsaz/chicago-ws-vs-arizona/kxmlbgame-26apr212140cwsaz-az,2026-04-29T01:40:00Z,2026-04-25T01:40:00Z,2026-04-25T01:40:00Z
pair-0382,Los Angeles Dodgers vs. San Francisco Giants,sports,1.0,0x0b770fe2a8948862e4ef484d90b01a04c325efba840e15d6f0d4a7cc1e634315,mlb-lad-sf-2026-04-21,https://polymarket.com/market/mlb-lad-sf-2026-04-21,,"[""Los Angeles Dodgers"", ""San Francisco Giants""]","[""24574350789299289161945487998432730885766605989629000372133107734007784698509"", ""96660994939248044292423112034596495332089882521588116925168474678670251060399""]",San Francisco Giants,KXMLBGAME-26APR212145LADSF-SF,https://kalshi.com/markets/kxmlbgame-26apr212145ladsf/los-angeles-d-vs-san-francisco/kxmlbgame-26apr212145ladsf-sf,2026-04-29T01:45:00Z,2026-04-25T01:45:00Z,2026-04-25T01:45:00Z
pair-0383,Los Angeles Dodgers vs. San Francisco Giants,sports,1.0,0x0b770fe2a8948862e4ef484d90b01a04c325efba840e15d6f0d4a7cc1e634315,mlb-lad-sf-2026-04-21,https://polymarket.com/market/mlb-lad-sf-2026-04-21,,"[""Los Angeles Dodgers"", ""San Francisco Giants""]","[""24574350789299289161945487998432730885766605989629000372133107734007784698509"", ""96660994939248044292423112034596495332089882521588116925168474678670251060399""]",Los Angeles Dodgers,KXMLBGAME-26APR212145LADSF-LAD,https://kalshi.com/markets/kxmlbgame-26apr212145ladsf/los-angeles-d-vs-san-francisco/kxmlbgame-26apr212145ladsf-lad,2026-04-29T01:45:00Z,2026-04-25T01:45:00Z,2026-04-25T01:45:00Z
pair-0384,Los Angeles Dodgers vs. San Francisco Giants,sports,1.0,0x0b770fe2a8948862e4ef484d90b01a04c325efba840e15d6f0d4a7cc1e634315,mlb-lad-sf-2026-04-21,https://polymarket.com/market/mlb-lad-sf-2026-04-21,,"[""Los Angeles Dodgers"", ""San Francisco Giants""]","[""24574350789299289161945487998432730885766605989629000372133107734007784698509"", ""96660994939248044292423112034596495332089882521588116925168474678670251060399""]",San Francisco Giants,KXMLBGAME-26APR212145LADSF-SF,https://kalshi.com/markets/kxmlbgame-26apr212145ladsf/los-angeles-d-vs-san-francisco/kxmlbgame-26apr212145ladsf-sf,2026-04-29T01:45:00Z,2026-04-25T01:45:00Z,2026-04-25T01:45:00Z
pair-0385,Los Angeles Dodgers vs. San Francisco Giants,sports,1.0,0x0b770fe2a8948862e4ef484d90b01a04c325efba840e15d6f0d4a7cc1e634315,mlb-lad-sf-2026-04-21,https://polymarket.com/market/mlb-lad-sf-2026-04-21,,"[""Los Angeles Dodgers"", ""San Francisco Giants""]","[""24574350789299289161945487998432730885766605989629000372133107734007784698509"", ""96660994939248044292423112034596495332089882521588116925168474678670251060399""]",Los Angeles Dodgers,KXMLBGAME-26APR212145LADSF-LAD,https://kalshi.com/markets/kxmlbgame-26apr212145ladsf/los-angeles-d-vs-san-francisco/kxmlbgame-26apr212145ladsf-lad,2026-04-29T01:45:00Z,2026-04-25T01:45:00Z,2026-04-25T01:45:00Z
pair-0386,LoL: Cloud9 vs Sentinels (BO3) - Esports World Cup North America Qualifier Playoffs,sports,1.0,0x99efbae497418089c2021610cb18c2816f03bf2e3da72e5bf7a8ad7b317cbe1f,lol-c9-sen-2026-04-21,https://polymarket.com/market/lol-c9-sen-2026-04-21,,"[""Cloud9"", ""Sentinels""]","[""18063503233479846336540070664700825430444749252889065732711160587134480479686"", ""65797853143502458177149004552040886195222008049876818611575491655578180677777""]",Cloud9,KXLOLGAME-26APR211700SENC9-C9,https://kalshi.com/markets/kxlolgame-26apr211700senc9/sentinels-vs-cloud9/kxlolgame-26apr211700senc9-c9,2026-04-22T03:00:00Z,2026-05-05T21:00:00Z,2026-05-05T21:00:00Z
pair-0387,LoL: Cloud9 vs Sentinels (BO3) - Esports World Cup North America Qualifier Playoffs,sports,1.0,0x99efbae497418089c2021610cb18c2816f03bf2e3da72e5bf7a8ad7b317cbe1f,lol-c9-sen-2026-04-21,https://polymarket.com/market/lol-c9-sen-2026-04-21,,"[""Cloud9"", ""Sentinels""]","[""18063503233479846336540070664700825430444749252889065732711160587134480479686"", ""65797853143502458177149004552040886195222008049876818611575491655578180677777""]",Sentinels,KXLOLGAME-26APR211700SENC9-SEN,https://kalshi.com/markets/kxlolgame-26apr211700senc9/sentinels-vs-cloud9/kxlolgame-26apr211700senc9-sen,2026-04-22T03:00:00Z,2026-05-05T21:00:00Z,2026-05-05T21:00:00Z
pair-0388,LoL: Cloud9 vs Sentinels (BO3) - Esports World Cup North America Qualifier Playoffs,sports,1.0,0x99efbae497418089c2021610cb18c2816f03bf2e3da72e5bf7a8ad7b317cbe1f,lol-c9-sen-2026-04-21,https://polymarket.com/market/lol-c9-sen-2026-04-21,,"[""Cloud9"", ""Sentinels""]","[""18063503233479846336540070664700825430444749252889065732711160587134480479686"", ""65797853143502458177149004552040886195222008049876818611575491655578180677777""]",Cloud9,KXLOLGAME-26APR211700SENC9-C9,https://kalshi.com/markets/kxlolgame-26apr211700senc9/sentinels-vs-cloud9/kxlolgame-26apr211700senc9-c9,2026-04-22T03:00:00Z,2026-05-05T21:00:00Z,2026-05-05T21:00:00Z
pair-0389,LoL: Cloud9 vs Sentinels (BO3) - Esports World Cup North America Qualifier Playoffs,sports,1.0,0x99efbae497418089c2021610cb18c2816f03bf2e3da72e5bf7a8ad7b317cbe1f,lol-c9-sen-2026-04-21,https://polymarket.com/market/lol-c9-sen-2026-04-21,,"[""Cloud9"", ""Sentinels""]","[""18063503233479846336540070664700825430444749252889065732711160587134480479686"", ""65797853143502458177149004552040886195222008049876818611575491655578180677777""]",Sentinels,KXLOLGAME-26APR211700SENC9-SEN,https://kalshi.com/markets/kxlolgame-26apr211700senc9/sentinels-vs-cloud9/kxlolgame-26apr211700senc9-sen,2026-04-22T03:00:00Z,2026-05-05T21:00:00Z,2026-05-05T21:00:00Z
pair-0390,LoL: Hanwha Life Esports Challengers vs DN SOOPers Challengers (BO3) - LCK Challengers League Rounds 1-2,sports,1.0,0xeac3a2c3da7d9d186eedcc9d6bf210e4983ccec33b3ac28a6d14ed601223a062,lol-hle-dnsc-2026-04-21,https://polymarket.com/market/lol-hle-dnsc-2026-04-21,,"[""Hanwha Life Esports Challengers"", ""DN SOOPers Challengers""]","[""93812209623242465093414752094219688914753900621879748490893591420606882241018"", ""108146192418210075978166000717338215601402914902845194004713030968482034705819""]",DN SOOPers Challengers,KXLOLGAME-26APR210600DNSCHLE-DNSC,https://kalshi.com/markets/kxlolgame-26apr210600dnschle/dn-soopers-challengers-vs-hanwha-life-esports-challengers/kxlolgame-26apr210600dnschle-dnsc,2026-04-21T16:00:00Z,2026-05-05T10:00:00Z,2026-05-05T10:00:00Z
pair-0391,LoL: Hanwha Life Esports Challengers vs DN SOOPers Challengers (BO3) - LCK Challengers League Rounds 1-2,sports,1.0,0xeac3a2c3da7d9d186eedcc9d6bf210e4983ccec33b3ac28a6d14ed601223a062,lol-hle-dnsc-2026-04-21,https://polymarket.com/market/lol-hle-dnsc-2026-04-21,,"[""Hanwha Life Esports Challengers"", ""DN SOOPers Challengers""]","[""93812209623242465093414752094219688914753900621879748490893591420606882241018"", ""108146192418210075978166000717338215601402914902845194004713030968482034705819""]",Hanwha Life Esports Challengers,KXLOLGAME-26APR210600DNSCHLE-HLE,https://kalshi.com/markets/kxlolgame-26apr210600dnschle/dn-soopers-challengers-vs-hanwha-life-esports-challengers/kxlolgame-26apr210600dnschle-hle,2026-04-21T16:00:00Z,2026-05-05T10:00:00Z,2026-05-05T10:00:00Z
pair-0392,Gwangju: Sho Shimabukuro vs Ui-Sung Park,sports,1.0,0xa012dac2f0f2abf5d7a79d1b4716554d1dec71b717cbf4e501892e414ab56a0f,atp-shimabu-park-2026-04-19,https://polymarket.com/market/atp-shimabu-park-2026-04-19,,"[""Sho Shimabukuro"", ""Ui-Sung Park""]","[""23139376048992778787563175175660007200914091524965629934537798017660054593657"", ""43817309077637585466665100485916692623002013197651019235600543072675141108093""]",Sho Shimabukuro,KXATPCHALLENGERMATCH-26APR21SHIPAR-SHI,https://kalshi.com/markets/kxatpchallengermatch-26apr21shipar/shimabukuro-vs-park/kxatpchallengermatch-26apr21shipar-shi,2026-04-27T01:00:00Z,2026-05-05T04:20:00Z,2026-05-05T04:20:00Z
pair-0393,Gwangju: Sho Shimabukuro vs Ui-Sung Park,sports,1.0,0xa012dac2f0f2abf5d7a79d1b4716554d1dec71b717cbf4e501892e414ab56a0f,atp-shimabu-park-2026-04-19,https://polymarket.com/market/atp-shimabu-park-2026-04-19,,"[""Sho Shimabukuro"", ""Ui-Sung Park""]","[""23139376048992778787563175175660007200914091524965629934537798017660054593657"", ""43817309077637585466665100485916692623002013197651019235600543072675141108093""]",Sho Shimabukuro,KXATPCHALLENGERMATCH-26APR21SHIPAR-SHI,https://kalshi.com/markets/kxatpchallengermatch-26apr21shipar/shimabukuro-vs-park/kxatpchallengermatch-26apr21shipar-shi,2026-04-27T01:00:00Z,2026-05-05T04:20:00Z,2026-05-05T04:20:00Z
pair-0394,Gwangju: Pavel Kotov vs Mikhail Kukushkin,sports,1.0,0xd8522ac103da51d108f63a460a7de80386ae5b431a90853e4c59a96ee493f799,atp-kotov-kukushk-2026-04-19,https://polymarket.com/market/atp-kotov-kukushk-2026-04-19,,"[""Pavel Kotov"", ""Mikhail Kukushkin""]","[""4198838464712245111778705197947026042197163394730956826900657046538006657738"", ""30152947653737652706311699541860509721759992129612612129972853870496704763441""]",Pavel Kotov,KXATPCHALLENGERMATCH-26APR21KOTKUK-KOT,https://kalshi.com/markets/kxatpchallengermatch-26apr21kotkuk/kotov-vs-kukushkin/kxatpchallengermatch-26apr21kotkuk-kot,2026-04-27T01:00:00Z,2026-05-05T04:20:00Z,2026-05-05T04:20:00Z
pair-0395,Gwangju: Pavel Kotov vs Mikhail Kukushkin,sports,1.0,0xd8522ac103da51d108f63a460a7de80386ae5b431a90853e4c59a96ee493f799,atp-kotov-kukushk-2026-04-19,https://polymarket.com/market/atp-kotov-kukushk-2026-04-19,,"[""Pavel Kotov"", ""Mikhail Kukushkin""]","[""4198838464712245111778705197947026042197163394730956826900657046538006657738"", ""30152947653737652706311699541860509721759992129612612129972853870496704763441""]",Mikhail Kukushkin,KXATPCHALLENGERMATCH-26APR21KOTKUK-KUK,https://kalshi.com/markets/kxatpchallengermatch-26apr21kotkuk/kotov-vs-kukushkin/kxatpchallengermatch-26apr21kotkuk-kuk,2026-04-27T01:00:00Z,2026-05-05T04:20:00Z,2026-05-05T04:20:00Z
pair-0396,Gwangju: Pavel Kotov vs Mikhail Kukushkin,sports,1.0,0xd8522ac103da51d108f63a460a7de80386ae5b431a90853e4c59a96ee493f799,atp-kotov-kukushk-2026-04-19,https://polymarket.com/market/atp-kotov-kukushk-2026-04-19,,"[""Pavel Kotov"", ""Mikhail Kukushkin""]","[""4198838464712245111778705197947026042197163394730956826900657046538006657738"", ""30152947653737652706311699541860509721759992129612612129972853870496704763441""]",Pavel Kotov,KXATPCHALLENGERMATCH-26APR21KOTKUK-KOT,https://kalshi.com/markets/kxatpchallengermatch-26apr21kotkuk/kotov-vs-kukushkin/kxatpchallengermatch-26apr21kotkuk-kot,2026-04-27T01:00:00Z,2026-05-05T04:20:00Z,2026-05-05T04:20:00Z
pair-0397,Gwangju: Pavel Kotov vs Mikhail Kukushkin,sports,1.0,0xd8522ac103da51d108f63a460a7de80386ae5b431a90853e4c59a96ee493f799,atp-kotov-kukushk-2026-04-19,https://polymarket.com/market/atp-kotov-kukushk-2026-04-19,,"[""Pavel Kotov"", ""Mikhail Kukushkin""]","[""4198838464712245111778705197947026042197163394730956826900657046538006657738"", ""30152947653737652706311699541860509721759992129612612129972853870496704763441""]",Mikhail Kukushkin,KXATPCHALLENGERMATCH-26APR21KOTKUK-KUK,https://kalshi.com/markets/kxatpchallengermatch-26apr21kotkuk/kotov-vs-kukushkin/kxatpchallengermatch-26apr21kotkuk-kuk,2026-04-27T01:00:00Z,2026-05-05T04:20:00Z,2026-05-05T04:20:00Z
pair-0398,Rome: Enrico Dalla Valle vs Nikolas Sanchez Izquierdo,sports,1.0,0x9dbbea96d75087d1d3de5323b54fe4004a946dd93a62d16e547572033e2eb15e,atp-valle-izquier-2026-04-21,https://polymarket.com/market/atp-valle-izquier-2026-04-21,,"[""Enrico Dalla Valle"", ""Nikolas Sanchez Izquierdo""]","[""65706371871370948648504594144178751156287345204482230918511279609445548912564"", ""113674149381154689535272999284933554926942809454044694362010883254465863310144""]",Enrico Dalla Valle,KXATPCHALLENGERMATCH-26APR21DALSAI-DAL,https://kalshi.com/markets/kxatpchallengermatch-26apr21dalsai/dalla-valle-vs-sanchez-izquierdo/kxatpchallengermatch-26apr21dalsai-dal,2026-04-28T08:00:00Z,2026-05-05T08:00:00Z,2026-05-05T08:00:00Z
pair-0399,Rome: Enrico Dalla Valle vs Nikolas Sanchez Izquierdo,sports,1.0,0x9dbbea96d75087d1d3de5323b54fe4004a946dd93a62d16e547572033e2eb15e,atp-valle-izquier-2026-04-21,https://polymarket.com/market/atp-valle-izquier-2026-04-21,,"[""Enrico Dalla Valle"", ""Nikolas Sanchez Izquierdo""]","[""65706371871370948648504594144178751156287345204482230918511279609445548912564"", ""113674149381154689535272999284933554926942809454044694362010883254465863310144""]",Nikolas Sanchez Izquierdo,KXATPCHALLENGERMATCH-26APR21DALSAI-SAI,https://kalshi.com/markets/kxatpchallengermatch-26apr21dalsai/dalla-valle-vs-sanchez-izquierdo/kxatpchallengermatch-26apr21dalsai-sai,2026-04-28T08:00:00Z,2026-05-05T08:00:00Z,2026-05-05T08:00:00Z
pair-0400,Rome: Remy Bertola vs Filip Jianu,sports,1.0,0xa708745a2d85bb345286e02dee8cc49900f961b1b8d2cf9a79d523355249e0b4,atp-bertola-jianu-2026-04-21,https://polymarket.com/market/atp-bertola-jianu-2026-04-21,,"[""Remy Bertola"", ""Filip Jianu""]","[""87249880258901388972669961991238844891803569840441854629256187605639645142876"", ""80176737385598424302402512508072999805500345852503177342175139914952244685719""]",Remy Bertola,KXATPCHALLENGERMATCH-26APR21BERJIA-BER,https://kalshi.com/markets/kxatpchallengermatch-26apr21berjia/bertola-vs-jianu/kxatpchallengermatch-26apr21berjia-ber,2026-04-28T08:00:00Z,2026-05-05T08:00:00Z,2026-05-05T08:00:00Z
pair-0401,Rome: Remy Bertola vs Filip Jianu,sports,1.0,0xa708745a2d85bb345286e02dee8cc49900f961b1b8d2cf9a79d523355249e0b4,atp-bertola-jianu-2026-04-21,https://polymarket.com/market/atp-bertola-jianu-2026-04-21,,"[""Remy Bertola"", ""Filip Jianu""]","[""87249880258901388972669961991238844891803569840441854629256187605639645142876"", ""80176737385598424302402512508072999805500345852503177342175139914952244685719""]",Remy Bertola,KXATPCHALLENGERMATCH-26APR21BERJIA-BER,https://kalshi.com/markets/kxatpchallengermatch-26apr21berjia/bertola-vs-jianu/kxatpchallengermatch-26apr21berjia-ber,2026-04-28T08:00:00Z,2026-05-05T08:00:00Z,2026-05-05T08:00:00Z
pair-0402,Abidjan: Massimo Giunta vs Andrew Fenty,sports,1.0,0x88142152c5269f9a907cb5d22cee8cc38687c4a7fa4b6bff3befa7bf3043d7b7,atp-giunta-fenty-2026-04-21,https://polymarket.com/market/atp-giunta-fenty-2026-04-21,,"[""Massimo Giunta"", ""Andrew Fenty""]","[""110362911174687483709231989172346450174673559901583023974393284427651622287818"", ""16125886247511243783488743572055712959847671573091799504292328182148942438476""]",Massimo Giunta,KXATPCHALLENGERMATCH-26APR20GIUFEN-GIU,https://kalshi.com/markets/kxatpchallengermatch-26apr20giufen/giunta-vs-fenty/kxatpchallengermatch-26apr20giufen-giu,2026-04-28T10:00:00Z,2026-05-04T18:10:00Z,2026-05-04T18:10:00Z
pair-0403,Abidjan: Massimo Giunta vs Andrew Fenty,sports,1.0,0x88142152c5269f9a907cb5d22cee8cc38687c4a7fa4b6bff3befa7bf3043d7b7,atp-giunta-fenty-2026-04-21,https://polymarket.com/market/atp-giunta-fenty-2026-04-21,,"[""Massimo Giunta"", ""Andrew Fenty""]","[""110362911174687483709231989172346450174673559901583023974393284427651622287818"", ""16125886247511243783488743572055712959847671573091799504292328182148942438476""]",Andrew Fenty,KXATPCHALLENGERMATCH-26APR20GIUFEN-FEN,https://kalshi.com/markets/kxatpchallengermatch-26apr20giufen/giunta-vs-fenty/kxatpchallengermatch-26apr20giufen-fen,2026-04-28T10:00:00Z,2026-05-04T18:10:00Z,2026-05-04T18:10:00Z
pair-0404,Abidjan: Massimo Giunta vs Andrew Fenty,sports,1.0,0x88142152c5269f9a907cb5d22cee8cc38687c4a7fa4b6bff3befa7bf3043d7b7,atp-giunta-fenty-2026-04-21,https://polymarket.com/market/atp-giunta-fenty-2026-04-21,,"[""Massimo Giunta"", ""Andrew Fenty""]","[""110362911174687483709231989172346450174673559901583023974393284427651622287818"", ""16125886247511243783488743572055712959847671573091799504292328182148942438476""]",Massimo Giunta,KXATPCHALLENGERMATCH-26APR20GIUFEN-GIU,https://kalshi.com/markets/kxatpchallengermatch-26apr20giufen/giunta-vs-fenty/kxatpchallengermatch-26apr20giufen-giu,2026-04-28T10:00:00Z,2026-05-04T18:10:00Z,2026-05-04T18:10:00Z
pair-0405,Abidjan: Massimo Giunta vs Andrew Fenty,sports,1.0,0x88142152c5269f9a907cb5d22cee8cc38687c4a7fa4b6bff3befa7bf3043d7b7,atp-giunta-fenty-2026-04-21,https://polymarket.com/market/atp-giunta-fenty-2026-04-21,,"[""Massimo Giunta"", ""Andrew Fenty""]","[""110362911174687483709231989172346450174673559901583023974393284427651622287818"", ""16125886247511243783488743572055712959847671573091799504292328182148942438476""]",Andrew Fenty,KXATPCHALLENGERMATCH-26APR20GIUFEN-FEN,https://kalshi.com/markets/kxatpchallengermatch-26apr20giufen/giunta-vs-fenty/kxatpchallengermatch-26apr20giufen-fen,2026-04-28T10:00:00Z,2026-05-04T18:10:00Z,2026-05-04T18:10:00Z
pair-0406,Abidjan: Maxime Chazal vs Millen Hurrion,sports,1.0,0xc91f10c6831227d85bd869aa5c86bcc9e85d30824c0ef78ed9dd1994648e7259,atp-chazal-hurrion-2026-04-21,https://polymarket.com/market/atp-chazal-hurrion-2026-04-21,,"[""Maxime Chazal"", ""Millen Hurrion""]","[""14685577990738119402033333970418211392737012827765783735841345699679198897605"", ""59369866406088027862090422984710289846527848150254904244584205660050614627077""]",Millen Hurrion,KXATPCHALLENGERMATCH-26APR20CHAHUR-HUR,https://kalshi.com/markets/kxatpchallengermatch-26apr20chahur/chazal-vs-hurrion/kxatpchallengermatch-26apr20chahur-hur,2026-04-28T10:00:00Z,2026-05-04T19:20:00Z,2026-05-04T19:20:00Z
pair-0407,Abidjan: Maxime Chazal vs Millen Hurrion,sports,1.0,0xc91f10c6831227d85bd869aa5c86bcc9e85d30824c0ef78ed9dd1994648e7259,atp-chazal-hurrion-2026-04-21,https://polymarket.com/market/atp-chazal-hurrion-2026-04-21,,"[""Maxime Chazal"", ""Millen Hurrion""]","[""14685577990738119402033333970418211392737012827765783735841345699679198897605"", ""59369866406088027862090422984710289846527848150254904244584205660050614627077""]",Maxime Chazal,KXATPCHALLENGERMATCH-26APR20CHAHUR-CHA,https://kalshi.com/markets/kxatpchallengermatch-26apr20chahur/chazal-vs-hurrion/kxatpchallengermatch-26apr20chahur-cha,2026-04-28T10:00:00Z,2026-05-04T19:20:00Z,2026-05-04T19:20:00Z
pair-0408,Abidjan: Aziz Dougaz vs Paul Jubb,sports,1.0,0x6ee0227011592f18cd416db2aae3a885f640e8748971045c5b799bdd645d271d,atp-dougaz-jubb-2026-04-21,https://polymarket.com/market/atp-dougaz-jubb-2026-04-21,,"[""Aziz Dougaz"", ""Paul Jubb""]","[""78126294657830465292705551484003911761609647124966498551768598664242427566240"", ""100244156588621719717625544879240232115218037062024940446452806918891585635672""]",Aziz Dougaz,KXATPCHALLENGERMATCH-26APR20DOUJUB-DOU,https://kalshi.com/markets/kxatpchallengermatch-26apr20doujub/dougaz-vs-jubb/kxatpchallengermatch-26apr20doujub-dou,2026-04-28T10:00:00Z,2026-05-04T18:10:00Z,2026-05-04T18:10:00Z
pair-0409,Abidjan: Aziz Dougaz vs Paul Jubb,sports,1.0,0x6ee0227011592f18cd416db2aae3a885f640e8748971045c5b799bdd645d271d,atp-dougaz-jubb-2026-04-21,https://polymarket.com/market/atp-dougaz-jubb-2026-04-21,,"[""Aziz Dougaz"", ""Paul Jubb""]","[""78126294657830465292705551484003911761609647124966498551768598664242427566240"", ""100244156588621719717625544879240232115218037062024940446452806918891585635672""]",Paul Jubb,KXATPCHALLENGERMATCH-26APR20DOUJUB-JUB,https://kalshi.com/markets/kxatpchallengermatch-26apr20doujub/dougaz-vs-jubb/kxatpchallengermatch-26apr20doujub-jub,2026-04-28T10:00:00Z,2026-05-04T18:10:00Z,2026-05-04T18:10:00Z
pair-0410,Abidjan: Aziz Dougaz vs Paul Jubb,sports,1.0,0x6ee0227011592f18cd416db2aae3a885f640e8748971045c5b799bdd645d271d,atp-dougaz-jubb-2026-04-21,https://polymarket.com/market/atp-dougaz-jubb-2026-04-21,,"[""Aziz Dougaz"", ""Paul Jubb""]","[""78126294657830465292705551484003911761609647124966498551768598664242427566240"", ""100244156588621719717625544879240232115218037062024940446452806918891585635672""]",Aziz Dougaz,KXATPCHALLENGERMATCH-26APR20DOUJUB-DOU,https://kalshi.com/markets/kxatpchallengermatch-26apr20doujub/dougaz-vs-jubb/kxatpchallengermatch-26apr20doujub-dou,2026-04-28T10:00:00Z,2026-05-04T18:10:00Z,2026-05-04T18:10:00Z
pair-0411,Abidjan: Aziz Dougaz vs Paul Jubb,sports,1.0,0x6ee0227011592f18cd416db2aae3a885f640e8748971045c5b799bdd645d271d,atp-dougaz-jubb-2026-04-21,https://polymarket.com/market/atp-dougaz-jubb-2026-04-21,,"[""Aziz Dougaz"", ""Paul Jubb""]","[""78126294657830465292705551484003911761609647124966498551768598664242427566240"", ""100244156588621719717625544879240232115218037062024940446452806918891585635672""]",Paul Jubb,KXATPCHALLENGERMATCH-26APR20DOUJUB-JUB,https://kalshi.com/markets/kxatpchallengermatch-26apr20doujub/dougaz-vs-jubb/kxatpchallengermatch-26apr20doujub-jub,2026-04-28T10:00:00Z,2026-05-04T18:10:00Z,2026-05-04T18:10:00Z
pair-0412,Savannah: Liam Draxl vs Pedro Boscardin Dias,sports,1.0,0x1402d4720a7d3fcadf97fd1cbc4b3bb08d108841a167d8843e2be07ed40d8c7b,atp-draxl-dias-2026-04-20,https://polymarket.com/market/atp-draxl-dias-2026-04-20,,"[""Liam Draxl"", ""Pedro Boscardin Dias""]","[""39470119240096132839182743672336486636389424334236746570092239485805195618861"", ""6972599130177415658185332247555839695624959898515881405829536425050385192527""]",Liam Draxl,KXATPCHALLENGERMATCH-26APR20DRABOS-DRA,https://kalshi.com/markets/kxatpchallengermatch-26apr20drabos/draxl-vs-boscardin-dias/kxatpchallengermatch-26apr20drabos-dra,2026-04-27T14:00:00Z,2026-05-04T18:10:00Z,2026-05-04T18:10:00Z
pair-0413,Savannah: Liam Draxl vs Pedro Boscardin Dias,sports,1.0,0x1402d4720a7d3fcadf97fd1cbc4b3bb08d108841a167d8843e2be07ed40d8c7b,atp-draxl-dias-2026-04-20,https://polymarket.com/market/atp-draxl-dias-2026-04-20,,"[""Liam Draxl"", ""Pedro Boscardin Dias""]","[""39470119240096132839182743672336486636389424334236746570092239485805195618861"", ""6972599130177415658185332247555839695624959898515881405829536425050385192527""]",Pedro Boscardin Dias,KXATPCHALLENGERMATCH-26APR20DRABOS-BOS,https://kalshi.com/markets/kxatpchallengermatch-26apr20drabos/draxl-vs-boscardin-dias/kxatpchallengermatch-26apr20drabos-bos,2026-04-27T14:00:00Z,2026-05-04T18:10:00Z,2026-05-04T18:10:00Z
pair-0414,Savannah: Kei Nishikori vs Colton Smith,sports,1.0,0xd6f1dda8b62ca4cc1f56a5e041bd161a6c94d5c4e365c6be016c73a74290c972,atp-nishiko-smith-2026-04-20,https://polymarket.com/market/atp-nishiko-smith-2026-04-20,,"[""Kei Nishikori"", ""Colton Smith""]","[""48174699635869162778535802062392172201868462912708229203464512757219219770492"", ""59799379480586950210221994894780583819332729113598940648339835778243103303307""]",Kei Nishikori,KXATPCHALLENGERMATCH-26APR20NISSMI-NIS,https://kalshi.com/markets/kxatpchallengermatch-26apr20nissmi/nishikori-vs-smith/kxatpchallengermatch-26apr20nissmi-nis,2026-04-27T14:00:00Z,2026-05-04T21:30:00Z,2026-05-04T21:30:00Z
pair-0415,Savannah: Kei Nishikori vs Colton Smith,sports,1.0,0xd6f1dda8b62ca4cc1f56a5e041bd161a6c94d5c4e365c6be016c73a74290c972,atp-nishiko-smith-2026-04-20,https://polymarket.com/market/atp-nishiko-smith-2026-04-20,,"[""Kei Nishikori"", ""Colton Smith""]","[""48174699635869162778535802062392172201868462912708229203464512757219219770492"", ""59799379480586950210221994894780583819332729113598940648339835778243103303307""]",Colton Smith,KXATPCHALLENGERMATCH-26APR20NISSMI-SMI,https://kalshi.com/markets/kxatpchallengermatch-26apr20nissmi/nishikori-vs-smith/kxatpchallengermatch-26apr20nissmi-smi,2026-04-27T14:00:00Z,2026-05-04T21:30:00Z,2026-05-04T21:30:00Z
pair-0416,Savannah: Kei Nishikori vs Colton Smith,sports,1.0,0xd6f1dda8b62ca4cc1f56a5e041bd161a6c94d5c4e365c6be016c73a74290c972,atp-nishiko-smith-2026-04-20,https://polymarket.com/market/atp-nishiko-smith-2026-04-20,,"[""Kei Nishikori"", ""Colton Smith""]","[""48174699635869162778535802062392172201868462912708229203464512757219219770492"", ""59799379480586950210221994894780583819332729113598940648339835778243103303307""]",Kei Nishikori,KXATPCHALLENGERMATCH-26APR20NISSMI-NIS,https://kalshi.com/markets/kxatpchallengermatch-26apr20nissmi/nishikori-vs-smith/kxatpchallengermatch-26apr20nissmi-nis,2026-04-27T14:00:00Z,2026-05-04T21:30:00Z,2026-05-04T21:30:00Z
pair-0417,Savannah: Kei Nishikori vs Colton Smith,sports,1.0,0xd6f1dda8b62ca4cc1f56a5e041bd161a6c94d5c4e365c6be016c73a74290c972,atp-nishiko-smith-2026-04-20,https://polymarket.com/market/atp-nishiko-smith-2026-04-20,,"[""Kei Nishikori"", ""Colton Smith""]","[""48174699635869162778535802062392172201868462912708229203464512757219219770492"", ""59799379480586950210221994894780583819332729113598940648339835778243103303307""]",Colton Smith,KXATPCHALLENGERMATCH-26APR20NISSMI-SMI,https://kalshi.com/markets/kxatpchallengermatch-26apr20nissmi/nishikori-vs-smith/kxatpchallengermatch-26apr20nissmi-smi,2026-04-27T14:00:00Z,2026-05-04T21:30:00Z,2026-05-04T21:30:00Z
pair-0418,Savannah: Hynek Barton vs Daniel Galan,sports,1.0,0x4051020e4458f491a7c11d844197c3d1c226665bb785f939ee463a31a92aa001,atp-barton-galan-2026-04-20,https://polymarket.com/market/atp-barton-galan-2026-04-20,,"[""Hynek Barton"", ""Daniel Galan""]","[""77674168464616873759459592774469015576167048930945003417915378425947145070039"", ""3729009912855040329555839074763150046901296688096920892345806731374085703894""]",Hynek Barton,KXATPCHALLENGERMATCH-26APR20BARGAL-BAR,https://kalshi.com/markets/kxatpchallengermatch-26apr20bargal/barton-vs-galan/kxatpchallengermatch-26apr20bargal-bar,2026-04-27T14:00:00Z,2026-05-04T17:00:00Z,2026-05-04T17:00:00Z
pair-0419,Madrid Open: Peyton Stearns vs Lois Boisson,sports,1.0,0x45a8d22dfc99f4304ed0616266663f77c1a0f5438c9a75ca00f7b2d637284800,wta-stearns-boisson-2026-04-21,https://polymarket.com/market/wta-stearns-boisson-2026-04-21,,"[""Peyton Stearns"", ""Lois Boisson""]","[""11692310053923069798651854627955291354611434076889968465771681559354900240896"", ""98139341224603598022021197242050750375623882718314353625065447158389451550458""]",Peyton Stearns,KXWTAMATCH-26APR21STEBOI-STE,https://kalshi.com/markets/kxwtamatch-26apr21steboi/stearns-vs-boisson/kxwtamatch-26apr21steboi-ste,2026-04-28T09:00:00Z,2026-05-05T08:00:00Z,2026-05-05T08:00:00Z
pair-0420,Madrid Open: Peyton Stearns vs Lois Boisson,sports,1.0,0x45a8d22dfc99f4304ed0616266663f77c1a0f5438c9a75ca00f7b2d637284800,wta-stearns-boisson-2026-04-21,https://polymarket.com/market/wta-stearns-boisson-2026-04-21,,"[""Peyton Stearns"", ""Lois Boisson""]","[""11692310053923069798651854627955291354611434076889968465771681559354900240896"", ""98139341224603598022021197242050750375623882718314353625065447158389451550458""]",Lois Boisson,KXWTAMATCH-26APR21STEBOI-BOI,https://kalshi.com/markets/kxwtamatch-26apr21steboi/stearns-vs-boisson/kxwtamatch-26apr21steboi-boi,2026-04-28T09:00:00Z,2026-05-05T08:00:00Z,2026-05-05T08:00:00Z
pair-0421,Madrid Open: Anastasia Zakharova vs Camila Osorio,sports,1.0,0x05a5638a817341da7edce5402c91a9c845ac3689cd55dfd32af1c955497b0570,wta-zakharo-osorio-2026-04-21,https://polymarket.com/market/wta-zakharo-osorio-2026-04-21,,"[""Anastasia Zakharova"", ""Camila Osorio""]","[""41055175800301471823569273384793676736049814493509167731760953685532887066770"", ""53442413791892143496890486188421117297162780625890888599646366394528134344397""]",Anastasia Zakharova,KXWTAMATCH-26APR21ZAKOSO-ZAK,https://kalshi.com/markets/kxwtamatch-26apr21zakoso/zakharova-vs-osorio/kxwtamatch-26apr21zakoso-zak,2026-04-28T09:00:00Z,2026-05-05T08:00:00Z,2026-05-05T08:00:00Z
pair-0422,Madrid Open: Anastasia Zakharova vs Camila Osorio,sports,1.0,0x05a5638a817341da7edce5402c91a9c845ac3689cd55dfd32af1c955497b0570,wta-zakharo-osorio-2026-04-21,https://polymarket.com/market/wta-zakharo-osorio-2026-04-21,,"[""Anastasia Zakharova"", ""Camila Osorio""]","[""41055175800301471823569273384793676736049814493509167731760953685532887066770"", ""53442413791892143496890486188421117297162780625890888599646366394528134344397""]",Camila Osorio,KXWTAMATCH-26APR21ZAKOSO-OSO,https://kalshi.com/markets/kxwtamatch-26apr21zakoso/zakharova-vs-osorio/kxwtamatch-26apr21zakoso-oso,2026-04-28T09:00:00Z,2026-05-05T08:00:00Z,2026-05-05T08:00:00Z
pair-0423,Madrid Open: Anastasia Zakharova vs Camila Osorio,sports,1.0,0x05a5638a817341da7edce5402c91a9c845ac3689cd55dfd32af1c955497b0570,wta-zakharo-osorio-2026-04-21,https://polymarket.com/market/wta-zakharo-osorio-2026-04-21,,"[""Anastasia Zakharova"", ""Camila Osorio""]","[""41055175800301471823569273384793676736049814493509167731760953685532887066770"", ""53442413791892143496890486188421117297162780625890888599646366394528134344397""]",Anastasia Zakharova,KXWTAMATCH-26APR21ZAKOSO-ZAK,https://kalshi.com/markets/kxwtamatch-26apr21zakoso/zakharova-vs-osorio/kxwtamatch-26apr21zakoso-zak,2026-04-28T09:00:00Z,2026-05-05T08:00:00Z,2026-05-05T08:00:00Z
pair-0424,Madrid Open: Anastasia Zakharova vs Camila Osorio,sports,1.0,0x05a5638a817341da7edce5402c91a9c845ac3689cd55dfd32af1c955497b0570,wta-zakharo-osorio-2026-04-21,https://polymarket.com/market/wta-zakharo-osorio-2026-04-21,,"[""Anastasia Zakharova"", ""Camila Osorio""]","[""41055175800301471823569273384793676736049814493509167731760953685532887066770"", ""53442413791892143496890486188421117297162780625890888599646366394528134344397""]",Camila Osorio,KXWTAMATCH-26APR21ZAKOSO-OSO,https://kalshi.com/markets/kxwtamatch-26apr21zakoso/zakharova-vs-osorio/kxwtamatch-26apr21zakoso-oso,2026-04-28T09:00:00Z,2026-05-05T08:00:00Z,2026-05-05T08:00:00Z
pair-0425,Madrid Open: Petra Marcinko vs Victoria Jimenez Kasintseva,sports,1.0,0xc720428a227ced7c22ca108d09c033facb2a899d715a296d1cab57fc6aee60ed,wta-marcink-kasints-2026-04-21,https://polymarket.com/market/wta-marcink-kasints-2026-04-21,,"[""Petra Marcinko"", ""Victoria Jimenez Kasintseva""]","[""66769737072692132258196242205688347829685416168764403753258630819008402422501"", ""36175606245212111652872579740067724654900472542644529901586726488956124946632""]",Petra Marcinko,KXWTAMATCH-26APR21MARJIM-MAR,https://kalshi.com/markets/kxwtamatch-26apr21marjim/marcinko-vs-jimenez-kasintseva/kxwtamatch-26apr21marjim-mar,2026-04-28T09:00:00Z,2026-05-05T08:00:00Z,2026-05-05T08:00:00Z
pair-0426,Madrid Open: Petra Marcinko vs Victoria Jimenez Kasintseva,sports,1.0,0xc720428a227ced7c22ca108d09c033facb2a899d715a296d1cab57fc6aee60ed,wta-marcink-kasints-2026-04-21,https://polymarket.com/market/wta-marcink-kasints-2026-04-21,,"[""Petra Marcinko"", ""Victoria Jimenez Kasintseva""]","[""66769737072692132258196242205688347829685416168764403753258630819008402422501"", ""36175606245212111652872579740067724654900472542644529901586726488956124946632""]",Victoria Jimenez Kasintseva,KXWTAMATCH-26APR21MARJIM-JIM,https://kalshi.com/markets/kxwtamatch-26apr21marjim/marcinko-vs-jimenez-kasintseva/kxwtamatch-26apr21marjim-jim,2026-04-28T09:00:00Z,2026-05-05T08:00:00Z,2026-05-05T08:00:00Z
pair-0427,Madrid Open: Kaitlin Quevedo vs Venus Williams,sports,1.0,0x51007078c1f6dfb695aaedd6f2d251ca43ef117747d9525443fdae80953bc6a1,wta-quevedo-william-2026-04-21,https://polymarket.com/market/wta-quevedo-william-2026-04-21,,"[""Kaitlin Quevedo"", ""Venus Williams""]","[""13288432242727479634666844208011028495630727365864365420769884733354854053946"", ""37872776026039787325621902518872375136926915596192347341986294256209504042631""]",Kaitlin Quevedo,KXWTAMATCH-26APR21QUEWIL-QUE,https://kalshi.com/markets/kxwtamatch-26apr21quewil/quevedo-vs-williams/kxwtamatch-26apr21quewil-que,2026-04-28T09:00:00Z,2026-05-05T08:00:00Z,2026-05-05T08:00:00Z
pair-0428,Madrid Open: Kaitlin Quevedo vs Venus Williams,sports,1.0,0x51007078c1f6dfb695aaedd6f2d251ca43ef117747d9525443fdae80953bc6a1,wta-quevedo-william-2026-04-21,https://polymarket.com/market/wta-quevedo-william-2026-04-21,,"[""Kaitlin Quevedo"", ""Venus Williams""]","[""13288432242727479634666844208011028495630727365864365420769884733354854053946"", ""37872776026039787325621902518872375136926915596192347341986294256209504042631""]",Venus Williams,KXWTAMATCH-26APR21QUEWIL-WIL,https://kalshi.com/markets/kxwtamatch-26apr21quewil/quevedo-vs-williams/kxwtamatch-26apr21quewil-wil,2026-04-28T09:00:00Z,2026-05-05T08:00:00Z,2026-05-05T08:00:00Z
pair-0429,Madrid Open: Kaitlin Quevedo vs Venus Williams,sports,1.0,0x51007078c1f6dfb695aaedd6f2d251ca43ef117747d9525443fdae80953bc6a1,wta-quevedo-william-2026-04-21,https://polymarket.com/market/wta-quevedo-william-2026-04-21,,"[""Kaitlin Quevedo"", ""Venus Williams""]","[""13288432242727479634666844208011028495630727365864365420769884733354854053946"", ""37872776026039787325621902518872375136926915596192347341986294256209504042631""]",Kaitlin Quevedo,KXWTAMATCH-26APR21QUEWIL-QUE,https://kalshi.com/markets/kxwtamatch-26apr21quewil/quevedo-vs-williams/kxwtamatch-26apr21quewil-que,2026-04-28T09:00:00Z,2026-05-05T08:00:00Z,2026-05-05T08:00:00Z
pair-0430,Madrid Open: Kaitlin Quevedo vs Venus Williams,sports,1.0,0x51007078c1f6dfb695aaedd6f2d251ca43ef117747d9525443fdae80953bc6a1,wta-quevedo-william-2026-04-21,https://polymarket.com/market/wta-quevedo-william-2026-04-21,,"[""Kaitlin Quevedo"", ""Venus Williams""]","[""13288432242727479634666844208011028495630727365864365420769884733354854053946"", ""37872776026039787325621902518872375136926915596192347341986294256209504042631""]",Venus Williams,KXWTAMATCH-26APR21QUEWIL-WIL,https://kalshi.com/markets/kxwtamatch-26apr21quewil/quevedo-vs-williams/kxwtamatch-26apr21quewil-wil,2026-04-28T09:00:00Z,2026-05-05T08:00:00Z,2026-05-05T08:00:00Z
pair-0431,Madrid Open: Laura Siegemund vs Irina-Camelia Begu,sports,1.0,0x439c70540c0064a2539b3f920f90245f21bc6b24abc469cb709bedb6c9f972b3,wta-siegemu-begu-2026-04-21,https://polymarket.com/market/wta-siegemu-begu-2026-04-21,,"[""Laura Siegemund"", ""Irina-Camelia Begu""]","[""114144881774611448783862432903155390531292744865501584395854440417322293993090"", ""79309658894525678436671146104226669855138391026013951939760294718952321830453""]",Laura Siegemund,KXWTAMATCH-26APR21SIEBEG-SIE,https://kalshi.com/markets/kxwtamatch-26apr21siebeg/siegemund-vs-begu/kxwtamatch-26apr21siebeg-sie,2026-04-28T09:00:00Z,2026-05-05T08:00:00Z,2026-05-05T08:00:00Z
pair-0432,Madrid Open: Laura Siegemund vs Irina-Camelia Begu,sports,1.0,0x439c70540c0064a2539b3f920f90245f21bc6b24abc469cb709bedb6c9f972b3,wta-siegemu-begu-2026-04-21,https://polymarket.com/market/wta-siegemu-begu-2026-04-21,,"[""Laura Siegemund"", ""Irina-Camelia Begu""]","[""114144881774611448783862432903155390531292744865501584395854440417322293993090"", ""79309658894525678436671146104226669855138391026013951939760294718952321830453""]",Irina-Camelia Begu,KXWTAMATCH-26APR21SIEBEG-BEG,https://kalshi.com/markets/kxwtamatch-26apr21siebeg/siegemund-vs-begu/kxwtamatch-26apr21siebeg-beg,2026-04-28T09:00:00Z,2026-05-05T08:00:00Z,2026-05-05T08:00:00Z
pair-0433,Madrid Open: Laura Siegemund vs Irina-Camelia Begu,sports,1.0,0x439c70540c0064a2539b3f920f90245f21bc6b24abc469cb709bedb6c9f972b3,wta-siegemu-begu-2026-04-21,https://polymarket.com/market/wta-siegemu-begu-2026-04-21,,"[""Laura Siegemund"", ""Irina-Camelia Begu""]","[""114144881774611448783862432903155390531292744865501584395854440417322293993090"", ""79309658894525678436671146104226669855138391026013951939760294718952321830453""]",Laura Siegemund,KXWTAMATCH-26APR21SIEBEG-SIE,https://kalshi.com/markets/kxwtamatch-26apr21siebeg/siegemund-vs-begu/kxwtamatch-26apr21siebeg-sie,2026-04-28T09:00:00Z,2026-05-05T08:00:00Z,2026-05-05T08:00:00Z
pair-0434,Madrid Open: Laura Siegemund vs Irina-Camelia Begu,sports,1.0,0x439c70540c0064a2539b3f920f90245f21bc6b24abc469cb709bedb6c9f972b3,wta-siegemu-begu-2026-04-21,https://polymarket.com/market/wta-siegemu-begu-2026-04-21,,"[""Laura Siegemund"", ""Irina-Camelia Begu""]","[""114144881774611448783862432903155390531292744865501584395854440417322293993090"", ""79309658894525678436671146104226669855138391026013951939760294718952321830453""]",Irina-Camelia Begu,KXWTAMATCH-26APR21SIEBEG-BEG,https://kalshi.com/markets/kxwtamatch-26apr21siebeg/siegemund-vs-begu/kxwtamatch-26apr21siebeg-beg,2026-04-28T09:00:00Z,2026-05-05T08:00:00Z,2026-05-05T08:00:00Z
pair-0435,Madrid Open: Paula Badosa vs Julia Grabher,sports,1.0,0xa3fb400943cc97ce8fd2396f7186505064a67ce6aa8bf7def49a63df84dc6190,wta-badosa-grabher-2026-04-21,https://polymarket.com/market/wta-badosa-grabher-2026-04-21,,"[""Paula Badosa"", ""Julia Grabher""]","[""30464279321006492911152370648253985307654849854164036386301394071910599180139"", ""71179982728889037109874916123280820526124794410018682270563981164756232672322""]",Julia Grabher,KXWTAMATCH-26APR21BADGRA-GRA,https://kalshi.com/markets/kxwtamatch-26apr21badgra/badosa-vs-grabher/kxwtamatch-26apr21badgra-gra,2026-04-28T09:00:00Z,2026-05-05T08:00:00Z,2026-05-05T08:00:00Z
pair-0436,Madrid Open: Paula Badosa vs Julia Grabher,sports,1.0,0xa3fb400943cc97ce8fd2396f7186505064a67ce6aa8bf7def49a63df84dc6190,wta-badosa-grabher-2026-04-21,https://polymarket.com/market/wta-badosa-grabher-2026-04-21,,"[""Paula Badosa"", ""Julia Grabher""]","[""30464279321006492911152370648253985307654849854164036386301394071910599180139"", ""71179982728889037109874916123280820526124794410018682270563981164756232672322""]",Paula Badosa,KXWTAMATCH-26APR21BADGRA-BAD,https://kalshi.com/markets/kxwtamatch-26apr21badgra/badosa-vs-grabher/kxwtamatch-26apr21badgra-bad,2026-04-28T09:00:00Z,2026-05-05T08:00:00Z,2026-05-05T08:00:00Z
pair-0437,Madrid Open: Paula Badosa vs Julia Grabher,sports,1.0,0xa3fb400943cc97ce8fd2396f7186505064a67ce6aa8bf7def49a63df84dc6190,wta-badosa-grabher-2026-04-21,https://polymarket.com/market/wta-badosa-grabher-2026-04-21,,"[""Paula Badosa"", ""Julia Grabher""]","[""30464279321006492911152370648253985307654849854164036386301394071910599180139"", ""71179982728889037109874916123280820526124794410018682270563981164756232672322""]",Julia Grabher,KXWTAMATCH-26APR21BADGRA-GRA,https://kalshi.com/markets/kxwtamatch-26apr21badgra/badosa-vs-grabher/kxwtamatch-26apr21badgra-gra,2026-04-28T09:00:00Z,2026-05-05T08:00:00Z,2026-05-05T08:00:00Z
pair-0438,Madrid Open: Paula Badosa vs Julia Grabher,sports,1.0,0xa3fb400943cc97ce8fd2396f7186505064a67ce6aa8bf7def49a63df84dc6190,wta-badosa-grabher-2026-04-21,https://polymarket.com/market/wta-badosa-grabher-2026-04-21,,"[""Paula Badosa"", ""Julia Grabher""]","[""30464279321006492911152370648253985307654849854164036386301394071910599180139"", ""71179982728889037109874916123280820526124794410018682270563981164756232672322""]",Paula Badosa,KXWTAMATCH-26APR21BADGRA-BAD,https://kalshi.com/markets/kxwtamatch-26apr21badgra/badosa-vs-grabher/kxwtamatch-26apr21badgra-bad,2026-04-28T09:00:00Z,2026-05-05T08:00:00Z,2026-05-05T08:00:00Z
pair-0439,Madrid Open: Robin Montgomery vs Magda Linette,sports,1.0,0x454685c548dedc277de2b28f15a962046bb828fcff0f394d117ffc5969a84b58,wta-montgom-linette-2026-04-21,https://polymarket.com/market/wta-montgom-linette-2026-04-21,,"[""Robin Montgomery"", ""Magda Linette""]","[""77396139389978227534289408889324361690058974109219158335150332354802474230592"", ""29393524045907222450812646805730854531979532414154861117863480537120613110101""]",Magda Linette,KXWTAMATCH-26APR21MONLIN-LIN,https://kalshi.com/markets/kxwtamatch-26apr21monlin/montgomery-vs-linette/kxwtamatch-26apr21monlin-lin,2026-04-28T09:00:00Z,2026-05-05T08:00:00Z,2026-05-05T08:00:00Z
pair-0440,Madrid Open: Robin Montgomery vs Magda Linette,sports,1.0,0x454685c548dedc277de2b28f15a962046bb828fcff0f394d117ffc5969a84b58,wta-montgom-linette-2026-04-21,https://polymarket.com/market/wta-montgom-linette-2026-04-21,,"[""Robin Montgomery"", ""Magda Linette""]","[""77396139389978227534289408889324361690058974109219158335150332354802474230592"", ""29393524045907222450812646805730854531979532414154861117863480537120613110101""]",Robin Montgomery,KXWTAMATCH-26APR21MONLIN-MON,https://kalshi.com/markets/kxwtamatch-26apr21monlin/montgomery-vs-linette/kxwtamatch-26apr21monlin-mon,2026-04-28T09:00:00Z,2026-05-05T08:00:00Z,2026-05-05T08:00:00Z
pair-0441,Madrid Open: Tatjana Maria vs Laura Samson,sports,1.0,0xb5488e71edbe3df61f86f3782cd34d8512788ad8b5ac5987ac0aeb98a38d3ffa,wta-maria-samson-2026-04-21,https://polymarket.com/market/wta-maria-samson-2026-04-21,,"[""Tatjana Maria"", ""Laura Samson""]","[""98165564204004560619855451845582642217787602047044552307805901715454341317732"", ""101920258681559830882489424812739845289112836224242932958479616171341667289630""]",Laura Samson,KXWTAMATCH-26APR21MARSAM-SAM,https://kalshi.com/markets/kxwtamatch-26apr21marsam/maria-vs-samson/kxwtamatch-26apr21marsam-sam,2026-04-28T09:00:00Z,2026-05-05T08:00:00Z,2026-05-05T08:00:00Z
pair-0442,Madrid Open: Tatjana Maria vs Laura Samson,sports,1.0,0xb5488e71edbe3df61f86f3782cd34d8512788ad8b5ac5987ac0aeb98a38d3ffa,wta-maria-samson-2026-04-21,https://polymarket.com/market/wta-maria-samson-2026-04-21,,"[""Tatjana Maria"", ""Laura Samson""]","[""98165564204004560619855451845582642217787602047044552307805901715454341317732"", ""101920258681559830882489424812739845289112836224242932958479616171341667289630""]",Tatjana Maria,KXWTAMATCH-26APR21MARSAM-MAR,https://kalshi.com/markets/kxwtamatch-26apr21marsam/maria-vs-samson/kxwtamatch-26apr21marsam-mar,2026-04-28T09:00:00Z,2026-05-05T08:00:00Z,2026-05-05T08:00:00Z
pair-0443,Madrid Open: Tatjana Maria vs Laura Samson,sports,1.0,0xb5488e71edbe3df61f86f3782cd34d8512788ad8b5ac5987ac0aeb98a38d3ffa,wta-maria-samson-2026-04-21,https://polymarket.com/market/wta-maria-samson-2026-04-21,,"[""Tatjana Maria"", ""Laura Samson""]","[""98165564204004560619855451845582642217787602047044552307805901715454341317732"", ""101920258681559830882489424812739845289112836224242932958479616171341667289630""]",Laura Samson,KXWTAMATCH-26APR21MARSAM-SAM,https://kalshi.com/markets/kxwtamatch-26apr21marsam/maria-vs-samson/kxwtamatch-26apr21marsam-sam,2026-04-28T09:00:00Z,2026-05-05T08:00:00Z,2026-05-05T08:00:00Z
pair-0444,Madrid Open: Tatjana Maria vs Laura Samson,sports,1.0,0xb5488e71edbe3df61f86f3782cd34d8512788ad8b5ac5987ac0aeb98a38d3ffa,wta-maria-samson-2026-04-21,https://polymarket.com/market/wta-maria-samson-2026-04-21,,"[""Tatjana Maria"", ""Laura Samson""]","[""98165564204004560619855451845582642217787602047044552307805901715454341317732"", ""101920258681559830882489424812739845289112836224242932958479616171341667289630""]",Tatjana Maria,KXWTAMATCH-26APR21MARSAM-MAR,https://kalshi.com/markets/kxwtamatch-26apr21marsam/maria-vs-samson/kxwtamatch-26apr21marsam-mar,2026-04-28T09:00:00Z,2026-05-05T08:00:00Z,2026-05-05T08:00:00Z
pair-0445,Madrid Open: Anna Bondar vs Viktorija Golubic,sports,1.0,0x62dca347c1fa3616417f5be88571609bbb466bf3183d11cfb4dc84a889baf9ef,wta-bondar-golubic-2026-04-21,https://polymarket.com/market/wta-bondar-golubic-2026-04-21,,"[""Anna Bondar"", ""Viktorija Golubic""]","[""64546913133065619766044227027275810673941657622211595673158337333318828548396"", ""61246209633801738632233792667642861951091171572980866104729882234585942690743""]",Anna Bondar,KXWTAMATCH-26APR21BONGOL-BON,https://kalshi.com/markets/kxwtamatch-26apr21bongol/bondar-vs-golubic/kxwtamatch-26apr21bongol-bon,2026-04-28T09:00:00Z,2026-05-05T08:00:00Z,2026-05-05T08:00:00Z
pair-0446,Madrid Open: Anna Bondar vs Viktorija Golubic,sports,1.0,0x62dca347c1fa3616417f5be88571609bbb466bf3183d11cfb4dc84a889baf9ef,wta-bondar-golubic-2026-04-21,https://polymarket.com/market/wta-bondar-golubic-2026-04-21,,"[""Anna Bondar"", ""Viktorija Golubic""]","[""64546913133065619766044227027275810673941657622211595673158337333318828548396"", ""61246209633801738632233792667642861951091171572980866104729882234585942690743""]",Viktorija Golubic,KXWTAMATCH-26APR21BONGOL-GOL,https://kalshi.com/markets/kxwtamatch-26apr21bongol/bondar-vs-golubic/kxwtamatch-26apr21bongol-gol,2026-04-28T09:00:00Z,2026-05-05T08:00:00Z,2026-05-05T08:00:00Z
pair-0447,Madrid Open: Anna Bondar vs Viktorija Golubic,sports,1.0,0x62dca347c1fa3616417f5be88571609bbb466bf3183d11cfb4dc84a889baf9ef,wta-bondar-golubic-2026-04-21,https://polymarket.com/market/wta-bondar-golubic-2026-04-21,,"[""Anna Bondar"", ""Viktorija Golubic""]","[""64546913133065619766044227027275810673941657622211595673158337333318828548396"", ""61246209633801738632233792667642861951091171572980866104729882234585942690743""]",Anna Bondar,KXWTAMATCH-26APR21BONGOL-BON,https://kalshi.com/markets/kxwtamatch-26apr21bongol/bondar-vs-golubic/kxwtamatch-26apr21bongol-bon,2026-04-28T09:00:00Z,2026-05-05T08:00:00Z,2026-05-05T08:00:00Z
pair-0448,Madrid Open: Anna Bondar vs Viktorija Golubic,sports,1.0,0x62dca347c1fa3616417f5be88571609bbb466bf3183d11cfb4dc84a889baf9ef,wta-bondar-golubic-2026-04-21,https://polymarket.com/market/wta-bondar-golubic-2026-04-21,,"[""Anna Bondar"", ""Viktorija Golubic""]","[""64546913133065619766044227027275810673941657622211595673158337333318828548396"", ""61246209633801738632233792667642861951091171572980866104729882234585942690743""]",Viktorija Golubic,KXWTAMATCH-26APR21BONGOL-GOL,https://kalshi.com/markets/kxwtamatch-26apr21bongol/bondar-vs-golubic/kxwtamatch-26apr21bongol-gol,2026-04-28T09:00:00Z,2026-05-05T08:00:00Z,2026-05-05T08:00:00Z
pair-0449,Madrid Open: Taylor Townsend vs Katie Boulter,sports,1.0,0xd1bfeb07a625108d08683ba01f560a37dd262a3b4023095f283dee2c2b449603,wta-townsen-boulter-2026-04-21,https://polymarket.com/market/wta-townsen-boulter-2026-04-21,,"[""Taylor Townsend"", ""Katie Boulter""]","[""14319894101634215889715836221998435408658058647444283668137783347382652272992"", ""88786903076212555103025067637668839067810679937833626862001960741168231224328""]",Katie Boulter,KXWTAMATCH-26APR21TOWBOU-BOU,https://kalshi.com/markets/kxwtamatch-26apr21towbou/townsend-vs-boulter/kxwtamatch-26apr21towbou-bou,2026-04-28T09:00:00Z,2026-05-05T08:00:00Z,2026-05-05T08:00:00Z
pair-0450,Madrid Open: Taylor Townsend vs Katie Boulter,sports,1.0,0xd1bfeb07a625108d08683ba01f560a37dd262a3b4023095f283dee2c2b449603,wta-townsen-boulter-2026-04-21,https://polymarket.com/market/wta-townsen-boulter-2026-04-21,,"[""Taylor Townsend"", ""Katie Boulter""]","[""14319894101634215889715836221998435408658058647444283668137783347382652272992"", ""88786903076212555103025067637668839067810679937833626862001960741168231224328""]",Taylor Townsend,KXWTAMATCH-26APR21TOWBOU-TOW,https://kalshi.com/markets/kxwtamatch-26apr21towbou/townsend-vs-boulter/kxwtamatch-26apr21towbou-tow,2026-04-28T09:00:00Z,2026-05-05T08:00:00Z,2026-05-05T08:00:00Z
pair-0451,Madrid Open: Taylor Townsend vs Katie Boulter,sports,1.0,0xd1bfeb07a625108d08683ba01f560a37dd262a3b4023095f283dee2c2b449603,wta-townsen-boulter-2026-04-21,https://polymarket.com/market/wta-townsen-boulter-2026-04-21,,"[""Taylor Townsend"", ""Katie Boulter""]","[""14319894101634215889715836221998435408658058647444283668137783347382652272992"", ""88786903076212555103025067637668839067810679937833626862001960741168231224328""]",Katie Boulter,KXWTAMATCH-26APR21TOWBOU-BOU,https://kalshi.com/markets/kxwtamatch-26apr21towbou/townsend-vs-boulter/kxwtamatch-26apr21towbou-bou,2026-04-28T09:00:00Z,2026-05-05T08:00:00Z,2026-05-05T08:00:00Z
pair-0452,Madrid Open: Taylor Townsend vs Katie Boulter,sports,1.0,0xd1bfeb07a625108d08683ba01f560a37dd262a3b4023095f283dee2c2b449603,wta-townsen-boulter-2026-04-21,https://polymarket.com/market/wta-townsen-boulter-2026-04-21,,"[""Taylor Townsend"", ""Katie Boulter""]","[""14319894101634215889715836221998435408658058647444283668137783347382652272992"", ""88786903076212555103025067637668839067810679937833626862001960741168231224328""]",Taylor Townsend,KXWTAMATCH-26APR21TOWBOU-TOW,https://kalshi.com/markets/kxwtamatch-26apr21towbou/townsend-vs-boulter/kxwtamatch-26apr21towbou-tow,2026-04-28T09:00:00Z,2026-05-05T08:00:00Z,2026-05-05T08:00:00Z
pair-0453,Madrid Open: Yulia Putintseva vs Tereza Valentova,sports,1.0,0x9de1693fc52b3b8e10573dccaa93788cb1d10dae7c054bd892c16dd177366185,wta-putints-valento-2026-04-21,https://polymarket.com/market/wta-putints-valento-2026-04-21,,"[""Yulia Putintseva"", ""Tereza Valentova""]","[""47495044778815916636754292415871945960869417155756071585072205926144016388194"", ""1087399384944453094623202675135849911985229999732838665281093574150978426913""]",Yulia Putintseva,KXWTAMATCH-26APR21PUTVAL-PUT,https://kalshi.com/markets/kxwtamatch-26apr21putval/putintseva-vs-valentova/kxwtamatch-26apr21putval-put,2026-04-28T09:00:00Z,2026-05-05T08:00:00Z,2026-05-05T08:00:00Z
pair-0454,Madrid Open: Yulia Putintseva vs Tereza Valentova,sports,1.0,0x9de1693fc52b3b8e10573dccaa93788cb1d10dae7c054bd892c16dd177366185,wta-putints-valento-2026-04-21,https://polymarket.com/market/wta-putints-valento-2026-04-21,,"[""Yulia Putintseva"", ""Tereza Valentova""]","[""47495044778815916636754292415871945960869417155756071585072205926144016388194"", ""1087399384944453094623202675135849911985229999732838665281093574150978426913""]",Tereza Valentova,KXWTAMATCH-26APR21PUTVAL-VAL,https://kalshi.com/markets/kxwtamatch-26apr21putval/putintseva-vs-valentova/kxwtamatch-26apr21putval-val,2026-04-28T09:00:00Z,2026-05-05T08:00:00Z,2026-05-05T08:00:00Z
pair-0455,Madrid Open: Magdalena Frech vs Katerina Siniakova,sports,1.0,0xd2147b938a9572d5594a91a337338123b6e9c22af2deaca90d9c3d7d377a7cec,wta-frech-siniako-2026-04-21,https://polymarket.com/market/wta-frech-siniako-2026-04-21,,"[""Magdalena Frech"", ""Katerina Siniakova""]","[""19371613234999963124369947169218354799786707757506537064151311552340017619157"", ""37237036339758634617133224548999579697252070972485679301465795942241391785563""]",Katerina Siniakova,KXWTAMATCH-26APR21FRESIN-SIN,https://kalshi.com/markets/kxwtamatch-26apr21fresin/frech-vs-siniakova/kxwtamatch-26apr21fresin-sin,2026-04-28T09:00:00Z,2026-05-05T08:00:00Z,2026-05-05T08:00:00Z
pair-0456,Madrid Open: Magdalena Frech vs Katerina Siniakova,sports,1.0,0xd2147b938a9572d5594a91a337338123b6e9c22af2deaca90d9c3d7d377a7cec,wta-frech-siniako-2026-04-21,https://polymarket.com/market/wta-frech-siniako-2026-04-21,,"[""Magdalena Frech"", ""Katerina Siniakova""]","[""19371613234999963124369947169218354799786707757506537064151311552340017619157"", ""37237036339758634617133224548999579697252070972485679301465795942241391785563""]",Magdalena Frech,KXWTAMATCH-26APR21FRESIN-FRE,https://kalshi.com/markets/kxwtamatch-26apr21fresin/frech-vs-siniakova/kxwtamatch-26apr21fresin-fre,2026-04-28T09:00:00Z,2026-05-05T08:00:00Z,2026-05-05T08:00:00Z
pair-0457,Madrid Open: Magdalena Frech vs Katerina Siniakova,sports,1.0,0xd2147b938a9572d5594a91a337338123b6e9c22af2deaca90d9c3d7d377a7cec,wta-frech-siniako-2026-04-21,https://polymarket.com/market/wta-frech-siniako-2026-04-21,,"[""Magdalena Frech"", ""Katerina Siniakova""]","[""19371613234999963124369947169218354799786707757506537064151311552340017619157"", ""37237036339758634617133224548999579697252070972485679301465795942241391785563""]",Katerina Siniakova,KXWTAMATCH-26APR21FRESIN-SIN,https://kalshi.com/markets/kxwtamatch-26apr21fresin/frech-vs-siniakova/kxwtamatch-26apr21fresin-sin,2026-04-28T09:00:00Z,2026-05-05T08:00:00Z,2026-05-05T08:00:00Z
pair-0458,Madrid Open: Magdalena Frech vs Katerina Siniakova,sports,1.0,0xd2147b938a9572d5594a91a337338123b6e9c22af2deaca90d9c3d7d377a7cec,wta-frech-siniako-2026-04-21,https://polymarket.com/market/wta-frech-siniako-2026-04-21,,"[""Magdalena Frech"", ""Katerina Siniakova""]","[""19371613234999963124369947169218354799786707757506537064151311552340017619157"", ""37237036339758634617133224548999579697252070972485679301465795942241391785563""]",Magdalena Frech,KXWTAMATCH-26APR21FRESIN-FRE,https://kalshi.com/markets/kxwtamatch-26apr21fresin/frech-vs-siniakova/kxwtamatch-26apr21fresin-fre,2026-04-28T09:00:00Z,2026-05-05T08:00:00Z,2026-05-05T08:00:00Z
pair-0459,Madrid Open: Talia Gibson vs Emiliana Arango,sports,1.0,0x4ea043dea8df35740ebbf0a728d2720ec148315871e025d12e0272095446d3e9,wta-gibson-arango-2026-04-21,https://polymarket.com/market/wta-gibson-arango-2026-04-21,,"[""Talia Gibson"", ""Emiliana Arango""]","[""22002341669434662579946273885962360829606916115084590569847106565973827682320"", ""83226027601177879260502177212840382292686030735340316960383929944213346738790""]",Talia Gibson,KXWTAMATCH-26APR21GIBARA-GIB,https://kalshi.com/markets/kxwtamatch-26apr21gibara/gibson-vs-arango/kxwtamatch-26apr21gibara-gib,2026-04-28T09:00:00Z,2026-05-05T08:00:00Z,2026-05-05T08:00:00Z
pair-0460,Madrid Open: Talia Gibson vs Emiliana Arango,sports,1.0,0x4ea043dea8df35740ebbf0a728d2720ec148315871e025d12e0272095446d3e9,wta-gibson-arango-2026-04-21,https://polymarket.com/market/wta-gibson-arango-2026-04-21,,"[""Talia Gibson"", ""Emiliana Arango""]","[""22002341669434662579946273885962360829606916115084590569847106565973827682320"", ""83226027601177879260502177212840382292686030735340316960383929944213346738790""]",Emiliana Arango,KXWTAMATCH-26APR21GIBARA-ARA,https://kalshi.com/markets/kxwtamatch-26apr21gibara/gibson-vs-arango/kxwtamatch-26apr21gibara-ara,2026-04-28T09:00:00Z,2026-05-05T08:00:00Z,2026-05-05T08:00:00Z
pair-0461,Madrid Open: Talia Gibson vs Emiliana Arango,sports,1.0,0x4ea043dea8df35740ebbf0a728d2720ec148315871e025d12e0272095446d3e9,wta-gibson-arango-2026-04-21,https://polymarket.com/market/wta-gibson-arango-2026-04-21,,"[""Talia Gibson"", ""Emiliana Arango""]","[""22002341669434662579946273885962360829606916115084590569847106565973827682320"", ""83226027601177879260502177212840382292686030735340316960383929944213346738790""]",Talia Gibson,KXWTAMATCH-26APR21GIBARA-GIB,https://kalshi.com/markets/kxwtamatch-26apr21gibara/gibson-vs-arango/kxwtamatch-26apr21gibara-gib,2026-04-28T09:00:00Z,2026-05-05T08:00:00Z,2026-05-05T08:00:00Z
pair-0462,Madrid Open: Talia Gibson vs Emiliana Arango,sports,1.0,0x4ea043dea8df35740ebbf0a728d2720ec148315871e025d12e0272095446d3e9,wta-gibson-arango-2026-04-21,https://polymarket.com/market/wta-gibson-arango-2026-04-21,,"[""Talia Gibson"", ""Emiliana Arango""]","[""22002341669434662579946273885962360829606916115084590569847106565973827682320"", ""83226027601177879260502177212840382292686030735340316960383929944213346738790""]",Emiliana Arango,KXWTAMATCH-26APR21GIBARA-ARA,https://kalshi.com/markets/kxwtamatch-26apr21gibara/gibson-vs-arango/kxwtamatch-26apr21gibara-ara,2026-04-28T09:00:00Z,2026-05-05T08:00:00Z,2026-05-05T08:00:00Z
pair-0463,Madrid Open: Dayana Yastremska vs Solana Sierra,sports,1.0,0xb3d304e325072e4bfb4798e9cdd8c4ace8be949725d08dfc9a70547b8aae13b4,wta-yastrem-sierra-2026-04-21,https://polymarket.com/market/wta-yastrem-sierra-2026-04-21,,"[""Dayana Yastremska"", ""Solana Sierra""]","[""42870377414698148197458031049199723711264481399721598261135003688799863688483"", ""107588603559080946832440949619252276440615973856657561459092289342603988012756""]",Solana Sierra,KXWTAMATCH-26APR21YASSIE-SIE,https://kalshi.com/markets/kxwtamatch-26apr21yassie/yastremska-vs-sierra/kxwtamatch-26apr21yassie-sie,2026-04-28T09:00:00Z,2026-05-05T08:00:00Z,2026-05-05T08:00:00Z
pair-0464,Madrid Open: Dayana Yastremska vs Solana Sierra,sports,1.0,0xb3d304e325072e4bfb4798e9cdd8c4ace8be949725d08dfc9a70547b8aae13b4,wta-yastrem-sierra-2026-04-21,https://polymarket.com/market/wta-yastrem-sierra-2026-04-21,,"[""Dayana Yastremska"", ""Solana Sierra""]","[""42870377414698148197458031049199723711264481399721598261135003688799863688483"", ""107588603559080946832440949619252276440615973856657561459092289342603988012756""]",Dayana Yastremska,KXWTAMATCH-26APR21YASSIE-YAS,https://kalshi.com/markets/kxwtamatch-26apr21yassie/yastremska-vs-sierra/kxwtamatch-26apr21yassie-yas,2026-04-28T09:00:00Z,2026-05-05T08:00:00Z,2026-05-05T08:00:00Z
pair-0465,Madrid Open: Dayana Yastremska vs Solana Sierra,sports,1.0,0xb3d304e325072e4bfb4798e9cdd8c4ace8be949725d08dfc9a70547b8aae13b4,wta-yastrem-sierra-2026-04-21,https://polymarket.com/market/wta-yastrem-sierra-2026-04-21,,"[""Dayana Yastremska"", ""Solana Sierra""]","[""42870377414698148197458031049199723711264481399721598261135003688799863688483"", ""107588603559080946832440949619252276440615973856657561459092289342603988012756""]",Solana Sierra,KXWTAMATCH-26APR21YASSIE-SIE,https://kalshi.com/markets/kxwtamatch-26apr21yassie/yastremska-vs-sierra/kxwtamatch-26apr21yassie-sie,2026-04-28T09:00:00Z,2026-05-05T08:00:00Z,2026-05-05T08:00:00Z
pair-0466,Madrid Open: Dayana Yastremska vs Solana Sierra,sports,1.0,0xb3d304e325072e4bfb4798e9cdd8c4ace8be949725d08dfc9a70547b8aae13b4,wta-yastrem-sierra-2026-04-21,https://polymarket.com/market/wta-yastrem-sierra-2026-04-21,,"[""Dayana Yastremska"", ""Solana Sierra""]","[""42870377414698148197458031049199723711264481399721598261135003688799863688483"", ""107588603559080946832440949619252276440615973856657561459092289342603988012756""]",Dayana Yastremska,KXWTAMATCH-26APR21YASSIE-YAS,https://kalshi.com/markets/kxwtamatch-26apr21yassie/yastremska-vs-sierra/kxwtamatch-26apr21yassie-yas,2026-04-28T09:00:00Z,2026-05-05T08:00:00Z,2026-05-05T08:00:00Z
pair-0467,Madrid Open: Zeynep Sonmez vs Carlota Martinez Cirez,sports,1.0,0x1de5f3cd3a5f71443c7ed009fa1dbdadcf104a2870b586b40555136fd9f4c1f1,wta-sonmez-cirez-2026-04-21,https://polymarket.com/market/wta-sonmez-cirez-2026-04-21,,"[""Zeynep Sonmez"", ""Carlota Martinez Cirez""]","[""40517019541328731989785432773020461254288177358818444983292078331940942325879"", ""93557967919251518982687967851950659203600232769245319265187885513073921167873""]",Zeynep Sonmez,KXWTAMATCH-26APR21SONMAR-SON,https://kalshi.com/markets/kxwtamatch-26apr21sonmar/sonmez-vs-martinez-cirez/kxwtamatch-26apr21sonmar-son,2026-04-28T09:00:00Z,2026-05-05T08:00:00Z,2026-05-05T08:00:00Z
pair-0468,Madrid Open: Zeynep Sonmez vs Carlota Martinez Cirez,sports,1.0,0x1de5f3cd3a5f71443c7ed009fa1dbdadcf104a2870b586b40555136fd9f4c1f1,wta-sonmez-cirez-2026-04-21,https://polymarket.com/market/wta-sonmez-cirez-2026-04-21,,"[""Zeynep Sonmez"", ""Carlota Martinez Cirez""]","[""40517019541328731989785432773020461254288177358818444983292078331940942325879"", ""93557967919251518982687967851950659203600232769245319265187885513073921167873""]",Carlota Martinez Cirez,KXWTAMATCH-26APR21SONMAR-MAR,https://kalshi.com/markets/kxwtamatch-26apr21sonmar/sonmez-vs-martinez-cirez/kxwtamatch-26apr21sonmar-mar,2026-04-28T09:00:00Z,2026-05-05T08:00:00Z,2026-05-05T08:00:00Z
pair-0469,Madrid Open: Shuai Zhang vs Eva Lys,sports,1.0,0xd403a8cbddd0da33b38bb5106e58da811b54760480422bc564fdf94c0ff404fd,wta-zhang-lys-2026-04-21,https://polymarket.com/market/wta-zhang-lys-2026-04-21,,"[""Shuai Zhang"", ""Eva Lys""]","[""12491867704614230213009938823898804830953369921863436166985721984680415528431"", ""100805566664149223884334410547753768728534253123971291661013400957975714984046""]",Shuai Zhang,KXWTAMATCH-26APR21ZHALYS-ZHA,https://kalshi.com/markets/kxwtamatch-26apr21zhalys/zhang-vs-lys/kxwtamatch-26apr21zhalys-zha,2026-04-28T09:00:00Z,2026-05-05T08:00:00Z,2026-05-05T08:00:00Z
pair-0470,Madrid Open: Shuai Zhang vs Eva Lys,sports,1.0,0xd403a8cbddd0da33b38bb5106e58da811b54760480422bc564fdf94c0ff404fd,wta-zhang-lys-2026-04-21,https://polymarket.com/market/wta-zhang-lys-2026-04-21,,"[""Shuai Zhang"", ""Eva Lys""]","[""12491867704614230213009938823898804830953369921863436166985721984680415528431"", ""100805566664149223884334410547753768728534253123971291661013400957975714984046""]",Eva Lys,KXWTAMATCH-26APR21ZHALYS-LYS,https://kalshi.com/markets/kxwtamatch-26apr21zhalys/zhang-vs-lys/kxwtamatch-26apr21zhalys-lys,2026-04-28T09:00:00Z,2026-05-05T08:00:00Z,2026-05-05T08:00:00Z
pair-0471,Madrid Open: Shuai Zhang vs Eva Lys,sports,1.0,0xd403a8cbddd0da33b38bb5106e58da811b54760480422bc564fdf94c0ff404fd,wta-zhang-lys-2026-04-21,https://polymarket.com/market/wta-zhang-lys-2026-04-21,,"[""Shuai Zhang"", ""Eva Lys""]","[""12491867704614230213009938823898804830953369921863436166985721984680415528431"", ""100805566664149223884334410547753768728534253123971291661013400957975714984046""]",Shuai Zhang,KXWTAMATCH-26APR21ZHALYS-ZHA,https://kalshi.com/markets/kxwtamatch-26apr21zhalys/zhang-vs-lys/kxwtamatch-26apr21zhalys-zha,2026-04-28T09:00:00Z,2026-05-05T08:00:00Z,2026-05-05T08:00:00Z
pair-0472,Madrid Open: Shuai Zhang vs Eva Lys,sports,1.0,0xd403a8cbddd0da33b38bb5106e58da811b54760480422bc564fdf94c0ff404fd,wta-zhang-lys-2026-04-21,https://polymarket.com/market/wta-zhang-lys-2026-04-21,,"[""Shuai Zhang"", ""Eva Lys""]","[""12491867704614230213009938823898804830953369921863436166985721984680415528431"", ""100805566664149223884334410547753768728534253123971291661013400957975714984046""]",Eva Lys,KXWTAMATCH-26APR21ZHALYS-LYS,https://kalshi.com/markets/kxwtamatch-26apr21zhalys/zhang-vs-lys/kxwtamatch-26apr21zhalys-lys,2026-04-28T09:00:00Z,2026-05-05T08:00:00Z,2026-05-05T08:00:00Z
pair-0473,Madrid Open: Ashlyn Krueger vs Sofia Kenin,sports,1.0,0xf1b22abe78d0ef5e9f14ab894a6cae790a0e97d1c8b974a8b855d04dca57c073,wta-krueger-kenin-2026-04-21,https://polymarket.com/market/wta-krueger-kenin-2026-04-21,,"[""Ashlyn Krueger"", ""Sofia Kenin""]","[""66339140840705047680701311008004400692139882846343569348338114826074674538992"", ""17974712288578397085757110338918259515221492982708692509121912951135201730866""]",Ashlyn Krueger,KXWTAMATCH-26APR21KRUKEN-KRU,https://kalshi.com/markets/kxwtamatch-26apr21kruken/krueger-vs-kenin/kxwtamatch-26apr21kruken-kru,2026-04-28T09:00:00Z,2026-05-05T08:00:00Z,2026-05-05T08:00:00Z
pair-0474,Madrid Open: Ashlyn Krueger vs Sofia Kenin,sports,1.0,0xf1b22abe78d0ef5e9f14ab894a6cae790a0e97d1c8b974a8b855d04dca57c073,wta-krueger-kenin-2026-04-21,https://polymarket.com/market/wta-krueger-kenin-2026-04-21,,"[""Ashlyn Krueger"", ""Sofia Kenin""]","[""66339140840705047680701311008004400692139882846343569348338114826074674538992"", ""17974712288578397085757110338918259515221492982708692509121912951135201730866""]",Sofia Kenin,KXWTAMATCH-26APR21KRUKEN-KEN,https://kalshi.com/markets/kxwtamatch-26apr21kruken/krueger-vs-kenin/kxwtamatch-26apr21kruken-ken,2026-04-28T09:00:00Z,2026-05-05T08:00:00Z,2026-05-05T08:00:00Z
pair-0475,Madrid Open: Ashlyn Krueger vs Sofia Kenin,sports,1.0,0xf1b22abe78d0ef5e9f14ab894a6cae790a0e97d1c8b974a8b855d04dca57c073,wta-krueger-kenin-2026-04-21,https://polymarket.com/market/wta-krueger-kenin-2026-04-21,,"[""Ashlyn Krueger"", ""Sofia Kenin""]","[""66339140840705047680701311008004400692139882846343569348338114826074674538992"", ""17974712288578397085757110338918259515221492982708692509121912951135201730866""]",Ashlyn Krueger,KXWTAMATCH-26APR21KRUKEN-KRU,https://kalshi.com/markets/kxwtamatch-26apr21kruken/krueger-vs-kenin/kxwtamatch-26apr21kruken-kru,2026-04-28T09:00:00Z,2026-05-05T08:00:00Z,2026-05-05T08:00:00Z
pair-0476,Madrid Open: Ashlyn Krueger vs Sofia Kenin,sports,1.0,0xf1b22abe78d0ef5e9f14ab894a6cae790a0e97d1c8b974a8b855d04dca57c073,wta-krueger-kenin-2026-04-21,https://polymarket.com/market/wta-krueger-kenin-2026-04-21,,"[""Ashlyn Krueger"", ""Sofia Kenin""]","[""66339140840705047680701311008004400692139882846343569348338114826074674538992"", ""17974712288578397085757110338918259515221492982708692509121912951135201730866""]",Sofia Kenin,KXWTAMATCH-26APR21KRUKEN-KEN,https://kalshi.com/markets/kxwtamatch-26apr21kruken/krueger-vs-kenin/kxwtamatch-26apr21kruken-ken,2026-04-28T09:00:00Z,2026-05-05T08:00:00Z,2026-05-05T08:00:00Z
pair-0477,Madrid Open: Gabriela Ruse vs Antonia Ruzic,sports,1.0,0x5e266e8c1d4d09a1c54e8133ef98711ef0a93cc731b7b25eb81b6f860174e378,wta-ruse-ruzic-2026-04-21,https://polymarket.com/market/wta-ruse-ruzic-2026-04-21,,"[""Gabriela Ruse"", ""Antonia Ruzic""]","[""3401562678667626797415956744257463099101186576858517549234800620776601866841"", ""35207564038600543569405951698733977083955375171050393065706743658320698117741""]",Antonia Ruzic,KXWTAMATCH-26APR21RUSRUZ-RUZ,https://kalshi.com/markets/kxwtamatch-26apr21rusruz/ruse-vs-ruzic/kxwtamatch-26apr21rusruz-ruz,2026-04-28T09:00:00Z,2026-05-05T08:00:00Z,2026-05-05T08:00:00Z
pair-0478,Madrid Open: Gabriela Ruse vs Antonia Ruzic,sports,1.0,0x5e266e8c1d4d09a1c54e8133ef98711ef0a93cc731b7b25eb81b6f860174e378,wta-ruse-ruzic-2026-04-21,https://polymarket.com/market/wta-ruse-ruzic-2026-04-21,,"[""Gabriela Ruse"", ""Antonia Ruzic""]","[""3401562678667626797415956744257463099101186576858517549234800620776601866841"", ""35207564038600543569405951698733977083955375171050393065706743658320698117741""]",Antonia Ruzic,KXWTAMATCH-26APR21RUSRUZ-RUZ,https://kalshi.com/markets/kxwtamatch-26apr21rusruz/ruse-vs-ruzic/kxwtamatch-26apr21rusruz-ruz,2026-04-28T09:00:00Z,2026-05-05T08:00:00Z,2026-05-05T08:00:00Z
pair-0479,"Madrid Open, Qualification: Simona Waltert vs Dominika Salkova",sports,1.0,0xd8647824f1ff9f1222ffdb0dab792f2f4b53da17aac359835847b8e5db0d45f3,wta-waltert-salkova-2026-04-21,https://polymarket.com/market/wta-waltert-salkova-2026-04-21,,"[""Simona Waltert"", ""Dominika Salkova""]","[""108690826850175556597876196928402330286121316665356696802254591220617980405216"", ""81684058919341081883356747861960996619130443517391591741385541814816603324167""]",Dominika Salkova,KXWTAMATCH-26APR21WALSAL-SAL,https://kalshi.com/markets/kxwtamatch-26apr21walsal/waltert-vs-salkova/kxwtamatch-26apr21walsal-sal,2026-04-28T09:00:00Z,2026-05-05T08:00:00Z,2026-05-05T08:00:00Z
pair-0480,"Madrid Open, Qualification: Simona Waltert vs Dominika Salkova",sports,1.0,0xd8647824f1ff9f1222ffdb0dab792f2f4b53da17aac359835847b8e5db0d45f3,wta-waltert-salkova-2026-04-21,https://polymarket.com/market/wta-waltert-salkova-2026-04-21,,"[""Simona Waltert"", ""Dominika Salkova""]","[""108690826850175556597876196928402330286121316665356696802254591220617980405216"", ""81684058919341081883356747861960996619130443517391591741385541814816603324167""]",Simona Waltert,KXWTAMATCH-26APR21WALSAL-WAL,https://kalshi.com/markets/kxwtamatch-26apr21walsal/waltert-vs-salkova/kxwtamatch-26apr21walsal-wal,2026-04-28T09:00:00Z,2026-05-05T08:00:00Z,2026-05-05T08:00:00Z
pair-0481,"Madrid Open, Qualification: Rei Sakamoto vs Vilius Gaubas",sports,1.0,0x9a56c30da927031a139e6d8282c7185939c1bd3d14e428b5bfcbb38ee9cc8f08,atp-sakamot-gaubas-2026-04-21,https://polymarket.com/market/atp-sakamot-gaubas-2026-04-21,,"[""Rei Sakamoto"", ""Vilius Gaubas""]","[""41713593800640415970066575043634384314673941159192346822079276734987507630141"", ""106881604871430104606343431015339962456010868577886146657257541934341600372333""]",Vilius Gaubas,KXATPMATCH-26APR21SAKGAU-GAU,https://kalshi.com/markets/kxatpmatch-26apr21sakgau/sakamoto-vs-gaubas/kxatpmatch-26apr21sakgau-gau,2026-04-28T09:00:00Z,2026-05-05T08:00:00Z,2026-05-05T08:00:00Z
pair-0482,"Madrid Open, Qualification: Rei Sakamoto vs Vilius Gaubas",sports,1.0,0x9a56c30da927031a139e6d8282c7185939c1bd3d14e428b5bfcbb38ee9cc8f08,atp-sakamot-gaubas-2026-04-21,https://polymarket.com/market/atp-sakamot-gaubas-2026-04-21,,"[""Rei Sakamoto"", ""Vilius Gaubas""]","[""41713593800640415970066575043634384314673941159192346822079276734987507630141"", ""106881604871430104606343431015339962456010868577886146657257541934341600372333""]",Rei Sakamoto,KXATPMATCH-26APR21SAKGAU-SAK,https://kalshi.com/markets/kxatpmatch-26apr21sakgau/sakamoto-vs-gaubas/kxatpmatch-26apr21sakgau-sak,2026-04-28T09:00:00Z,2026-05-05T08:00:00Z,2026-05-05T08:00:00Z
pair-0483,"Madrid Open, Qualification: Rei Sakamoto vs Vilius Gaubas",sports,1.0,0x9a56c30da927031a139e6d8282c7185939c1bd3d14e428b5bfcbb38ee9cc8f08,atp-sakamot-gaubas-2026-04-21,https://polymarket.com/market/atp-sakamot-gaubas-2026-04-21,,"[""Rei Sakamoto"", ""Vilius Gaubas""]","[""41713593800640415970066575043634384314673941159192346822079276734987507630141"", ""106881604871430104606343431015339962456010868577886146657257541934341600372333""]",Vilius Gaubas,KXATPMATCH-26APR21SAKGAU-GAU,https://kalshi.com/markets/kxatpmatch-26apr21sakgau/sakamoto-vs-gaubas/kxatpmatch-26apr21sakgau-gau,2026-04-28T09:00:00Z,2026-05-05T08:00:00Z,2026-05-05T08:00:00Z
pair-0484,"Madrid Open, Qualification: Rei Sakamoto vs Vilius Gaubas",sports,1.0,0x9a56c30da927031a139e6d8282c7185939c1bd3d14e428b5bfcbb38ee9cc8f08,atp-sakamot-gaubas-2026-04-21,https://polymarket.com/market/atp-sakamot-gaubas-2026-04-21,,"[""Rei Sakamoto"", ""Vilius Gaubas""]","[""41713593800640415970066575043634384314673941159192346822079276734987507630141"", ""106881604871430104606343431015339962456010868577886146657257541934341600372333""]",Rei Sakamoto,KXATPMATCH-26APR21SAKGAU-SAK,https://kalshi.com/markets/kxatpmatch-26apr21sakgau/sakamoto-vs-gaubas/kxatpmatch-26apr21sakgau-sak,2026-04-28T09:00:00Z,2026-05-05T08:00:00Z,2026-05-05T08:00:00Z
pair-0485,AHL: Hershey Bears vs. Bridgeport Islanders,sports,1.0,0x81ef16ad3d557e12553950cc152d4a01e7a823fff0885c5e014e54cc1cca1abe,ahl-her-bri-2026-04-21,https://polymarket.com/market/ahl-her-bri-2026-04-21,,"[""Hershey Bears"", ""Bridgeport Islanders""]","[""78977433473697768085034136837909780316954935931020405306039593482691432595883"", ""22444042921220409234672584442575587651068592027199512075840271937548467069426""]",Bridgeport Islanders,KXAHLGAME-26APR211900HERBRI-BRI,https://kalshi.com/markets/kxahlgame-26apr211900herbri/hershey-bears-vs-bridgeport-islanders/kxahlgame-26apr211900herbri-bri,2026-04-21T23:00:00Z,2026-05-05T23:00:00Z,2026-05-05T23:00:00Z
pair-0486,AHL: Hershey Bears vs. Bridgeport Islanders,sports,1.0,0x81ef16ad3d557e12553950cc152d4a01e7a823fff0885c5e014e54cc1cca1abe,ahl-her-bri-2026-04-21,https://polymarket.com/market/ahl-her-bri-2026-04-21,,"[""Hershey Bears"", ""Bridgeport Islanders""]","[""78977433473697768085034136837909780316954935931020405306039593482691432595883"", ""22444042921220409234672584442575587651068592027199512075840271937548467069426""]",Hershey Bears,KXAHLGAME-26APR211900HERBRI-HER,https://kalshi.com/markets/kxahlgame-26apr211900herbri/hershey-bears-vs-bridgeport-islanders/kxahlgame-26apr211900herbri-her,2026-04-21T23:00:00Z,2026-05-05T23:00:00Z,2026-05-05T23:00:00Z
pair-0487,AHL: Hershey Bears vs. Bridgeport Islanders,sports,1.0,0x81ef16ad3d557e12553950cc152d4a01e7a823fff0885c5e014e54cc1cca1abe,ahl-her-bri-2026-04-21,https://polymarket.com/market/ahl-her-bri-2026-04-21,,"[""Hershey Bears"", ""Bridgeport Islanders""]","[""78977433473697768085034136837909780316954935931020405306039593482691432595883"", ""22444042921220409234672584442575587651068592027199512075840271937548467069426""]",Bridgeport Islanders,KXAHLGAME-26APR211900HERBRI-BRI,https://kalshi.com/markets/kxahlgame-26apr211900herbri/hershey-bears-vs-bridgeport-islanders/kxahlgame-26apr211900herbri-bri,2026-04-21T23:00:00Z,2026-05-05T23:00:00Z,2026-05-05T23:00:00Z
pair-0488,AHL: Hershey Bears vs. Bridgeport Islanders,sports,1.0,0x81ef16ad3d557e12553950cc152d4a01e7a823fff0885c5e014e54cc1cca1abe,ahl-her-bri-2026-04-21,https://polymarket.com/market/ahl-her-bri-2026-04-21,,"[""Hershey Bears"", ""Bridgeport Islanders""]","[""78977433473697768085034136837909780316954935931020405306039593482691432595883"", ""22444042921220409234672584442575587651068592027199512075840271937548467069426""]",Hershey Bears,KXAHLGAME-26APR211900HERBRI-HER,https://kalshi.com/markets/kxahlgame-26apr211900herbri/hershey-bears-vs-bridgeport-islanders/kxahlgame-26apr211900herbri-her,2026-04-21T23:00:00Z,2026-05-05T23:00:00Z,2026-05-05T23:00:00Z
pair-0489,Gwangju: Yuta Shimizu vs Yasutaka Uchiyama,sports,1.0,0xf5ae646cba84bad7850cbc75056a1dfd3ae262920098996996a254bb5359c8bc,atp-shimizu-uchiyam-2026-04-20,https://polymarket.com/market/atp-shimizu-uchiyam-2026-04-20,,"[""Yuta Shimizu"", ""Yasutaka Uchiyama""]","[""45980160793934573322860923023246067460204398886195959457538329069641945833147"", ""76050413039409784531540416388082655015146683494137943173985691140405411921839""]",Yasutaka Uchiyama,KXATPCHALLENGERMATCH-26APR20SHIUCH-UCH,https://kalshi.com/markets/kxatpchallengermatch-26apr20shiuch/shimizu-vs-uchiyama/kxatpchallengermatch-26apr20shiuch-uch,2026-04-28T02:00:00Z,2026-05-05T02:00:00Z,2026-05-05T02:00:00Z
pair-0490,Gwangju: Yuta Shimizu vs Yasutaka Uchiyama,sports,1.0,0xf5ae646cba84bad7850cbc75056a1dfd3ae262920098996996a254bb5359c8bc,atp-shimizu-uchiyam-2026-04-20,https://polymarket.com/market/atp-shimizu-uchiyam-2026-04-20,,"[""Yuta Shimizu"", ""Yasutaka Uchiyama""]","[""45980160793934573322860923023246067460204398886195959457538329069641945833147"", ""76050413039409784531540416388082655015146683494137943173985691140405411921839""]",Yuta Shimizu,KXATPCHALLENGERMATCH-26APR20SHIUCH-SHI,https://kalshi.com/markets/kxatpchallengermatch-26apr20shiuch/shimizu-vs-uchiyama/kxatpchallengermatch-26apr20shiuch-shi,2026-04-28T02:00:00Z,2026-05-05T02:00:00Z,2026-05-05T02:00:00Z
pair-0491,Gwangju: Yuta Shimizu vs Yasutaka Uchiyama,sports,1.0,0xf5ae646cba84bad7850cbc75056a1dfd3ae262920098996996a254bb5359c8bc,atp-shimizu-uchiyam-2026-04-20,https://polymarket.com/market/atp-shimizu-uchiyam-2026-04-20,,"[""Yuta Shimizu"", ""Yasutaka Uchiyama""]","[""45980160793934573322860923023246067460204398886195959457538329069641945833147"", ""76050413039409784531540416388082655015146683494137943173985691140405411921839""]",Yasutaka Uchiyama,KXATPCHALLENGERMATCH-26APR20SHIUCH-UCH,https://kalshi.com/markets/kxatpchallengermatch-26apr20shiuch/shimizu-vs-uchiyama/kxatpchallengermatch-26apr20shiuch-uch,2026-04-28T02:00:00Z,2026-05-05T02:00:00Z,2026-05-05T02:00:00Z
pair-0492,Gwangju: Yuta Shimizu vs Yasutaka Uchiyama,sports,1.0,0xf5ae646cba84bad7850cbc75056a1dfd3ae262920098996996a254bb5359c8bc,atp-shimizu-uchiyam-2026-04-20,https://polymarket.com/market/atp-shimizu-uchiyam-2026-04-20,,"[""Yuta Shimizu"", ""Yasutaka Uchiyama""]","[""45980160793934573322860923023246067460204398886195959457538329069641945833147"", ""76050413039409784531540416388082655015146683494137943173985691140405411921839""]",Yuta Shimizu,KXATPCHALLENGERMATCH-26APR20SHIUCH-SHI,https://kalshi.com/markets/kxatpchallengermatch-26apr20shiuch/shimizu-vs-uchiyama/kxatpchallengermatch-26apr20shiuch-shi,2026-04-28T02:00:00Z,2026-05-05T02:00:00Z,2026-05-05T02:00:00Z
pair-0493,"Madrid Open, Qualification: Leolia Jeanjean vs Rebeka Masarova",sports,1.0,0x4fff33cf914d600a296be7ab1f2987cba5ff2f569b0e397fc00aa17a1714d9ab,wta-jeanjea-masarov-2026-04-21,https://polymarket.com/market/wta-jeanjea-masarov-2026-04-21,,"[""Leolia Jeanjean"", ""Rebeka Masarova""]","[""30251551451133436153195608682669990271295270735631988704353056111195856187575"", ""112771139419993414365314487894737441836368055817531396410561651866567433759376""]",Leolia Jeanjean,KXWTAMATCH-26APR21JEAMAS-JEA,https://kalshi.com/markets/kxwtamatch-26apr21jeamas/jeanjean-vs-masarova/kxwtamatch-26apr21jeamas-jea,2026-04-28T09:00:00Z,2026-05-05T08:00:00Z,2026-05-05T08:00:00Z
pair-0494,"Madrid Open, Qualification: Leolia Jeanjean vs Rebeka Masarova",sports,1.0,0x4fff33cf914d600a296be7ab1f2987cba5ff2f569b0e397fc00aa17a1714d9ab,wta-jeanjea-masarov-2026-04-21,https://polymarket.com/market/wta-jeanjea-masarov-2026-04-21,,"[""Leolia Jeanjean"", ""Rebeka Masarova""]","[""30251551451133436153195608682669990271295270735631988704353056111195856187575"", ""112771139419993414365314487894737441836368055817531396410561651866567433759376""]",Rebeka Masarova,KXWTAMATCH-26APR21JEAMAS-MAS,https://kalshi.com/markets/kxwtamatch-26apr21jeamas/jeanjean-vs-masarova/kxwtamatch-26apr21jeamas-mas,2026-04-28T09:00:00Z,2026-05-05T08:00:00Z,2026-05-05T08:00:00Z
pair-0495,"Madrid Open, Qualification: Leolia Jeanjean vs Rebeka Masarova",sports,1.0,0x4fff33cf914d600a296be7ab1f2987cba5ff2f569b0e397fc00aa17a1714d9ab,wta-jeanjea-masarov-2026-04-21,https://polymarket.com/market/wta-jeanjea-masarov-2026-04-21,,"[""Leolia Jeanjean"", ""Rebeka Masarova""]","[""30251551451133436153195608682669990271295270735631988704353056111195856187575"", ""112771139419993414365314487894737441836368055817531396410561651866567433759376""]",Leolia Jeanjean,KXWTAMATCH-26APR21JEAMAS-JEA,https://kalshi.com/markets/kxwtamatch-26apr21jeamas/jeanjean-vs-masarova/kxwtamatch-26apr21jeamas-jea,2026-04-28T09:00:00Z,2026-05-05T08:00:00Z,2026-05-05T08:00:00Z
pair-0496,"Madrid Open, Qualification: Leolia Jeanjean vs Rebeka Masarova",sports,1.0,0x4fff33cf914d600a296be7ab1f2987cba5ff2f569b0e397fc00aa17a1714d9ab,wta-jeanjea-masarov-2026-04-21,https://polymarket.com/market/wta-jeanjea-masarov-2026-04-21,,"[""Leolia Jeanjean"", ""Rebeka Masarova""]","[""30251551451133436153195608682669990271295270735631988704353056111195856187575"", ""112771139419993414365314487894737441836368055817531396410561651866567433759376""]",Rebeka Masarova,KXWTAMATCH-26APR21JEAMAS-MAS,https://kalshi.com/markets/kxwtamatch-26apr21jeamas/jeanjean-vs-masarova/kxwtamatch-26apr21jeamas-mas,2026-04-28T09:00:00Z,2026-05-05T08:00:00Z,2026-05-05T08:00:00Z
pair-0497,"Madrid Open, Qualification: Anna Blinkova vs Elvina Kalieva",sports,1.0,0xb70ed4a8eca9790301b572e8448872aa6dba4d9a92022f3caf9748725b19d175,wta-blinkov-kalieva-2026-04-21,https://polymarket.com/market/wta-blinkov-kalieva-2026-04-21,,"[""Anna Blinkova"", ""Elvina Kalieva""]","[""7512061693463091103838103408684364498205456773740039113468133276717915438164"", ""8923195653378575596374339564359580977568829821447368172035477452473428000599""]",Anna Blinkova,KXWTAMATCH-26APR21BLIKAL-BLI,https://kalshi.com/markets/kxwtamatch-26apr21blikal/blinkova-vs-kalieva/kxwtamatch-26apr21blikal-bli,2026-04-28T09:00:00Z,2026-05-05T08:00:00Z,2026-05-05T08:00:00Z
pair-0498,"Madrid Open, Qualification: Anna Blinkova vs Elvina Kalieva",sports,1.0,0xb70ed4a8eca9790301b572e8448872aa6dba4d9a92022f3caf9748725b19d175,wta-blinkov-kalieva-2026-04-21,https://polymarket.com/market/wta-blinkov-kalieva-2026-04-21,,"[""Anna Blinkova"", ""Elvina Kalieva""]","[""7512061693463091103838103408684364498205456773740039113468133276717915438164"", ""8923195653378575596374339564359580977568829821447368172035477452473428000599""]",Elvina Kalieva,KXWTAMATCH-26APR21BLIKAL-KAL,https://kalshi.com/markets/kxwtamatch-26apr21blikal/blinkova-vs-kalieva/kxwtamatch-26apr21blikal-kal,2026-04-28T09:00:00Z,2026-05-05T08:00:00Z,2026-05-05T08:00:00Z
pair-0499,"Madrid Open, Qualification: Anna Blinkova vs Elvina Kalieva",sports,1.0,0xb70ed4a8eca9790301b572e8448872aa6dba4d9a92022f3caf9748725b19d175,wta-blinkov-kalieva-2026-04-21,https://polymarket.com/market/wta-blinkov-kalieva-2026-04-21,,"[""Anna Blinkova"", ""Elvina Kalieva""]","[""7512061693463091103838103408684364498205456773740039113468133276717915438164"", ""8923195653378575596374339564359580977568829821447368172035477452473428000599""]",Anna Blinkova,KXWTAMATCH-26APR21BLIKAL-BLI,https://kalshi.com/markets/kxwtamatch-26apr21blikal/blinkova-vs-kalieva/kxwtamatch-26apr21blikal-bli,2026-04-28T09:00:00Z,2026-05-05T08:00:00Z,2026-05-05T08:00:00Z
pair-0500,"Madrid Open, Qualification: Anna Blinkova vs Elvina Kalieva",sports,1.0,0xb70ed4a8eca9790301b572e8448872aa6dba4d9a92022f3caf9748725b19d175,wta-blinkov-kalieva-2026-04-21,https://polymarket.com/market/wta-blinkov-kalieva-2026-04-21,,"[""Anna Blinkova"", ""Elvina Kalieva""]","[""7512061693463091103838103408684364498205456773740039113468133276717915438164"", ""8923195653378575596374339564359580977568829821447368172035477452473428000599""]",Elvina Kalieva,KXWTAMATCH-26APR21BLIKAL-KAL,https://kalshi.com/markets/kxwtamatch-26apr21blikal/blinkova-vs-kalieva/kxwtamatch-26apr21blikal-kal,2026-04-28T09:00:00Z,2026-05-05T08:00:00Z,2026-05-05T08:00:00Z
pair-0501,Gwangju: Marat Sharipov vs Leandro Riedi,sports,1.0,0x6af7b848437632e8d5a5ba83a03202e01cdb6c46a2412bd59ccc666975973220,atp-sharipo-riedi-2026-04-21,https://polymarket.com/market/atp-sharipo-riedi-2026-04-21,,"[""Marat Sharipov"", ""Leandro Riedi""]","[""8394810520671809429951849126458424038322813816367357823326868999933718517744"", ""2983690551685048972764370280094141918860138096412812565299698429891097847734""]",Leandro Riedi,KXATPCHALLENGERMATCH-26APR21SHARIE-RIE,https://kalshi.com/markets/kxatpchallengermatch-26apr21sharie/sharipov-vs-riedi/kxatpchallengermatch-26apr21sharie-rie,2026-04-28T05:00:00Z,2026-05-05T05:00:00Z,2026-05-05T05:00:00Z
pair-0502,Gwangju: Marat Sharipov vs Leandro Riedi,sports,1.0,0x6af7b848437632e8d5a5ba83a03202e01cdb6c46a2412bd59ccc666975973220,atp-sharipo-riedi-2026-04-21,https://polymarket.com/market/atp-sharipo-riedi-2026-04-21,,"[""Marat Sharipov"", ""Leandro Riedi""]","[""8394810520671809429951849126458424038322813816367357823326868999933718517744"", ""2983690551685048972764370280094141918860138096412812565299698429891097847734""]",Marat Sharipov,KXATPCHALLENGERMATCH-26APR21SHARIE-SHA,https://kalshi.com/markets/kxatpchallengermatch-26apr21sharie/sharipov-vs-riedi/kxatpchallengermatch-26apr21sharie-sha,2026-04-28T05:00:00Z,2026-05-05T05:00:00Z,2026-05-05T05:00:00Z
pair-0503,Gwangju: Marat Sharipov vs Leandro Riedi,sports,1.0,0x6af7b848437632e8d5a5ba83a03202e01cdb6c46a2412bd59ccc666975973220,atp-sharipo-riedi-2026-04-21,https://polymarket.com/market/atp-sharipo-riedi-2026-04-21,,"[""Marat Sharipov"", ""Leandro Riedi""]","[""8394810520671809429951849126458424038322813816367357823326868999933718517744"", ""2983690551685048972764370280094141918860138096412812565299698429891097847734""]",Leandro Riedi,KXATPCHALLENGERMATCH-26APR21SHARIE-RIE,https://kalshi.com/markets/kxatpchallengermatch-26apr21sharie/sharipov-vs-riedi/kxatpchallengermatch-26apr21sharie-rie,2026-04-28T05:00:00Z,2026-05-05T05:00:00Z,2026-05-05T05:00:00Z
pair-0504,Gwangju: Marat Sharipov vs Leandro Riedi,sports,1.0,0x6af7b848437632e8d5a5ba83a03202e01cdb6c46a2412bd59ccc666975973220,atp-sharipo-riedi-2026-04-21,https://polymarket.com/market/atp-sharipo-riedi-2026-04-21,,"[""Marat Sharipov"", ""Leandro Riedi""]","[""8394810520671809429951849126458424038322813816367357823326868999933718517744"", ""2983690551685048972764370280094141918860138096412812565299698429891097847734""]",Marat Sharipov,KXATPCHALLENGERMATCH-26APR21SHARIE-SHA,https://kalshi.com/markets/kxatpchallengermatch-26apr21sharie/sharipov-vs-riedi/kxatpchallengermatch-26apr21sharie-sha,2026-04-28T05:00:00Z,2026-05-05T05:00:00Z,2026-05-05T05:00:00Z
pair-0505,"Madrid Open, Qualification: Panna Udvardy vs Tyra Caterina Grant",sports,1.0,0x3750606045000e6aa19cb45e604c889937802fba5b5f4f8c7c2d0f3e4dfdf4d7,wta-udvardy-grant-2026-04-21,https://polymarket.com/market/wta-udvardy-grant-2026-04-21,,"[""Panna Udvardy"", ""Tyra Caterina Grant""]","[""109793757742362227644168269305307886405212152022189343085213026358057938203554"", ""85898869206647251037512453330213755917932817680932754692102150482717643679994""]",Panna Udvardy,KXWTAMATCH-26APR21UDVGRA-UDV,https://kalshi.com/markets/kxwtamatch-26apr21udvgra/udvardy-vs-grant/kxwtamatch-26apr21udvgra-udv,2026-04-28T09:00:00Z,2026-05-05T08:00:00Z,2026-05-05T08:00:00Z
pair-0506,"Madrid Open, Qualification: Panna Udvardy vs Tyra Caterina Grant",sports,1.0,0x3750606045000e6aa19cb45e604c889937802fba5b5f4f8c7c2d0f3e4dfdf4d7,wta-udvardy-grant-2026-04-21,https://polymarket.com/market/wta-udvardy-grant-2026-04-21,,"[""Panna Udvardy"", ""Tyra Caterina Grant""]","[""109793757742362227644168269305307886405212152022189343085213026358057938203554"", ""85898869206647251037512453330213755917932817680932754692102150482717643679994""]",Tyra Caterina Grant,KXWTAMATCH-26APR21UDVGRA-GRA,https://kalshi.com/markets/kxwtamatch-26apr21udvgra/udvardy-vs-grant/kxwtamatch-26apr21udvgra-gra,2026-04-28T09:00:00Z,2026-05-05T08:00:00Z,2026-05-05T08:00:00Z
pair-0507,"Madrid Open, Qualification: Panna Udvardy vs Tyra Caterina Grant",sports,1.0,0x3750606045000e6aa19cb45e604c889937802fba5b5f4f8c7c2d0f3e4dfdf4d7,wta-udvardy-grant-2026-04-21,https://polymarket.com/market/wta-udvardy-grant-2026-04-21,,"[""Panna Udvardy"", ""Tyra Caterina Grant""]","[""109793757742362227644168269305307886405212152022189343085213026358057938203554"", ""85898869206647251037512453330213755917932817680932754692102150482717643679994""]",Panna Udvardy,KXWTAMATCH-26APR21UDVGRA-UDV,https://kalshi.com/markets/kxwtamatch-26apr21udvgra/udvardy-vs-grant/kxwtamatch-26apr21udvgra-udv,2026-04-28T09:00:00Z,2026-05-05T08:00:00Z,2026-05-05T08:00:00Z
pair-0508,"Madrid Open, Qualification: Panna Udvardy vs Tyra Caterina Grant",sports,1.0,0x3750606045000e6aa19cb45e604c889937802fba5b5f4f8c7c2d0f3e4dfdf4d7,wta-udvardy-grant-2026-04-21,https://polymarket.com/market/wta-udvardy-grant-2026-04-21,,"[""Panna Udvardy"", ""Tyra Caterina Grant""]","[""109793757742362227644168269305307886405212152022189343085213026358057938203554"", ""85898869206647251037512453330213755917932817680932754692102150482717643679994""]",Tyra Caterina Grant,KXWTAMATCH-26APR21UDVGRA-GRA,https://kalshi.com/markets/kxwtamatch-26apr21udvgra/udvardy-vs-grant/kxwtamatch-26apr21udvgra-gra,2026-04-28T09:00:00Z,2026-05-05T08:00:00Z,2026-05-05T08:00:00Z
pair-0509,Gwangju: Daniel Masur vs Soon-Woo Kwon,sports,1.0,0x31ad4df716ab80a815d1b8a10a294ff8e4b0d3181a51fb475ba052e98c8c144f,atp-masur-kwon-2026-04-20,https://polymarket.com/market/atp-masur-kwon-2026-04-20,,"[""Daniel Masur"", ""Soon-Woo Kwon""]","[""59325891561889331860529340793168229409679339868250639035218031265910663970640"", ""45147637519882360252796247289328681479275163722936491403134814228839427666990""]",Daniel Masur,KXATPCHALLENGERMATCH-26APR20MASKWON-MAS,https://kalshi.com/markets/kxatpchallengermatch-26apr20maskwon/masur-vs-kwon/kxatpchallengermatch-26apr20maskwon-mas,2026-04-28T03:30:00Z,2026-05-05T03:10:00Z,2026-05-05T03:10:00Z
pair-0510,Gwangju: Daniel Masur vs Soon-Woo Kwon,sports,1.0,0x31ad4df716ab80a815d1b8a10a294ff8e4b0d3181a51fb475ba052e98c8c144f,atp-masur-kwon-2026-04-20,https://polymarket.com/market/atp-masur-kwon-2026-04-20,,"[""Daniel Masur"", ""Soon-Woo Kwon""]","[""59325891561889331860529340793168229409679339868250639035218031265910663970640"", ""45147637519882360252796247289328681479275163722936491403134814228839427666990""]",Daniel Masur,KXATPCHALLENGERMATCH-26APR20MASKWON-MAS,https://kalshi.com/markets/kxatpchallengermatch-26apr20maskwon/masur-vs-kwon/kxatpchallengermatch-26apr20maskwon-mas,2026-04-28T03:30:00Z,2026-05-05T03:10:00Z,2026-05-05T03:10:00Z
pair-0511,"Madrid Open, Qualification: Katie Volynets vs Tamara Korpatsch",sports,1.0,0x3ee570a698f8f97c3b80c8b498dcfc6e693a563fcea984a4af5aa23a61c8025e,wta-volynet-korpats-2026-04-21,https://polymarket.com/market/wta-volynet-korpats-2026-04-21,,"[""Katie Volynets"", ""Tamara Korpatsch""]","[""63011301540257834001719171231270779424862993644933265368761518371875403762545"", ""64475078052564930368320191286028574758018657909806361511171524519306148305720""]",Tamara Korpatsch,KXWTAMATCH-26APR21VOLKOR-KOR,https://kalshi.com/markets/kxwtamatch-26apr21volkor/volynets-vs-korpatsch/kxwtamatch-26apr21volkor-kor,2026-04-28T09:00:00Z,2026-05-05T08:00:00Z,2026-05-05T08:00:00Z
pair-0512,"Madrid Open, Qualification: Katie Volynets vs Tamara Korpatsch",sports,1.0,0x3ee570a698f8f97c3b80c8b498dcfc6e693a563fcea984a4af5aa23a61c8025e,wta-volynet-korpats-2026-04-21,https://polymarket.com/market/wta-volynet-korpats-2026-04-21,,"[""Katie Volynets"", ""Tamara Korpatsch""]","[""63011301540257834001719171231270779424862993644933265368761518371875403762545"", ""64475078052564930368320191286028574758018657909806361511171524519306148305720""]",Katie Volynets,KXWTAMATCH-26APR21VOLKOR-VOL,https://kalshi.com/markets/kxwtamatch-26apr21volkor/volynets-vs-korpatsch/kxwtamatch-26apr21volkor-vol,2026-04-28T09:00:00Z,2026-05-05T08:00:00Z,2026-05-05T08:00:00Z
pair-0513,Gwangju: Liam Broady vs Beibit Zhukayev,sports,1.0,0x662ec3b3159ea3a783d2f76a8daecfc7e03a6559357ced52192d32ef5193d576,atp-broady-zhukaye-2026-04-20,https://polymarket.com/market/atp-broady-zhukaye-2026-04-20,,"[""Liam Broady"", ""Beibit Zhukayev""]","[""49677954481786233102387204948734200999596873701202665093276334078456684398125"", ""8082635193710740913166864374387718459155395998193465147979302547712878336755""]",Liam Broady,KXATPCHALLENGERMATCH-26APR20BROZHU-BRO,https://kalshi.com/markets/kxatpchallengermatch-26apr20brozhu/broady-vs-zhukayev/kxatpchallengermatch-26apr20brozhu-bro,2026-04-28T03:30:00Z,2026-05-05T03:10:00Z,2026-05-05T03:10:00Z
pair-0514,Gwangju: Liam Broady vs Beibit Zhukayev,sports,1.0,0x662ec3b3159ea3a783d2f76a8daecfc7e03a6559357ced52192d32ef5193d576,atp-broady-zhukaye-2026-04-20,https://polymarket.com/market/atp-broady-zhukaye-2026-04-20,,"[""Liam Broady"", ""Beibit Zhukayev""]","[""49677954481786233102387204948734200999596873701202665093276334078456684398125"", ""8082635193710740913166864374387718459155395998193465147979302547712878336755""]",Beibit Zhukayev,KXATPCHALLENGERMATCH-26APR20BROZHU-ZHU,https://kalshi.com/markets/kxatpchallengermatch-26apr20brozhu/broady-vs-zhukayev/kxatpchallengermatch-26apr20brozhu-zhu,2026-04-28T03:30:00Z,2026-05-05T03:10:00Z,2026-05-05T03:10:00Z
pair-0515,Gwangju: Liam Broady vs Beibit Zhukayev,sports,1.0,0x662ec3b3159ea3a783d2f76a8daecfc7e03a6559357ced52192d32ef5193d576,atp-broady-zhukaye-2026-04-20,https://polymarket.com/market/atp-broady-zhukaye-2026-04-20,,"[""Liam Broady"", ""Beibit Zhukayev""]","[""49677954481786233102387204948734200999596873701202665093276334078456684398125"", ""8082635193710740913166864374387718459155395998193465147979302547712878336755""]",Liam Broady,KXATPCHALLENGERMATCH-26APR20BROZHU-BRO,https://kalshi.com/markets/kxatpchallengermatch-26apr20brozhu/broady-vs-zhukayev/kxatpchallengermatch-26apr20brozhu-bro,2026-04-28T03:30:00Z,2026-05-05T03:10:00Z,2026-05-05T03:10:00Z
pair-0516,Gwangju: Liam Broady vs Beibit Zhukayev,sports,1.0,0x662ec3b3159ea3a783d2f76a8daecfc7e03a6559357ced52192d32ef5193d576,atp-broady-zhukaye-2026-04-20,https://polymarket.com/market/atp-broady-zhukaye-2026-04-20,,"[""Liam Broady"", ""Beibit Zhukayev""]","[""49677954481786233102387204948734200999596873701202665093276334078456684398125"", ""8082635193710740913166864374387718459155395998193465147979302547712878336755""]",Beibit Zhukayev,KXATPCHALLENGERMATCH-26APR20BROZHU-ZHU,https://kalshi.com/markets/kxatpchallengermatch-26apr20brozhu/broady-vs-zhukayev/kxatpchallengermatch-26apr20brozhu-zhu,2026-04-28T03:30:00Z,2026-05-05T03:10:00Z,2026-05-05T03:10:00Z
pair-0517,"Madrid Open, Qualification: Yulia Starodubtseva vs Anastasia Pavlyuchenkova",sports,1.0,0x7fd88811a81d545baac869bd204bedb206ae0b2691eee1fd6dccbd5a84344a7f,wta-starodu-pavlyuc-2026-04-21,https://polymarket.com/market/wta-starodu-pavlyuc-2026-04-21,,"[""Yulia Starodubtseva"", ""Anastasia Pavlyuchenkova""]","[""63850146365634654173061706811003869360459366413637150712651185028882958840267"", ""94016480742592449350927727876221861826368993673025734009544709681627328769142""]",Anastasia Pavlyuchenkova,KXWTAMATCH-26APR21STAPAV-PAV,https://kalshi.com/markets/kxwtamatch-26apr21stapav/starodubtseva-vs-pavlyuchenkova/kxwtamatch-26apr21stapav-pav,2026-04-28T09:00:00Z,2026-05-05T11:20:00Z,2026-05-05T11:20:00Z
pair-0518,"Madrid Open, Qualification: Dalma Galfi vs Darja Vidmanova",sports,1.0,0xf587dbb3bd3f5acaccd99e7ecf57fc3e89bdb48d1fc308e94da4d41a893f97a8,wta-galfi-vidmano-2026-04-21,https://polymarket.com/market/wta-galfi-vidmano-2026-04-21,,"[""Dalma Galfi"", ""Darja Vidmanova""]","[""35550448208866538635454206654955013882196287648669235058858083373024213789499"", ""90359071038788930433472748925728966324328225580030309953504423337209980176582""]",Dalma Galfi,KXWTAMATCH-26APR21GALVID-GAL,https://kalshi.com/markets/kxwtamatch-26apr21galvid/galfi-vs-vidmanova/kxwtamatch-26apr21galvid-gal,2026-04-28T08:00:00Z,2026-05-05T12:30:00Z,2026-05-05T12:30:00Z
pair-0519,"Madrid Open, Qualification: Dalma Galfi vs Darja Vidmanova",sports,1.0,0xf587dbb3bd3f5acaccd99e7ecf57fc3e89bdb48d1fc308e94da4d41a893f97a8,wta-galfi-vidmano-2026-04-21,https://polymarket.com/market/wta-galfi-vidmano-2026-04-21,,"[""Dalma Galfi"", ""Darja Vidmanova""]","[""35550448208866538635454206654955013882196287648669235058858083373024213789499"", ""90359071038788930433472748925728966324328225580030309953504423337209980176582""]",Darja Vidmanova,KXWTAMATCH-26APR21GALVID-VID,https://kalshi.com/markets/kxwtamatch-26apr21galvid/galfi-vs-vidmanova/kxwtamatch-26apr21galvid-vid,2026-04-28T08:00:00Z,2026-05-05T12:30:00Z,2026-05-05T12:30:00Z
pair-0520,"Madrid Open, Qualification: Dalma Galfi vs Darja Vidmanova",sports,1.0,0xf587dbb3bd3f5acaccd99e7ecf57fc3e89bdb48d1fc308e94da4d41a893f97a8,wta-galfi-vidmano-2026-04-21,https://polymarket.com/market/wta-galfi-vidmano-2026-04-21,,"[""Dalma Galfi"", ""Darja Vidmanova""]","[""35550448208866538635454206654955013882196287648669235058858083373024213789499"", ""90359071038788930433472748925728966324328225580030309953504423337209980176582""]",Dalma Galfi,KXWTAMATCH-26APR21GALVID-GAL,https://kalshi.com/markets/kxwtamatch-26apr21galvid/galfi-vs-vidmanova/kxwtamatch-26apr21galvid-gal,2026-04-28T08:00:00Z,2026-05-05T12:30:00Z,2026-05-05T12:30:00Z
pair-0521,"Madrid Open, Qualification: Dalma Galfi vs Darja Vidmanova",sports,1.0,0xf587dbb3bd3f5acaccd99e7ecf57fc3e89bdb48d1fc308e94da4d41a893f97a8,wta-galfi-vidmano-2026-04-21,https://polymarket.com/market/wta-galfi-vidmano-2026-04-21,,"[""Dalma Galfi"", ""Darja Vidmanova""]","[""35550448208866538635454206654955013882196287648669235058858083373024213789499"", ""90359071038788930433472748925728966324328225580030309953504423337209980176582""]",Darja Vidmanova,KXWTAMATCH-26APR21GALVID-VID,https://kalshi.com/markets/kxwtamatch-26apr21galvid/galfi-vs-vidmanova/kxwtamatch-26apr21galvid-vid,2026-04-28T08:00:00Z,2026-05-05T12:30:00Z,2026-05-05T12:30:00Z
pair-0522,Gwangju: Hayato Matsuoka vs Tristan Schoolkate,sports,1.0,0xb7d2d22c0b62eae3fef18d2b2146feb914bf70a0b42d9f01382ecf46ff2fc336,atp-matsuok-schoolk-2026-04-20,https://polymarket.com/market/atp-matsuok-schoolk-2026-04-20,,"[""Hayato Matsuoka"", ""Tristan Schoolkate""]","[""3129535701549514387176337898198204438486162735188727454985740356357140684236"", ""107406026934221365230002566160869989094417282031132868498076552825281886646425""]",Hayato Matsuoka,KXATPCHALLENGERMATCH-26APR20MATSCH-MAT,https://kalshi.com/markets/kxatpchallengermatch-26apr20matsch/matsuoka-vs-schoolkate/kxatpchallengermatch-26apr20matsch-mat,2026-04-28T03:30:00Z,2026-05-05T03:10:00Z,2026-05-05T03:10:00Z
pair-0523,Gwangju: Hayato Matsuoka vs Tristan Schoolkate,sports,1.0,0xb7d2d22c0b62eae3fef18d2b2146feb914bf70a0b42d9f01382ecf46ff2fc336,atp-matsuok-schoolk-2026-04-20,https://polymarket.com/market/atp-matsuok-schoolk-2026-04-20,,"[""Hayato Matsuoka"", ""Tristan Schoolkate""]","[""3129535701549514387176337898198204438486162735188727454985740356357140684236"", ""107406026934221365230002566160869989094417282031132868498076552825281886646425""]",Tristan Schoolkate,KXATPCHALLENGERMATCH-26APR20MATSCH-SCH,https://kalshi.com/markets/kxatpchallengermatch-26apr20matsch/matsuoka-vs-schoolkate/kxatpchallengermatch-26apr20matsch-sch,2026-04-28T03:30:00Z,2026-05-05T03:10:00Z,2026-05-05T03:10:00Z
pair-0524,Gwangju: Hayato Matsuoka vs Tristan Schoolkate,sports,1.0,0xb7d2d22c0b62eae3fef18d2b2146feb914bf70a0b42d9f01382ecf46ff2fc336,atp-matsuok-schoolk-2026-04-20,https://polymarket.com/market/atp-matsuok-schoolk-2026-04-20,,"[""Hayato Matsuoka"", ""Tristan Schoolkate""]","[""3129535701549514387176337898198204438486162735188727454985740356357140684236"", ""107406026934221365230002566160869989094417282031132868498076552825281886646425""]",Hayato Matsuoka,KXATPCHALLENGERMATCH-26APR20MATSCH-MAT,https://kalshi.com/markets/kxatpchallengermatch-26apr20matsch/matsuoka-vs-schoolkate/kxatpchallengermatch-26apr20matsch-mat,2026-04-28T03:30:00Z,2026-05-05T03:10:00Z,2026-05-05T03:10:00Z
pair-0525,Gwangju: Hayato Matsuoka vs Tristan Schoolkate,sports,1.0,0xb7d2d22c0b62eae3fef18d2b2146feb914bf70a0b42d9f01382ecf46ff2fc336,atp-matsuok-schoolk-2026-04-20,https://polymarket.com/market/atp-matsuok-schoolk-2026-04-20,,"[""Hayato Matsuoka"", ""Tristan Schoolkate""]","[""3129535701549514387176337898198204438486162735188727454985740356357140684236"", ""107406026934221365230002566160869989094417282031132868498076552825281886646425""]",Tristan Schoolkate,KXATPCHALLENGERMATCH-26APR20MATSCH-SCH,https://kalshi.com/markets/kxatpchallengermatch-26apr20matsch/matsuoka-vs-schoolkate/kxatpchallengermatch-26apr20matsch-sch,2026-04-28T03:30:00Z,2026-05-05T03:10:00Z,2026-05-05T03:10:00Z
pair-0526,"Madrid Open, Qualification: Cristian Garin vs Martin Damm",sports,1.0,0xe269d4b56ff8b776c9c65d1cdc141a496393ede02fb61ff763f3b677b7c2e564,atp-garin-damm-2026-04-21,https://polymarket.com/market/atp-garin-damm-2026-04-21,,"[""Cristian Garin"", ""Martin Damm""]","[""98943954290032441325077625653543293642781808742502465549302189905682368129634"", ""54206845215388661828259585627144180108058441981140818712840729992890538212231""]",Cristian Garin,KXATPMATCH-26APR21GARDAM-GAR,https://kalshi.com/markets/kxatpmatch-26apr21gardam/garin-vs-damm-jr/kxatpmatch-26apr21gardam-gar,2026-04-28T09:00:00Z,2026-05-05T08:00:00Z,2026-05-05T08:00:00Z
pair-0527,"Madrid Open, Qualification: Yibing Wu vs Titouan Droguet",sports,1.0,0xd3efaf4d322a549e15bcd3fd3a5148d726cae8815716b194a167e621b2b7ae2c,atp-wu-droguet-2026-04-21,https://polymarket.com/market/atp-wu-droguet-2026-04-21,,"[""Yibing Wu"", ""Titouan Droguet""]","[""49241792078997565638621173733619907115010995847209866754871250706689107961029"", ""48667762428693286265735784688559146928820942199011530956775945488739386438488""]",Titouan Droguet,KXATPMATCH-26APR21YIBDRO-DRO,https://kalshi.com/markets/kxatpmatch-26apr21yibdro/wu-vs-droguet/kxatpmatch-26apr21yibdro-dro,2026-04-28T09:00:00Z,2026-05-05T08:00:00Z,2026-05-05T08:00:00Z
pair-0528,"Madrid Open, Qualification: Yibing Wu vs Titouan Droguet",sports,1.0,0xd3efaf4d322a549e15bcd3fd3a5148d726cae8815716b194a167e621b2b7ae2c,atp-wu-droguet-2026-04-21,https://polymarket.com/market/atp-wu-droguet-2026-04-21,,"[""Yibing Wu"", ""Titouan Droguet""]","[""49241792078997565638621173733619907115010995847209866754871250706689107961029"", ""48667762428693286265735784688559146928820942199011530956775945488739386438488""]",Yibing Wu,KXATPMATCH-26APR21YIBDRO-YIB,https://kalshi.com/markets/kxatpmatch-26apr21yibdro/wu-vs-droguet/kxatpmatch-26apr21yibdro-yib,2026-04-28T09:00:00Z,2026-05-05T08:00:00Z,2026-05-05T08:00:00Z
pair-0529,"Madrid Open, Qualification: Yibing Wu vs Titouan Droguet",sports,1.0,0xd3efaf4d322a549e15bcd3fd3a5148d726cae8815716b194a167e621b2b7ae2c,atp-wu-droguet-2026-04-21,https://polymarket.com/market/atp-wu-droguet-2026-04-21,,"[""Yibing Wu"", ""Titouan Droguet""]","[""49241792078997565638621173733619907115010995847209866754871250706689107961029"", ""48667762428693286265735784688559146928820942199011530956775945488739386438488""]",Titouan Droguet,KXATPMATCH-26APR21YIBDRO-DRO,https://kalshi.com/markets/kxatpmatch-26apr21yibdro/wu-vs-droguet/kxatpmatch-26apr21yibdro-dro,2026-04-28T09:00:00Z,2026-05-05T08:00:00Z,2026-05-05T08:00:00Z
pair-0530,"Madrid Open, Qualification: Yibing Wu vs Titouan Droguet",sports,1.0,0xd3efaf4d322a549e15bcd3fd3a5148d726cae8815716b194a167e621b2b7ae2c,atp-wu-droguet-2026-04-21,https://polymarket.com/market/atp-wu-droguet-2026-04-21,,"[""Yibing Wu"", ""Titouan Droguet""]","[""49241792078997565638621173733619907115010995847209866754871250706689107961029"", ""48667762428693286265735784688559146928820942199011530956775945488739386438488""]",Yibing Wu,KXATPMATCH-26APR21YIBDRO-YIB,https://kalshi.com/markets/kxatpmatch-26apr21yibdro/wu-vs-droguet/kxatpmatch-26apr21yibdro-yib,2026-04-28T09:00:00Z,2026-05-05T08:00:00Z,2026-05-05T08:00:00Z
pair-0531,Shymkent: Daniil Ostapenkov vs Samuele Pieri,sports,1.0,0xaf96d6a44a43c54cda373b4dd72f68bf0f6a85608a23f6e225d081bdb3ebf83c,atp-ostapen-pieri-2026-04-21,https://polymarket.com/market/atp-ostapen-pieri-2026-04-21,,"[""Daniil Ostapenkov"", ""Samuele Pieri""]","[""83828265727617770578912411297794812755159857092296773112273925178922293598457"", ""83569356035293709930979396695671927279424384168673182322993187770495549415528""]",Samuele Pieri,KXATPCHALLENGERMATCH-26APR21OSTPIE-PIE,https://kalshi.com/markets/kxatpchallengermatch-26apr21ostpie/ostapenkov-vs-pieri/kxatpchallengermatch-26apr21ostpie-pie,2026-04-28T05:00:00Z,2026-05-05T05:00:00Z,2026-05-05T05:00:00Z
pair-0532,Shymkent: Daniil Ostapenkov vs Samuele Pieri,sports,1.0,0xaf96d6a44a43c54cda373b4dd72f68bf0f6a85608a23f6e225d081bdb3ebf83c,atp-ostapen-pieri-2026-04-21,https://polymarket.com/market/atp-ostapen-pieri-2026-04-21,,"[""Daniil Ostapenkov"", ""Samuele Pieri""]","[""83828265727617770578912411297794812755159857092296773112273925178922293598457"", ""83569356035293709930979396695671927279424384168673182322993187770495549415528""]",Daniil Ostapenkov,KXATPCHALLENGERMATCH-26APR21OSTPIE-OST,https://kalshi.com/markets/kxatpchallengermatch-26apr21ostpie/ostapenkov-vs-pieri/kxatpchallengermatch-26apr21ostpie-ost,2026-04-28T05:00:00Z,2026-05-05T05:00:00Z,2026-05-05T05:00:00Z
pair-0533,Shymkent: Daniil Ostapenkov vs Samuele Pieri,sports,1.0,0xaf96d6a44a43c54cda373b4dd72f68bf0f6a85608a23f6e225d081bdb3ebf83c,atp-ostapen-pieri-2026-04-21,https://polymarket.com/market/atp-ostapen-pieri-2026-04-21,,"[""Daniil Ostapenkov"", ""Samuele Pieri""]","[""83828265727617770578912411297794812755159857092296773112273925178922293598457"", ""83569356035293709930979396695671927279424384168673182322993187770495549415528""]",Samuele Pieri,KXATPCHALLENGERMATCH-26APR21OSTPIE-PIE,https://kalshi.com/markets/kxatpchallengermatch-26apr21ostpie/ostapenkov-vs-pieri/kxatpchallengermatch-26apr21ostpie-pie,2026-04-28T05:00:00Z,2026-05-05T05:00:00Z,2026-05-05T05:00:00Z
pair-0534,Shymkent: Daniil Ostapenkov vs Samuele Pieri,sports,1.0,0xaf96d6a44a43c54cda373b4dd72f68bf0f6a85608a23f6e225d081bdb3ebf83c,atp-ostapen-pieri-2026-04-21,https://polymarket.com/market/atp-ostapen-pieri-2026-04-21,,"[""Daniil Ostapenkov"", ""Samuele Pieri""]","[""83828265727617770578912411297794812755159857092296773112273925178922293598457"", ""83569356035293709930979396695671927279424384168673182322993187770495549415528""]",Daniil Ostapenkov,KXATPCHALLENGERMATCH-26APR21OSTPIE-OST,https://kalshi.com/markets/kxatpchallengermatch-26apr21ostpie/ostapenkov-vs-pieri/kxatpchallengermatch-26apr21ostpie-ost,2026-04-28T05:00:00Z,2026-05-05T05:00:00Z,2026-05-05T05:00:00Z
pair-0535,Shymkent: Mili Poljicak vs Antoine Ghibaudo,sports,1.0,0x5c64c1d658a80f2e76fd74d94d8a985aca9212bce8afe3d48b19cf209b6daa1a,atp-poljica-ghibaud-2026-04-21,https://polymarket.com/market/atp-poljica-ghibaud-2026-04-21,,"[""Mili Poljicak"", ""Antoine Ghibaudo""]","[""88782411225841327768660924540290650753245027481076211783290392311060211357947"", ""84699011022890169434214221742872016889704971313090401039790774278536288960376""]",Antoine Ghibaudo,KXATPCHALLENGERMATCH-26APR21POLGHI-GHI,https://kalshi.com/markets/kxatpchallengermatch-26apr21polghi/poljicak-vs-ghibaudo/kxatpchallengermatch-26apr21polghi-ghi,2026-04-28T06:30:00Z,2026-05-05T06:10:00Z,2026-05-05T06:10:00Z
pair-0536,Shymkent: Mili Poljicak vs Antoine Ghibaudo,sports,1.0,0x5c64c1d658a80f2e76fd74d94d8a985aca9212bce8afe3d48b19cf209b6daa1a,atp-poljica-ghibaud-2026-04-21,https://polymarket.com/market/atp-poljica-ghibaud-2026-04-21,,"[""Mili Poljicak"", ""Antoine Ghibaudo""]","[""88782411225841327768660924540290650753245027481076211783290392311060211357947"", ""84699011022890169434214221742872016889704971313090401039790774278536288960376""]",Mili Poljicak,KXATPCHALLENGERMATCH-26APR21POLGHI-POL,https://kalshi.com/markets/kxatpchallengermatch-26apr21polghi/poljicak-vs-ghibaudo/kxatpchallengermatch-26apr21polghi-pol,2026-04-28T06:30:00Z,2026-05-05T06:10:00Z,2026-05-05T06:10:00Z
pair-0537,Shymkent: Mili Poljicak vs Antoine Ghibaudo,sports,1.0,0x5c64c1d658a80f2e76fd74d94d8a985aca9212bce8afe3d48b19cf209b6daa1a,atp-poljica-ghibaud-2026-04-21,https://polymarket.com/market/atp-poljica-ghibaud-2026-04-21,,"[""Mili Poljicak"", ""Antoine Ghibaudo""]","[""88782411225841327768660924540290650753245027481076211783290392311060211357947"", ""84699011022890169434214221742872016889704971313090401039790774278536288960376""]",Antoine Ghibaudo,KXATPCHALLENGERMATCH-26APR21POLGHI-GHI,https://kalshi.com/markets/kxatpchallengermatch-26apr21polghi/poljicak-vs-ghibaudo/kxatpchallengermatch-26apr21polghi-ghi,2026-04-28T06:30:00Z,2026-05-05T06:10:00Z,2026-05-05T06:10:00Z
pair-0538,Shymkent: Mili Poljicak vs Antoine Ghibaudo,sports,1.0,0x5c64c1d658a80f2e76fd74d94d8a985aca9212bce8afe3d48b19cf209b6daa1a,atp-poljica-ghibaud-2026-04-21,https://polymarket.com/market/atp-poljica-ghibaud-2026-04-21,,"[""Mili Poljicak"", ""Antoine Ghibaudo""]","[""88782411225841327768660924540290650753245027481076211783290392311060211357947"", ""84699011022890169434214221742872016889704971313090401039790774278536288960376""]",Mili Poljicak,KXATPCHALLENGERMATCH-26APR21POLGHI-POL,https://kalshi.com/markets/kxatpchallengermatch-26apr21polghi/poljicak-vs-ghibaudo/kxatpchallengermatch-26apr21polghi-pol,2026-04-28T06:30:00Z,2026-05-05T06:10:00Z,2026-05-05T06:10:00Z
pair-0539,Shymkent: Sergey Fomin vs Vladyslav Orlov,sports,1.0,0x0c9587eec32db8995338024a90c8a8aaa599c4964a48f0af1e9f7032c8e864f2,atp-fomin-orlov-2026-04-21,https://polymarket.com/market/atp-fomin-orlov-2026-04-21,,"[""Sergey Fomin"", ""Vladyslav Orlov""]","[""40407738025341510055486157655754135372668064393450707533154673876753340990024"", ""48236260656605275712564701214045514875589318337233173330650878955058672216161""]",Sergey Fomin,KXATPCHALLENGERMATCH-26APR21FOMORL-FOM,https://kalshi.com/markets/kxatpchallengermatch-26apr21fomorl/fomin-vs-orlov/kxatpchallengermatch-26apr21fomorl-fom,2026-04-28T05:00:00Z,2026-05-05T05:00:00Z,2026-05-05T05:00:00Z
pair-0540,Shymkent: Sergey Fomin vs Vladyslav Orlov,sports,1.0,0x0c9587eec32db8995338024a90c8a8aaa599c4964a48f0af1e9f7032c8e864f2,atp-fomin-orlov-2026-04-21,https://polymarket.com/market/atp-fomin-orlov-2026-04-21,,"[""Sergey Fomin"", ""Vladyslav Orlov""]","[""40407738025341510055486157655754135372668064393450707533154673876753340990024"", ""48236260656605275712564701214045514875589318337233173330650878955058672216161""]",Vladyslav Orlov,KXATPCHALLENGERMATCH-26APR21FOMORL-ORL,https://kalshi.com/markets/kxatpchallengermatch-26apr21fomorl/fomin-vs-orlov/kxatpchallengermatch-26apr21fomorl-orl,2026-04-28T05:00:00Z,2026-05-05T05:00:00Z,2026-05-05T05:00:00Z
pair-0541,Shymkent: Ergi Kirkin vs Gilles Arnaud Bailly,sports,1.0,0xa4d740f26e5552129a677732c6d2c20d2edbcde351d689e201c73678033b3412,atp-kirkin-bailly-2026-04-21,https://polymarket.com/market/atp-kirkin-bailly-2026-04-21,,"[""Ergi Kirkin"", ""Gilles Arnaud Bailly""]","[""55877881661672715067671843552283702692784522897293668537840137797205267161707"", ""83726480377527387563849335902421217982744492390614535620265689552658767604614""]",Gilles Arnaud Bailly,KXATPCHALLENGERMATCH-26APR21KIRARN-ARN,https://kalshi.com/markets/kxatpchallengermatch-26apr21kirarn/kirkin-vs-bailly/kxatpchallengermatch-26apr21kirarn-arn,2026-04-28T07:00:00Z,2026-05-05T07:20:00Z,2026-05-05T07:20:00Z
pair-0542,Shymkent: Ergi Kirkin vs Gilles Arnaud Bailly,sports,1.0,0xa4d740f26e5552129a677732c6d2c20d2edbcde351d689e201c73678033b3412,atp-kirkin-bailly-2026-04-21,https://polymarket.com/market/atp-kirkin-bailly-2026-04-21,,"[""Ergi Kirkin"", ""Gilles Arnaud Bailly""]","[""55877881661672715067671843552283702692784522897293668537840137797205267161707"", ""83726480377527387563849335902421217982744492390614535620265689552658767604614""]",Ergi Kirkin,KXATPCHALLENGERMATCH-26APR21KIRARN-KIR,https://kalshi.com/markets/kxatpchallengermatch-26apr21kirarn/kirkin-vs-bailly/kxatpchallengermatch-26apr21kirarn-kir,2026-04-28T07:00:00Z,2026-05-05T07:20:00Z,2026-05-05T07:20:00Z
pair-0543,Rome: Marko Topo vs Cezar Cretu,sports,1.0,0x9250333f80475515f61b18cba425305e22b3dacd2daa7b76947354134294ec44,atp-topo-cretu-2026-04-21,https://polymarket.com/market/atp-topo-cretu-2026-04-21,,"[""Marko Topo"", ""Cezar Cretu""]","[""14729766918616167565812172326082758266263560967808144164523613086318798428694"", ""102365326728936067385692139197551689579988809787650857855798406984637342467260""]",Marko Topo,KXATPCHALLENGERMATCH-26APR21TOPCRE-TOP,https://kalshi.com/markets/kxatpchallengermatch-26apr21topcre/topo-vs-cretu/kxatpchallengermatch-26apr21topcre-top,2026-04-28T08:00:00Z,2026-05-05T08:00:00Z,2026-05-05T08:00:00Z
pair-0544,Rome: Marko Topo vs Cezar Cretu,sports,1.0,0x9250333f80475515f61b18cba425305e22b3dacd2daa7b76947354134294ec44,atp-topo-cretu-2026-04-21,https://polymarket.com/market/atp-topo-cretu-2026-04-21,,"[""Marko Topo"", ""Cezar Cretu""]","[""14729766918616167565812172326082758266263560967808144164523613086318798428694"", ""102365326728936067385692139197551689579988809787650857855798406984637342467260""]",Marko Topo,KXATPCHALLENGERMATCH-26APR21TOPCRE-TOP,https://kalshi.com/markets/kxatpchallengermatch-26apr21topcre/topo-vs-cretu/kxatpchallengermatch-26apr21topcre-top,2026-04-28T08:00:00Z,2026-05-05T08:00:00Z,2026-05-05T08:00:00Z
pair-0545,"Madrid Open, Qualification: Jaime Faria vs Lloyd Harris",sports,1.0,0x24b230932c2e67b0eb6d21af1f5d691fade9a3853cfc3ea4a427adcea6483a32,atp-faria-harri-2026-04-21,https://polymarket.com/market/atp-faria-harri-2026-04-21,,"[""Jaime Faria"", ""Lloyd Harris""]","[""56428862436077363857220254200960018236338293209433051139881108948751809263248"", ""99152165121680603354334521403585784026988944402598779223781533923522049176438""]",Jaime Faria,KXATPMATCH-26APR21FARHAR-FAR,https://kalshi.com/markets/kxatpmatch-26apr21farhar/faria-vs-harris/kxatpmatch-26apr21farhar-far,2026-04-28T09:00:00Z,2026-05-05T08:00:00Z,2026-05-05T08:00:00Z
pair-0546,"Madrid Open, Qualification: Jaime Faria vs Lloyd Harris",sports,1.0,0x24b230932c2e67b0eb6d21af1f5d691fade9a3853cfc3ea4a427adcea6483a32,atp-faria-harri-2026-04-21,https://polymarket.com/market/atp-faria-harri-2026-04-21,,"[""Jaime Faria"", ""Lloyd Harris""]","[""56428862436077363857220254200960018236338293209433051139881108948751809263248"", ""99152165121680603354334521403585784026988944402598779223781533923522049176438""]",Lloyd Harris,KXATPMATCH-26APR21FARHAR-HAR,https://kalshi.com/markets/kxatpmatch-26apr21farhar/faria-vs-harris/kxatpmatch-26apr21farhar-har,2026-04-28T09:00:00Z,2026-05-05T08:00:00Z,2026-05-05T08:00:00Z
pair-0547,"Madrid Open, Qualification: Jaime Faria vs Lloyd Harris",sports,1.0,0x24b230932c2e67b0eb6d21af1f5d691fade9a3853cfc3ea4a427adcea6483a32,atp-faria-harri-2026-04-21,https://polymarket.com/market/atp-faria-harri-2026-04-21,,"[""Jaime Faria"", ""Lloyd Harris""]","[""56428862436077363857220254200960018236338293209433051139881108948751809263248"", ""99152165121680603354334521403585784026988944402598779223781533923522049176438""]",Jaime Faria,KXATPMATCH-26APR21FARHAR-FAR,https://kalshi.com/markets/kxatpmatch-26apr21farhar/faria-vs-harris/kxatpmatch-26apr21farhar-far,2026-04-28T09:00:00Z,2026-05-05T08:00:00Z,2026-05-05T08:00:00Z
pair-0548,"Madrid Open, Qualification: Jaime Faria vs Lloyd Harris",sports,1.0,0x24b230932c2e67b0eb6d21af1f5d691fade9a3853cfc3ea4a427adcea6483a32,atp-faria-harri-2026-04-21,https://polymarket.com/market/atp-faria-harri-2026-04-21,,"[""Jaime Faria"", ""Lloyd Harris""]","[""56428862436077363857220254200960018236338293209433051139881108948751809263248"", ""99152165121680603354334521403585784026988944402598779223781533923522049176438""]",Lloyd Harris,KXATPMATCH-26APR21FARHAR-HAR,https://kalshi.com/markets/kxatpmatch-26apr21farhar/faria-vs-harris/kxatpmatch-26apr21farhar-har,2026-04-28T09:00:00Z,2026-05-05T08:00:00Z,2026-05-05T08:00:00Z
pair-0549,"Madrid Open, Qualification: Diego Dedura-Palomero vs Benjamin Bonzi",sports,1.0,0x43816928d23121d7b03fb720fd78056661377629e5c69f34a419e1faad8c3a1e,atp-dedurap-bonzi-2026-04-21,https://polymarket.com/market/atp-dedurap-bonzi-2026-04-21,,"[""Diego Dedura-Palomero"", ""Benjamin Bonzi""]","[""17868731907828069707586605412077084576338350041817679531481546973357693427011"", ""49062785193584906381901473521811384104017396260640921600864108695897545691651""]",Diego Dedura-Palomero,KXATPMATCH-26APR21DEDBON-DED,https://kalshi.com/markets/kxatpmatch-26apr21dedbon/dedura-palomero-vs-bonzi/kxatpmatch-26apr21dedbon-ded,2026-04-28T09:00:00Z,2026-05-05T08:00:00Z,2026-05-05T08:00:00Z
pair-0550,"Madrid Open, Qualification: Diego Dedura-Palomero vs Benjamin Bonzi",sports,1.0,0x43816928d23121d7b03fb720fd78056661377629e5c69f34a419e1faad8c3a1e,atp-dedurap-bonzi-2026-04-21,https://polymarket.com/market/atp-dedurap-bonzi-2026-04-21,,"[""Diego Dedura-Palomero"", ""Benjamin Bonzi""]","[""17868731907828069707586605412077084576338350041817679531481546973357693427011"", ""49062785193584906381901473521811384104017396260640921600864108695897545691651""]",Benjamin Bonzi,KXATPMATCH-26APR21DEDBON-BON,https://kalshi.com/markets/kxatpmatch-26apr21dedbon/dedura-palomero-vs-bonzi/kxatpmatch-26apr21dedbon-bon,2026-04-28T09:00:00Z,2026-05-05T08:00:00Z,2026-05-05T08:00:00Z
pair-0551,"Madrid Open, Qualification: Diego Dedura-Palomero vs Benjamin Bonzi",sports,1.0,0x43816928d23121d7b03fb720fd78056661377629e5c69f34a419e1faad8c3a1e,atp-dedurap-bonzi-2026-04-21,https://polymarket.com/market/atp-dedurap-bonzi-2026-04-21,,"[""Diego Dedura-Palomero"", ""Benjamin Bonzi""]","[""17868731907828069707586605412077084576338350041817679531481546973357693427011"", ""49062785193584906381901473521811384104017396260640921600864108695897545691651""]",Diego Dedura-Palomero,KXATPMATCH-26APR21DEDBON-DED,https://kalshi.com/markets/kxatpmatch-26apr21dedbon/dedura-palomero-vs-bonzi/kxatpmatch-26apr21dedbon-ded,2026-04-28T09:00:00Z,2026-05-05T08:00:00Z,2026-05-05T08:00:00Z
pair-0552,"Madrid Open, Qualification: Diego Dedura-Palomero vs Benjamin Bonzi",sports,1.0,0x43816928d23121d7b03fb720fd78056661377629e5c69f34a419e1faad8c3a1e,atp-dedurap-bonzi-2026-04-21,https://polymarket.com/market/atp-dedurap-bonzi-2026-04-21,,"[""Diego Dedura-Palomero"", ""Benjamin Bonzi""]","[""17868731907828069707586605412077084576338350041817679531481546973357693427011"", ""49062785193584906381901473521811384104017396260640921600864108695897545691651""]",Benjamin Bonzi,KXATPMATCH-26APR21DEDBON-BON,https://kalshi.com/markets/kxatpmatch-26apr21dedbon/dedura-palomero-vs-bonzi/kxatpmatch-26apr21dedbon-bon,2026-04-28T09:00:00Z,2026-05-05T08:00:00Z,2026-05-05T08:00:00Z
pair-0553,Gwangju: Rio Noguchi vs Alexis Galarneau,sports,1.0,0x11252c40accbcdeec293e27c8cb4bd79f0020bc35b4fa7c1363ab8f4636d56a6,atp-noguchi-galarne-2026-04-19,https://polymarket.com/market/atp-noguchi-galarne-2026-04-19,,"[""Rio Noguchi"", ""Alexis Galarneau""]","[""94290945290389477301981303191828932215520564551803647460146935415471666187529"", ""37941476509231495073035982798884119374008446454879315473071700049079910788818""]",Rio Noguchi,KXATPCHALLENGERMATCH-26APR20NOGGAL-NOG,https://kalshi.com/markets/kxatpchallengermatch-26apr20noggal/noguchi-vs-galarneau/kxatpchallengermatch-26apr20noggal-nog,2026-04-27T01:00:00Z,2026-05-05T02:00:00Z,2026-05-05T02:00:00Z
pair-0554,Gwangju: Rio Noguchi vs Alexis Galarneau,sports,1.0,0x11252c40accbcdeec293e27c8cb4bd79f0020bc35b4fa7c1363ab8f4636d56a6,atp-noguchi-galarne-2026-04-19,https://polymarket.com/market/atp-noguchi-galarne-2026-04-19,,"[""Rio Noguchi"", ""Alexis Galarneau""]","[""94290945290389477301981303191828932215520564551803647460146935415471666187529"", ""37941476509231495073035982798884119374008446454879315473071700049079910788818""]",Alexis Galarneau,KXATPCHALLENGERMATCH-26APR20NOGGAL-GAL,https://kalshi.com/markets/kxatpchallengermatch-26apr20noggal/noguchi-vs-galarneau/kxatpchallengermatch-26apr20noggal-gal,2026-04-27T01:00:00Z,2026-05-05T02:00:00Z,2026-05-05T02:00:00Z
pair-0555,Gwangju: Rio Noguchi vs Alexis Galarneau,sports,1.0,0x11252c40accbcdeec293e27c8cb4bd79f0020bc35b4fa7c1363ab8f4636d56a6,atp-noguchi-galarne-2026-04-19,https://polymarket.com/market/atp-noguchi-galarne-2026-04-19,,"[""Rio Noguchi"", ""Alexis Galarneau""]","[""94290945290389477301981303191828932215520564551803647460146935415471666187529"", ""37941476509231495073035982798884119374008446454879315473071700049079910788818""]",Rio Noguchi,KXATPCHALLENGERMATCH-26APR20NOGGAL-NOG,https://kalshi.com/markets/kxatpchallengermatch-26apr20noggal/noguchi-vs-galarneau/kxatpchallengermatch-26apr20noggal-nog,2026-04-27T01:00:00Z,2026-05-05T02:00:00Z,2026-05-05T02:00:00Z
pair-0556,Gwangju: Rio Noguchi vs Alexis Galarneau,sports,1.0,0x11252c40accbcdeec293e27c8cb4bd79f0020bc35b4fa7c1363ab8f4636d56a6,atp-noguchi-galarne-2026-04-19,https://polymarket.com/market/atp-noguchi-galarne-2026-04-19,,"[""Rio Noguchi"", ""Alexis Galarneau""]","[""94290945290389477301981303191828932215520564551803647460146935415471666187529"", ""37941476509231495073035982798884119374008446454879315473071700049079910788818""]",Alexis Galarneau,KXATPCHALLENGERMATCH-26APR20NOGGAL-GAL,https://kalshi.com/markets/kxatpchallengermatch-26apr20noggal/noguchi-vs-galarneau/kxatpchallengermatch-26apr20noggal-gal,2026-04-27T01:00:00Z,2026-05-05T02:00:00Z,2026-05-05T02:00:00Z
pair-0557,Gwangju: James McCabe vs Kaichi Uchida,sports,1.0,0x45a91001711415fe8602e2592968bdb918427ea804bd92be4720df7e8f935919,atp-mccabe-uchida-2026-04-19,https://polymarket.com/market/atp-mccabe-uchida-2026-04-19,,"[""James McCabe"", ""Kaichi Uchida""]","[""61694057813482594287572927632851761296264124771827183586798369950928145258182"", ""27738366062524673098974477340200972269261969765236016360292439410118593513145""]",Kaichi Uchida,KXATPCHALLENGERMATCH-26APR20MCCUCH-UCH,https://kalshi.com/markets/kxatpchallengermatch-26apr20mccuch/mccabe-vs-uchida/kxatpchallengermatch-26apr20mccuch-uch,2026-04-27T01:00:00Z,2026-05-05T02:00:00Z,2026-05-05T02:00:00Z
pair-0558,Gwangju: James McCabe vs Kaichi Uchida,sports,1.0,0x45a91001711415fe8602e2592968bdb918427ea804bd92be4720df7e8f935919,atp-mccabe-uchida-2026-04-19,https://polymarket.com/market/atp-mccabe-uchida-2026-04-19,,"[""James McCabe"", ""Kaichi Uchida""]","[""61694057813482594287572927632851761296264124771827183586798369950928145258182"", ""27738366062524673098974477340200972269261969765236016360292439410118593513145""]",James McCabe,KXATPCHALLENGERMATCH-26APR20MCCUCH-MCC,https://kalshi.com/markets/kxatpchallengermatch-26apr20mccuch/mccabe-vs-uchida/kxatpchallengermatch-26apr20mccuch-mcc,2026-04-27T01:00:00Z,2026-05-05T02:00:00Z,2026-05-05T02:00:00Z
pair-0559,Gwangju: James McCabe vs Kaichi Uchida,sports,1.0,0x45a91001711415fe8602e2592968bdb918427ea804bd92be4720df7e8f935919,atp-mccabe-uchida-2026-04-19,https://polymarket.com/market/atp-mccabe-uchida-2026-04-19,,"[""James McCabe"", ""Kaichi Uchida""]","[""61694057813482594287572927632851761296264124771827183586798369950928145258182"", ""27738366062524673098974477340200972269261969765236016360292439410118593513145""]",Kaichi Uchida,KXATPCHALLENGERMATCH-26APR20MCCUCH-UCH,https://kalshi.com/markets/kxatpchallengermatch-26apr20mccuch/mccabe-vs-uchida/kxatpchallengermatch-26apr20mccuch-uch,2026-04-27T01:00:00Z,2026-05-05T02:00:00Z,2026-05-05T02:00:00Z
pair-0560,Gwangju: James McCabe vs Kaichi Uchida,sports,1.0,0x45a91001711415fe8602e2592968bdb918427ea804bd92be4720df7e8f935919,atp-mccabe-uchida-2026-04-19,https://polymarket.com/market/atp-mccabe-uchida-2026-04-19,,"[""James McCabe"", ""Kaichi Uchida""]","[""61694057813482594287572927632851761296264124771827183586798369950928145258182"", ""27738366062524673098974477340200972269261969765236016360292439410118593513145""]",James McCabe,KXATPCHALLENGERMATCH-26APR20MCCUCH-MCC,https://kalshi.com/markets/kxatpchallengermatch-26apr20mccuch/mccabe-vs-uchida/kxatpchallengermatch-26apr20mccuch-mcc,2026-04-27T01:00:00Z,2026-05-05T02:00:00Z,2026-05-05T02:00:00Z
pair-0561,Gwangju: Alex Bolt vs Ilia Simakin,sports,1.0,0xf743001c011ce91856ef3eca6daacbce587a98d88ebbb8669c65437b4e1db06e,atp-bolt-simakin-2026-04-19,https://polymarket.com/market/atp-bolt-simakin-2026-04-19,,"[""Alex Bolt"", ""Ilia Simakin""]","[""54766457820605549228060704403278157859526884613617406823410310032523121050709"", ""113848110479592031259253354608837956257747317426814833913131888568473157087516""]",Ilia Simakin,KXATPCHALLENGERMATCH-26APR20BOLSIM-SIM,https://kalshi.com/markets/kxatpchallengermatch-26apr20bolsim/bolt-vs-simakin/kxatpchallengermatch-26apr20bolsim-sim,2026-04-27T01:00:00Z,2026-05-05T03:10:00Z,2026-05-05T03:10:00Z
pair-0562,Gwangju: Alex Bolt vs Ilia Simakin,sports,1.0,0xf743001c011ce91856ef3eca6daacbce587a98d88ebbb8669c65437b4e1db06e,atp-bolt-simakin-2026-04-19,https://polymarket.com/market/atp-bolt-simakin-2026-04-19,,"[""Alex Bolt"", ""Ilia Simakin""]","[""54766457820605549228060704403278157859526884613617406823410310032523121050709"", ""113848110479592031259253354608837956257747317426814833913131888568473157087516""]",Alex Bolt,KXATPCHALLENGERMATCH-26APR20BOLSIM-BOL,https://kalshi.com/markets/kxatpchallengermatch-26apr20bolsim/bolt-vs-simakin/kxatpchallengermatch-26apr20bolsim-bol,2026-04-27T01:00:00Z,2026-05-05T03:10:00Z,2026-05-05T03:10:00Z
pair-0563,Gwangju: Alex Bolt vs Ilia Simakin,sports,1.0,0xf743001c011ce91856ef3eca6daacbce587a98d88ebbb8669c65437b4e1db06e,atp-bolt-simakin-2026-04-19,https://polymarket.com/market/atp-bolt-simakin-2026-04-19,,"[""Alex Bolt"", ""Ilia Simakin""]","[""54766457820605549228060704403278157859526884613617406823410310032523121050709"", ""113848110479592031259253354608837956257747317426814833913131888568473157087516""]",Ilia Simakin,KXATPCHALLENGERMATCH-26APR20BOLSIM-SIM,https://kalshi.com/markets/kxatpchallengermatch-26apr20bolsim/bolt-vs-simakin/kxatpchallengermatch-26apr20bolsim-sim,2026-04-27T01:00:00Z,2026-05-05T03:10:00Z,2026-05-05T03:10:00Z
pair-0564,Gwangju: Alex Bolt vs Ilia Simakin,sports,1.0,0xf743001c011ce91856ef3eca6daacbce587a98d88ebbb8669c65437b4e1db06e,atp-bolt-simakin-2026-04-19,https://polymarket.com/market/atp-bolt-simakin-2026-04-19,,"[""Alex Bolt"", ""Ilia Simakin""]","[""54766457820605549228060704403278157859526884613617406823410310032523121050709"", ""113848110479592031259253354608837956257747317426814833913131888568473157087516""]",Alex Bolt,KXATPCHALLENGERMATCH-26APR20BOLSIM-BOL,https://kalshi.com/markets/kxatpchallengermatch-26apr20bolsim/bolt-vs-simakin/kxatpchallengermatch-26apr20bolsim-bol,2026-04-27T01:00:00Z,2026-05-05T03:10:00Z,2026-05-05T03:10:00Z
pair-0565,Gwangju: Jason Jung vs Hyeon Chung,sports,1.0,0xf6b1312fa9f4f4a867295636971ad38aa7ebc5810c0fc23d44f71be7a59ff294,atp-jung-chung-2026-04-19,https://polymarket.com/market/atp-jung-chung-2026-04-19,,"[""Jason Jung"", ""Hyeon Chung""]","[""21100649130527926867407915233130546812795499312013844250829520805968966255072"", ""69475774271056502728771278141529741574435159047856155631411239669477977344678""]",Hyeon Chung,KXATPCHALLENGERMATCH-26APR20JUNCHU-CHU,https://kalshi.com/markets/kxatpchallengermatch-26apr20junchu/jung-vs-chung/kxatpchallengermatch-26apr20junchu-chu,2026-04-27T01:00:00Z,2026-05-05T02:00:00Z,2026-05-05T02:00:00Z
pair-0566,Gwangju: Jason Jung vs Hyeon Chung,sports,1.0,0xf6b1312fa9f4f4a867295636971ad38aa7ebc5810c0fc23d44f71be7a59ff294,atp-jung-chung-2026-04-19,https://polymarket.com/market/atp-jung-chung-2026-04-19,,"[""Jason Jung"", ""Hyeon Chung""]","[""21100649130527926867407915233130546812795499312013844250829520805968966255072"", ""69475774271056502728771278141529741574435159047856155631411239669477977344678""]",Jason Jung,KXATPCHALLENGERMATCH-26APR20JUNCHU-JUN,https://kalshi.com/markets/kxatpchallengermatch-26apr20junchu/jung-vs-chung/kxatpchallengermatch-26apr20junchu-jun,2026-04-27T01:00:00Z,2026-05-05T02:00:00Z,2026-05-05T02:00:00Z
pair-0567,Gwangju: Jason Jung vs Hyeon Chung,sports,1.0,0xf6b1312fa9f4f4a867295636971ad38aa7ebc5810c0fc23d44f71be7a59ff294,atp-jung-chung-2026-04-19,https://polymarket.com/market/atp-jung-chung-2026-04-19,,"[""Jason Jung"", ""Hyeon Chung""]","[""21100649130527926867407915233130546812795499312013844250829520805968966255072"", ""69475774271056502728771278141529741574435159047856155631411239669477977344678""]",Hyeon Chung,KXATPCHALLENGERMATCH-26APR20JUNCHU-CHU,https://kalshi.com/markets/kxatpchallengermatch-26apr20junchu/jung-vs-chung/kxatpchallengermatch-26apr20junchu-chu,2026-04-27T01:00:00Z,2026-05-05T02:00:00Z,2026-05-05T02:00:00Z
pair-0568,Gwangju: Jason Jung vs Hyeon Chung,sports,1.0,0xf6b1312fa9f4f4a867295636971ad38aa7ebc5810c0fc23d44f71be7a59ff294,atp-jung-chung-2026-04-19,https://polymarket.com/market/atp-jung-chung-2026-04-19,,"[""Jason Jung"", ""Hyeon Chung""]","[""21100649130527926867407915233130546812795499312013844250829520805968966255072"", ""69475774271056502728771278141529741574435159047856155631411239669477977344678""]",Jason Jung,KXATPCHALLENGERMATCH-26APR20JUNCHU-JUN,https://kalshi.com/markets/kxatpchallengermatch-26apr20junchu/jung-vs-chung/kxatpchallengermatch-26apr20junchu-jun,2026-04-27T01:00:00Z,2026-05-05T02:00:00Z,2026-05-05T02:00:00Z
pair-0569,Shymkent: Timofey Skatov vs Oleg Prihodko,sports,1.0,0xf90001723e3d5f63d9a4964951fa152ff6f3d30354daecf72bda60458639ef7d,atp-skatov-prihodk-2026-04-20,https://polymarket.com/market/atp-skatov-prihodk-2026-04-20,,"[""Timofey Skatov"", ""Oleg Prihodko""]","[""36078793651568683948814310936745742323037250821386225925005655172991947309780"", ""42737504050336030131757147372640216248604000725628618729503757146404250960675""]",Timofey Skatov,KXATPCHALLENGERMATCH-26APR21SKAPRI-SKA,https://kalshi.com/markets/kxatpchallengermatch-26apr21skapri/skatov-vs-prihodko/kxatpchallengermatch-26apr21skapri-ska,2026-04-27T05:00:00Z,2026-05-05T06:10:00Z,2026-05-05T06:10:00Z
pair-0570,Shymkent: Timofey Skatov vs Oleg Prihodko,sports,1.0,0xf90001723e3d5f63d9a4964951fa152ff6f3d30354daecf72bda60458639ef7d,atp-skatov-prihodk-2026-04-20,https://polymarket.com/market/atp-skatov-prihodk-2026-04-20,,"[""Timofey Skatov"", ""Oleg Prihodko""]","[""36078793651568683948814310936745742323037250821386225925005655172991947309780"", ""42737504050336030131757147372640216248604000725628618729503757146404250960675""]",Oleg Prihodko,KXATPCHALLENGERMATCH-26APR21SKAPRI-PRI,https://kalshi.com/markets/kxatpchallengermatch-26apr21skapri/skatov-vs-prihodko/kxatpchallengermatch-26apr21skapri-pri,2026-04-27T05:00:00Z,2026-05-05T06:10:00Z,2026-05-05T06:10:00Z
pair-0571,Shymkent: Timofey Skatov vs Oleg Prihodko,sports,1.0,0xf90001723e3d5f63d9a4964951fa152ff6f3d30354daecf72bda60458639ef7d,atp-skatov-prihodk-2026-04-20,https://polymarket.com/market/atp-skatov-prihodk-2026-04-20,,"[""Timofey Skatov"", ""Oleg Prihodko""]","[""36078793651568683948814310936745742323037250821386225925005655172991947309780"", ""42737504050336030131757147372640216248604000725628618729503757146404250960675""]",Timofey Skatov,KXATPCHALLENGERMATCH-26APR21SKAPRI-SKA,https://kalshi.com/markets/kxatpchallengermatch-26apr21skapri/skatov-vs-prihodko/kxatpchallengermatch-26apr21skapri-ska,2026-04-27T05:00:00Z,2026-05-05T06:10:00Z,2026-05-05T06:10:00Z
pair-0572,Shymkent: Timofey Skatov vs Oleg Prihodko,sports,1.0,0xf90001723e3d5f63d9a4964951fa152ff6f3d30354daecf72bda60458639ef7d,atp-skatov-prihodk-2026-04-20,https://polymarket.com/market/atp-skatov-prihodk-2026-04-20,,"[""Timofey Skatov"", ""Oleg Prihodko""]","[""36078793651568683948814310936745742323037250821386225925005655172991947309780"", ""42737504050336030131757147372640216248604000725628618729503757146404250960675""]",Oleg Prihodko,KXATPCHALLENGERMATCH-26APR21SKAPRI-PRI,https://kalshi.com/markets/kxatpchallengermatch-26apr21skapri/skatov-vs-prihodko/kxatpchallengermatch-26apr21skapri-pri,2026-04-27T05:00:00Z,2026-05-05T06:10:00Z,2026-05-05T06:10:00Z
pair-0573,Shymkent: Ivan Gakhov vs Zangar Nurlanuly,sports,1.0,0xeca1cdb49d114474981efeb3b109668cf6ec33837d9f14f36aa2d8b7680a55f1,atp-gakhov-nurlanu-2026-04-20,https://polymarket.com/market/atp-gakhov-nurlanu-2026-04-20,,"[""Ivan Gakhov"", ""Zangar Nurlanuly""]","[""92425539148127363818842613600189310335510446865927373103803491343144584981653"", ""23499422101448170880503661035146379761974640752567971743010772655785660982991""]",Ivan Gakhov,KXATPCHALLENGERMATCH-26APR21GAKNUR-GAK,https://kalshi.com/markets/kxatpchallengermatch-26apr21gaknur/gakhov-vs-nurlanuly/kxatpchallengermatch-26apr21gaknur-gak,2026-04-27T05:00:00Z,2026-05-05T07:20:00Z,2026-05-05T07:20:00Z
pair-0574,Shymkent: Ivan Gakhov vs Zangar Nurlanuly,sports,1.0,0xeca1cdb49d114474981efeb3b109668cf6ec33837d9f14f36aa2d8b7680a55f1,atp-gakhov-nurlanu-2026-04-20,https://polymarket.com/market/atp-gakhov-nurlanu-2026-04-20,,"[""Ivan Gakhov"", ""Zangar Nurlanuly""]","[""92425539148127363818842613600189310335510446865927373103803491343144584981653"", ""23499422101448170880503661035146379761974640752567971743010772655785660982991""]",Zangar Nurlanuly,KXATPCHALLENGERMATCH-26APR21GAKNUR-NUR,https://kalshi.com/markets/kxatpchallengermatch-26apr21gaknur/gakhov-vs-nurlanuly/kxatpchallengermatch-26apr21gaknur-nur,2026-04-27T05:00:00Z,2026-05-05T07:20:00Z,2026-05-05T07:20:00Z
pair-0575,Shymkent: Radu Albot vs Amir Omarkhanov,sports,1.0,0x7b7c42028af1964524968262fcdb9df96833c9fda5eb9024b00134503f420743,atp-albot-omarkha-2026-04-20,https://polymarket.com/market/atp-albot-omarkha-2026-04-20,,"[""Radu Albot"", ""Amir Omarkhanov""]","[""29186063654373762183807285600928091722825268470851981223957920901150811982238"", ""17018226953788146879567403775896520266642521602353299870480778450579282184590""]",Radu Albot,KXATPCHALLENGERMATCH-26APR21ALBOMA-ALB,https://kalshi.com/markets/kxatpchallengermatch-26apr21alboma/albot-vs-omarkhanov/kxatpchallengermatch-26apr21alboma-alb,2026-04-27T05:00:00Z,2026-05-05T05:00:00Z,2026-05-05T05:00:00Z
pair-0576,Shymkent: Radu Albot vs Amir Omarkhanov,sports,1.0,0x7b7c42028af1964524968262fcdb9df96833c9fda5eb9024b00134503f420743,atp-albot-omarkha-2026-04-20,https://polymarket.com/market/atp-albot-omarkha-2026-04-20,,"[""Radu Albot"", ""Amir Omarkhanov""]","[""29186063654373762183807285600928091722825268470851981223957920901150811982238"", ""17018226953788146879567403775896520266642521602353299870480778450579282184590""]",Amir Omarkhanov,KXATPCHALLENGERMATCH-26APR21ALBOMA-OMA,https://kalshi.com/markets/kxatpchallengermatch-26apr21alboma/albot-vs-omarkhanov/kxatpchallengermatch-26apr21alboma-oma,2026-04-27T05:00:00Z,2026-05-05T05:00:00Z,2026-05-05T05:00:00Z
pair-0577,Shymkent: Radu Albot vs Amir Omarkhanov,sports,1.0,0x7b7c42028af1964524968262fcdb9df96833c9fda5eb9024b00134503f420743,atp-albot-omarkha-2026-04-20,https://polymarket.com/market/atp-albot-omarkha-2026-04-20,,"[""Radu Albot"", ""Amir Omarkhanov""]","[""29186063654373762183807285600928091722825268470851981223957920901150811982238"", ""17018226953788146879567403775896520266642521602353299870480778450579282184590""]",Radu Albot,KXATPCHALLENGERMATCH-26APR21ALBOMA-ALB,https://kalshi.com/markets/kxatpchallengermatch-26apr21alboma/albot-vs-omarkhanov/kxatpchallengermatch-26apr21alboma-alb,2026-04-27T05:00:00Z,2026-05-05T05:00:00Z,2026-05-05T05:00:00Z
pair-0578,Shymkent: Radu Albot vs Amir Omarkhanov,sports,1.0,0x7b7c42028af1964524968262fcdb9df96833c9fda5eb9024b00134503f420743,atp-albot-omarkha-2026-04-20,https://polymarket.com/market/atp-albot-omarkha-2026-04-20,,"[""Radu Albot"", ""Amir Omarkhanov""]","[""29186063654373762183807285600928091722825268470851981223957920901150811982238"", ""17018226953788146879567403775896520266642521602353299870480778450579282184590""]",Amir Omarkhanov,KXATPCHALLENGERMATCH-26APR21ALBOMA-OMA,https://kalshi.com/markets/kxatpchallengermatch-26apr21alboma/albot-vs-omarkhanov/kxatpchallengermatch-26apr21alboma-oma,2026-04-27T05:00:00Z,2026-05-05T05:00:00Z,2026-05-05T05:00:00Z
pair-0579,Shymkent: Dali Blanch vs Denis Yevseyev,sports,1.0,0x9906e84b2d789e19c9f0083ef46f6c015b291b6eec23dee393ef7b81ed5abf46,atp-blan-yevseye-2026-04-20,https://polymarket.com/market/atp-blan-yevseye-2026-04-20,,"[""Dali Blanch"", ""Denis Yevseyev""]","[""33349411064011236280030125030591587836141599293293470928525818026893714563209"", ""65242839574685246852966861334140659718165557628471770331052777569794733431631""]",Denis Yevseyev,KXATPCHALLENGERMATCH-26APR21BLAYEV-YEV,https://kalshi.com/markets/kxatpchallengermatch-26apr21blayev/blanch-vs-yevseyev/kxatpchallengermatch-26apr21blayev-yev,2026-04-27T05:00:00Z,2026-05-05T06:10:00Z,2026-05-05T06:10:00Z
pair-0580,Shymkent: Dali Blanch vs Denis Yevseyev,sports,1.0,0x9906e84b2d789e19c9f0083ef46f6c015b291b6eec23dee393ef7b81ed5abf46,atp-blan-yevseye-2026-04-20,https://polymarket.com/market/atp-blan-yevseye-2026-04-20,,"[""Dali Blanch"", ""Denis Yevseyev""]","[""33349411064011236280030125030591587836141599293293470928525818026893714563209"", ""65242839574685246852966861334140659718165557628471770331052777569794733431631""]",Dali Blanch,KXATPCHALLENGERMATCH-26APR21BLAYEV-BLA,https://kalshi.com/markets/kxatpchallengermatch-26apr21blayev/blanch-vs-yevseyev/kxatpchallengermatch-26apr21blayev-bla,2026-04-27T05:00:00Z,2026-05-05T06:10:00Z,2026-05-05T06:10:00Z
pair-0581,Shymkent: Max Wiskandt vs Mathys Erhard,sports,1.0,0x84cc28423fc5e7b0b5cf07849fd1947c19b8c207672f7453e8692ed5af3690d8,atp-wiskand-erhard-2026-04-20,https://polymarket.com/market/atp-wiskand-erhard-2026-04-20,,"[""Max Wiskandt"", ""Mathys Erhard""]","[""84144507370630369525173791813709570555785594109458516717129952537474267371858"", ""97000299142540730285440013448482740510351495860077904129795302581603079997142""]",Mathys Erhard,KXATPCHALLENGERMATCH-26APR21WISERH-ERH,https://kalshi.com/markets/kxatpchallengermatch-26apr21wiserh/wiskandt-vs-erhard/kxatpchallengermatch-26apr21wiserh-erh,2026-04-27T05:00:00Z,2026-05-05T07:20:00Z,2026-05-05T07:20:00Z
pair-0582,Shymkent: Max Wiskandt vs Mathys Erhard,sports,1.0,0x84cc28423fc5e7b0b5cf07849fd1947c19b8c207672f7453e8692ed5af3690d8,atp-wiskand-erhard-2026-04-20,https://polymarket.com/market/atp-wiskand-erhard-2026-04-20,,"[""Max Wiskandt"", ""Mathys Erhard""]","[""84144507370630369525173791813709570555785594109458516717129952537474267371858"", ""97000299142540730285440013448482740510351495860077904129795302581603079997142""]",Max Wiskandt,KXATPCHALLENGERMATCH-26APR21WISERH-WIS,https://kalshi.com/markets/kxatpchallengermatch-26apr21wiserh/wiskandt-vs-erhard/kxatpchallengermatch-26apr21wiserh-wis,2026-04-27T05:00:00Z,2026-05-05T07:20:00Z,2026-05-05T07:20:00Z
pair-0583,Shymkent: Max Wiskandt vs Mathys Erhard,sports,1.0,0x84cc28423fc5e7b0b5cf07849fd1947c19b8c207672f7453e8692ed5af3690d8,atp-wiskand-erhard-2026-04-20,https://polymarket.com/market/atp-wiskand-erhard-2026-04-20,,"[""Max Wiskandt"", ""Mathys Erhard""]","[""84144507370630369525173791813709570555785594109458516717129952537474267371858"", ""97000299142540730285440013448482740510351495860077904129795302581603079997142""]",Mathys Erhard,KXATPCHALLENGERMATCH-26APR21WISERH-ERH,https://kalshi.com/markets/kxatpchallengermatch-26apr21wiserh/wiskandt-vs-erhard/kxatpchallengermatch-26apr21wiserh-erh,2026-04-27T05:00:00Z,2026-05-05T07:20:00Z,2026-05-05T07:20:00Z
pair-0584,Shymkent: Max Wiskandt vs Mathys Erhard,sports,1.0,0x84cc28423fc5e7b0b5cf07849fd1947c19b8c207672f7453e8692ed5af3690d8,atp-wiskand-erhard-2026-04-20,https://polymarket.com/market/atp-wiskand-erhard-2026-04-20,,"[""Max Wiskandt"", ""Mathys Erhard""]","[""84144507370630369525173791813709570555785594109458516717129952537474267371858"", ""97000299142540730285440013448482740510351495860077904129795302581603079997142""]",Max Wiskandt,KXATPCHALLENGERMATCH-26APR21WISERH-WIS,https://kalshi.com/markets/kxatpchallengermatch-26apr21wiserh/wiskandt-vs-erhard/kxatpchallengermatch-26apr21wiserh-wis,2026-04-27T05:00:00Z,2026-05-05T07:20:00Z,2026-05-05T07:20:00Z
